Cluster,UserID,TraceID,FramesetName,is attempted before,is finished before,is finished this time,# of conseuctive Incorrect,time divided by questions in this session
Credit Seeking,56,trace 0,LanguagesFS,0,FALSE,FALSE,0.8,8.414705882
Credit Seeking,413,trace 1,LanguagesFS,0,FALSE,FALSE,0.555555556,19.12352941
Normal,812,trace 3,LanguagesFS,0,FALSE,TRUE,0,16.28333333
Normal,812,trace 4,GrammarIntroFS,0,FALSE,TRUE,0.060606061,14955.0375
Normal,812,trace 5,RelationsFS,0,FALSE,TRUE,0.181818182,12.00952381
Normal,812,trace 6,EquivFS,0,FALSE,TRUE,0.125,72.74285714
Credit Seeking,812,trace 7,DFAintroFS,0,FALSE,TRUE,0.797752809,6.388636364
Normal,812,trace 8,DFAadvancedFS,0,FALSE,TRUE,0,15.43333333
Credit Seeking,812,trace 9,NFAFS,0,FALSE,TRUE,0.34375,59.49032258
Normal,812,trace 10,NFAequivFS,0,FALSE,TRUE,0.2,13.3
Normal,812,trace 11,NFA2DFAlargeExFS,0,FALSE,TRUE,0,12.36470588
Normal,812,trace 12,DFAMinFS,0,FALSE,TRUE,0.05,32.37894737
Normal,812,trace 13,DFAMinEx1FS,0,FALSE,TRUE,0,27.1826087
Normal,812,trace 14,DFAMinEx2FS,0,TRUE,TRUE,0,39.00740741
Credit Seeking,812,trace 15,NFAequivFS,1,TRUE,TRUE,0.555555556,1.275
Credit Seeking,812,trace 16,RegExFS,0,FALSE,FALSE,0.3125,21.67333333
Normal,812,trace 17,LanguagesFS,1,TRUE,TRUE,0,16.08571429
Normal,812,trace 18,GrammarIntroFS,1,FALSE,FALSE,0,16.23333333
Credit Seeking,812,trace 19,SetDefFS,0,FALSE,TRUE,0.541666667,5.139130435
Credit Seeking,812,trace 21,RelationsFS,1,TRUE,TRUE,0.35,22.22105263
Normal,812,trace 22,DFAintroFS,1,FALSE,FALSE,0,71.85
Normal,812,trace 23,ContextFreeLanguagesFF,0,FALSE,TRUE,0.214285714,7.346341463
Normal,812,trace 24,LeftLinearGrammarFF,0,FALSE,TRUE,0.195652174,72.22444444
Normal,812,trace 28,GrammarsForDCFLFF,0,FALSE,TRUE,0.076923077,24.01666667
Credit Seeking,812,trace 29,DPDAFF,0,FALSE,FALSE,0.6875,38373.64839
Credit Seeking,812,trace 30,TMGeneralModel,0,FALSE,FALSE,0.283018868,39.61730769
Normal,812,trace 31,PairToSortCONPI,0,FALSE,TRUE,0.157894737,50.9
Normal,812,trace 32,LowerBound,0,FALSE,FALSE,0,36.02
Normal,812,trace 33,TwoMulExample,0,FALSE,FALSE,0,31.55454545
Credit Seeking,812,trace 34,TravelSalesman,0,FALSE,FALSE,0.333333333,3.04
Credit Seeking,812,trace 35,KClique,0,FALSE,FALSE,0.6,12.23333333
Normal,812,trace 36,SATProof,0,FALSE,FALSE,0,3.525
Normal,812,trace 37,NFAequivFS,1,TRUE,TRUE,0.2,1.05
Credit Seeking,812,trace 38,RegExFS,1,FALSE,FALSE,0.711111111,5.140909091
Normal,812,trace 39,CFGDerivationsFF,0,FALSE,TRUE,0.111111111,7.341935484
Normal,812,trace 40,DerivationTreesFF,0,FALSE,TRUE,0,4.585714286
Credit Seeking,812,trace 41,MembershipProblemFF,0,FALSE,TRUE,0.418604651,4.457142857
Normal,812,trace 42,AmbiguityFF,0,FALSE,TRUE,0.1875,2.909677419
Normal,812,trace 43,TransformGrammarsFF,0,FALSE,TRUE,0.05,2.261538462
Credit Seeking,812,trace 45,RemoveUnitFF,0,FALSE,FALSE,0.760869565,6.156043956
Credit Seeking,812,trace 46,SetNotationFS,0,FALSE,TRUE,0.333333333,4.163636364
Normal,812,trace 47,NFAequivFS,1,TRUE,TRUE,0,0.1
Credit Seeking,812,trace 48,RegExFS,1,FALSE,TRUE,0.605263158,5.491891892
Normal,812,trace 49,RegEx2NFA1FS,0,FALSE,TRUE,0,1.933333333
Normal,812,trace 50,RegEx2NFAorFS,0,FALSE,TRUE,0,1.933333333
Normal,812,trace 51,RegEx2NFAcatFS,0,FALSE,TRUE,0.15,1.642105263
Normal,812,trace 52,RegEx2NFAstarFS,0,FALSE,TRUE,0.214285714,1.630769231
Normal,812,trace 53,RegEXtoNFAExampleFF,0,FALSE,TRUE,0.166666667,3.6
Normal,812,trace 54,ConvertRLREFF,0,FALSE,TRUE,0,2.00952381
Credit Seeking,812,trace 55,RegularGrammarFF,0,FALSE,FALSE,0.951612903,1.445901639
Credit Seeking,812,trace 56,NFAToREFF,0,FALSE,FALSE,0.5,2.82
Normal,812,trace 57,RegularGrammarFF,1,FALSE,TRUE,0.25,4.22962963
Normal,812,trace 58,NFAToREFF,1,FALSE,TRUE,0.058823529,4.6375
Normal,812,trace 59,REtoFAExampleFF,0,FALSE,TRUE,0,3.688888889
Normal,812,trace 60,RightLinearRGFF,0,FALSE,TRUE,0.16,2.425
Normal,812,trace 61,NFAToReExampleFF,0,FALSE,TRUE,0.117647059,2.95
Credit Seeking,812,trace 62,RegEXtoRegGrammarFF,0,FALSE,TRUE,0.467741935,747.3147541
Normal,812,trace 63,RegEXtoLeftRegGrammarFF,0,FALSE,TRUE,0.078947368,3.572972973
Normal,812,trace 64,STA,0,FALSE,TRUE,0.076923077,2.35
Normal,812,trace 65,ClosureConceptFF,0,FALSE,TRUE,0,3.654545455
Normal,812,trace 66,ClosureRegularLangFF,0,FALSE,TRUE,0.105263158,3.233333333
Credit Seeking,812,trace 67,RegularLangClosedInterFF,0,FALSE,TRUE,0.342857143,2.64057971
Credit Seeking,812,trace 68,RightQuotientFF,0,FALSE,TRUE,0.72027972,3.318309859
Normal,812,trace 69,HomomorphismFF,0,FALSE,TRUE,0,5.42
Normal,812,trace 70,introToNonRegularFF,0,FALSE,TRUE,0.052631579,2.677777778
Normal,812,trace 71,introToPumpingFF,0,FALSE,TRUE,0.25,2.115789474
Normal,812,trace 72,PLExample1FF,0,FALSE,TRUE,0.153846154,3.258823529
Normal,812,trace 73,PLExample2FF,0,FALSE,TRUE,0.212765957,2.22173913
Normal,812,trace 74,PLExample3FF,0,FALSE,TRUE,0.073170732,2.155
Normal,812,trace 75,PLExample4FF,0,FALSE,TRUE,0.146341463,1.98
Normal,812,trace 76,PLExample5FF,0,FALSE,TRUE,0.125,2.425806452
Normal,812,trace 77,PLExample6FF,0,FALSE,TRUE,0.155555556,2.186363636
Credit Seeking,812,trace 78,ClosurePropertiesFF,0,FALSE,TRUE,0.3,3.022222222
Normal,812,trace 79,ClosurePropertiesExample1FF,0,FALSE,TRUE,0.25,1.88
Normal,812,trace 80,ClosurePropertiesExample2FF,0,FALSE,TRUE,0.090909091,1.62
Normal,812,trace 81,ClosurePropertiesExample3FF,0,FALSE,TRUE,0,1.72
Credit Seeking,812,trace 82,RemoveUselessFF,0,FALSE,TRUE,0.333333333,4.833962264
Normal,812,trace 83,RemoveLambdaFF,0,FALSE,TRUE,0,5.344444444
Credit Seeking,812,trace 84,RemoveUnitFF,1,FALSE,TRUE,0.636363636,4.059259259
Normal,812,trace 85,ChomskyNormalFormFF,0,FALSE,TRUE,0,2.423529412
Normal,812,trace 86,GreibachNormalFormFF,0,FALSE,TRUE,0.171428571,3.241176471
Credit Seeking,812,trace 87,PDA,0,FALSE,TRUE,0.651162791,4.6
Normal,812,trace 88,PDATransitionsFF,0,FALSE,TRUE,0.115384615,1.888
Normal,812,trace 89,PDAAcceptanceFF,0,FALSE,TRUE,0.150943396,3.6
Normal,812,trace 90,PDAEmptyStackAcceptanceFF,0,FALSE,TRUE,0.108695652,3.626666667
Normal,812,trace 91,PDAAcceptanceEquivalenceFF,0,FALSE,TRUE,0,2.226086957
Credit Seeking,812,trace 92,PDACFLFF,0,FALSE,TRUE,0.355555556,2.496629213
Normal,812,trace 93,DPDAFF,1,FALSE,TRUE,0.117647059,1.825
Normal,812,trace 94,NCFLProofFF,0,FALSE,TRUE,0,1.938461538
Normal,812,trace 95,NCFLversusDCFLFF,0,FALSE,TRUE,0,1.62
Normal,812,trace 96,CFLClosurePropertiesFF,0,FALSE,TRUE,0.035714286,2.22962963
Normal,812,trace 97,CFLPumpingLemmaFF,0,FALSE,TRUE,0.074074074,1.7
Credit Seeking,812,trace 98,CFLPumpingLemmaExample1FF,0,FALSE,TRUE,0.556701031,2.679166667
Normal,812,trace 99,CFLPumpingLemmaExample2FF,0,FALSE,FALSE,0.176470588,2.242
Normal,812,trace 100,CFLPumpingLemmaExample3FF,0,FALSE,TRUE,0.136363636,2.260465116
Normal,812,trace 101,CFLPumpingLemmaExample4FF,0,FALSE,TRUE,0.183098592,2.102857143
Credit Seeking,812,trace 102,CFLPumpingLemmaExample5FF,0,FALSE,TRUE,0.692307692,3.84047619
Normal,812,trace 103,TMGeneralModel,1,FALSE,TRUE,0.225,2.235897436
Credit Seeking,812,trace 104,TMInterpreting,0,FALSE,TRUE,0.30952381,2.102439024
Normal,812,trace 105,TMDecidableVSAcceptable,0,FALSE,TRUE,0.235294118,2.0125
Normal,812,trace 106,TMComplicatedMachine3,0,FALSE,TRUE,0,2.216666667
Normal,812,trace 107,TwoMulExample,1,FALSE,TRUE,0,1.533333333
Normal,812,trace 108,TravelSalesman,1,FALSE,TRUE,0,2.431578947
Normal,812,trace 109,KClique,1,FALSE,TRUE,0.1,2.133333333
Normal,812,trace 110,SATProof,1,FALSE,TRUE,0,3.775
Normal,812,trace 111,NPCCoping,0,FALSE,TRUE,0.0625,2.546666667
Normal,812,trace 112,UnsolveableProblems1,0,FALSE,TRUE,0.083333333,2.654545455
Normal,812,trace 113,UnsolveableProblems2,0,FALSE,TRUE,0,2.15
Normal,1270,trace 114,SATProof,0,FALSE,TRUE,0.083333333,3.654545455
Normal,1270,trace 116,EquivFS,0,FALSE,FALSE,0,2.05
Normal,1270,trace 117,RelationsFS,0,FALSE,FALSE,0.266666667,21.22142857
Normal,1270,trace 118,SetDefFS,0,FALSE,FALSE,0.25,1.4
Normal,1270,trace 120,GrammarIntroFS,0,FALSE,FALSE,0,9.157142857
Normal,1270,trace 121,LanguagesFS,0,FALSE,FALSE,0,2.033333333
Normal,1270,trace 123,DFAintroFS,0,FALSE,FALSE,0,10.01666667
Normal,1270,trace 124,RelationsFS,1,FALSE,FALSE,0,5.525
Normal,1270,trace 125,EquivFS,1,FALSE,FALSE,0,3.62
Normal,1270,trace 126,RegularGrammarFF,0,FALSE,FALSE,0,5.033333333
Normal,1270,trace 127,CFLPumpingLemmaExample2FF,0,FALSE,TRUE,0.078947368,12.19459459
Normal,1270,trace 129,NFAToReExampleFF,0,FALSE,FALSE,0,7.55
Normal,1270,trace 130,NFAequivFS,0,FALSE,TRUE,0,0.1
Normal,1270,trace 131,NFA2DFAlargeExFS,0,FALSE,TRUE,0,17.45555556
Normal,1270,trace 132,NFAFS,0,FALSE,FALSE,0,20.675
Normal,1270,trace 133,SetNotationFS,0,FALSE,FALSE,0,1.7
Credit Seeking,2075,trace 134,LanguagesFS,0,FALSE,TRUE,0.664179104,8.47518797
Normal,2075,trace 135,GrammarIntroFS,0,FALSE,FALSE,0.25,1.366666667
Normal,2075,trace 136,LanguagesFS,1,TRUE,TRUE,0,0.1
Normal,2075,trace 137,TMComplicatedMachine3,0,FALSE,TRUE,0,10.63703704
Credit Seeking,2075,trace 138,PDAAcceptanceFF,0,FALSE,FALSE,0.738095238,0.76097561
Credit Seeking,2075,trace 140,LowerBound,0,TRUE,TRUE,0.52,1.883333333
Credit Seeking,2075,trace 141,TravelSalesman,0,FALSE,FALSE,0.628571429,1.620588235
Credit Seeking,2075,trace 142,EquivFS,0,FALSE,TRUE,0.4,2.942857143
Credit Seeking,2075,trace 143,RelationsFS,0,FALSE,TRUE,0.797752809,2.263636364
Normal,2075,trace 144,DerivationTreesFF,0,FALSE,FALSE,0,1.05
Credit Seeking,2116,trace 145,RegularGrammarFF,0,FALSE,FALSE,0.642857143,10.63076923
Normal,2116,trace 146,MajorConceptsFF,0,FALSE,TRUE,0.12244898,16.4
Normal,2116,trace 147,GrammarIntroFF,0,FALSE,FALSE,0,45.35882353
Credit Seeking,2116,trace 149,GrammarIntroFF,1,FALSE,TRUE,0.472222222,4.977142857
Credit Seeking,2116,trace 150,RegularGrammarFF,1,FALSE,TRUE,0.296296296,42.93076923
Normal,2116,trace 151,NFAToREFF,0,FALSE,TRUE,0.15,12.06315789
Normal,2116,trace 152,REtoFAExampleFF,0,FALSE,TRUE,0,19.8
Normal,2116,trace 153,RightLinearRGFF,0,FALSE,TRUE,0,7.3
Normal,2116,trace 154,NFAToReExampleFF,0,FALSE,TRUE,0,5.381818182
Normal,2116,trace 155,LeftLinearGrammarFF,0,FALSE,TRUE,0.060606061,12.475
Normal,2116,trace 157,PLExample1FF,0,FALSE,FALSE,0,5.2625
Normal,2116,trace 158,HomomorphismFF,0,FALSE,TRUE,0,43.68888889
Normal,2116,trace 159,MajorConceptsFF,1,FALSE,FALSE,0,2395.62
Normal,2116,trace 160,SetDefFF,0,FALSE,FALSE,0,4.366666667
Normal,2116,trace 161,NFA2DFAFrames,0,FALSE,FALSE,0,0.1
Normal,2116,trace 162,NFA,0,FALSE,TRUE,0.038461538,11.208
Normal,2116,trace 163,NFA2DFAFrames,1,FALSE,TRUE,0.043478261,40.37272727
Normal,2116,trace 164,NFAtoDFAFF,0,FALSE,TRUE,0,18.7
Normal,2116,trace 165,NFA2DFAFrames,1,FALSE,FALSE,0,30.05
Normal,2116,trace 166,DFAMinimizationFF,0,FALSE,TRUE,0.0625,32.55483871
Normal,2116,trace 167,MinimizationWithQuestionsFF,0,FALSE,TRUE,0,9.92173913
Normal,2116,trace 168,MinimizationWithQuestions2FF,0,FALSE,TRUE,0,11.52413793
Credit Seeking,2116,trace 169,RegularExpressionsFF,0,FALSE,TRUE,0.340909091,40.65581395
Credit Seeking,2116,trace 170,RegEXandRegLangFF,0,FALSE,FALSE,0.52173913,286.2318182
Normal,2116,trace 173,RemoveUselessFF,0,FALSE,FALSE,0.206896552,13.29285714
Normal,2116,trace 174,PDAAcceptanceFF,0,FALSE,FALSE,0.181818182,6.41
Normal,2116,trace 175,PDAAcceptanceEquivalenceFF,0,FALSE,TRUE,0,21.71
Normal,2116,trace 176,TMGeneralModel,0,FALSE,TRUE,0.031746032,35.06774194
Normal,2116,trace 177,TMInterpreting,0,FALSE,FALSE,0,51.8875
Normal,2116,trace 178,PDA,0,TRUE,TRUE,0.235294118,9.278787879
Normal,2116,trace 179,PDATransitionsFF,0,FALSE,TRUE,0.043478261,73.45909091
Normal,2116,trace 181,PairToSortCONPI,0,FALSE,TRUE,0.117647059,130.2625
Normal,2116,trace 182,LowerBound,0,FALSE,TRUE,0.1,55.8
Normal,2116,trace 183,TwoMulExample,0,FALSE,TRUE,0,357.7833333
Normal,3041,trace 184,LanguagesFS,0,FALSE,TRUE,0.194444444,146.7478873
Credit Seeking,3041,trace 185,DFAintroFS,0,FALSE,FALSE,0.890410959,13.78055556
Credit Seeking,3041,trace 186,RegExFS,0,FALSE,FALSE,0.776223776,11.79014085
Normal,3041,trace 187,RegEx2NFAstarFS,0,FALSE,FALSE,0,7.7
Normal,3041,trace 189,RegExFS,1,FALSE,TRUE,0,3.05
Normal,3041,trace 190,RegEx2NFA1FS,0,FALSE,TRUE,0,49.92727273
Normal,3041,trace 191,RegEx2NFAorFS,0,FALSE,FALSE,0,12.03333333
Credit Seeking,3041,trace 192,RegEx2NFAstarFS,1,FALSE,FALSE,0.625,1.028571429
Normal,3041,trace 193,GrammarIntroFS,0,FALSE,TRUE,0.153846154,56.08421053
Credit Seeking,3041,trace 194,SetDefFS,0,FALSE,TRUE,0.428571429,28.01538462
Credit Seeking,3041,trace 195,SetNotationFS,0,FALSE,TRUE,0.369565217,27.56
Normal,3041,trace 196,RelationsFS,0,FALSE,FALSE,0,2.05
Normal,3041,trace 197,EquivFS,0,FALSE,TRUE,0,26.86666667
Normal,3041,trace 199,DFAintroFS,1,FALSE,TRUE,0.058823529,17.95
Normal,3041,trace 200,DFAadvancedFS,0,FALSE,TRUE,0.055555556,57.89411765
Credit Seeking,3041,trace 201,NFAFS,0,FALSE,FALSE,0.392857143,124.562963
Normal,3041,trace 202,NFAequivFS,0,FALSE,TRUE,0,0.1
Credit Seeking,3041,trace 203,NFAFS,1,FALSE,TRUE,0.898305085,86.4862069
Normal,3041,trace 204,NFAequivFS,1,TRUE,TRUE,0,1.4
Credit Seeking,3041,trace 205,NFA2DFAlargeExFS,0,FALSE,TRUE,0.305555556,61.80571429
Normal,3063,trace 206,RemoveUnitFF,0,FALSE,FALSE,0,83.36666667
Normal,3063,trace 207,RemoveUselessFF,0,FALSE,FALSE,0,2.033333333
Credit Seeking,3063,trace 208,ChomskyNormalFormFF,0,FALSE,FALSE,0.5,2.24
Normal,3063,trace 209,UnsolveableProblems2,0,FALSE,FALSE,0,19.42
Normal,3415,trace 210,RegularExpressionsFF,0,FALSE,FALSE,0,37.42
Credit Seeking,3415,trace 211,RegularGrammarFF,0,FALSE,TRUE,0.555555556,7.140909091
Normal,3415,trace 212,NFAToREFF,0,FALSE,TRUE,0.058823529,14.95
Normal,3415,trace 213,REtoFAExampleFF,0,FALSE,TRUE,0,4.775
Normal,3415,trace 214,RightLinearRGFF,0,FALSE,TRUE,0,52.09230769
Normal,3415,trace 215,NFAToReExampleFF,0,FALSE,TRUE,0.076923077,9.35
Normal,3415,trace 216,LeftLinearGrammarFF,0,FALSE,TRUE,0.032258065,14.90666667
Normal,3415,trace 217,RegEXtoRegGrammarFF,0,FALSE,TRUE,0.04,19.88333333
Normal,3415,trace 218,RegEXtoLeftRegGrammarFF,0,FALSE,TRUE,0,24.53043478
Normal,3415,trace 219,STA,0,FALSE,TRUE,0,13.72
Normal,3415,trace 220,ClosureConceptFF,0,FALSE,TRUE,0.076923077,4.766666667
Normal,3415,trace 221,ClosureRegularLangFF,0,FALSE,TRUE,0.181818182,24.1047619
Normal,3415,trace 222,RegularLangClosedInterFF,0,FALSE,TRUE,0,18.07857143
Normal,3415,trace 223,RightQuotientFF,0,TRUE,TRUE,0,14.67272727
Normal,3415,trace 224,HomomorphismFF,0,FALSE,TRUE,0,17.8
Normal,3415,trace 225,introToNonRegularFF,0,FALSE,TRUE,0,10.34666667
Normal,3415,trace 226,introToPumpingFF,0,FALSE,TRUE,0,12.275
Normal,3415,trace 227,PLExample1FF,0,FALSE,TRUE,0.057692308,12.43529412
Normal,3415,trace 228,PLExample2FF,0,FALSE,TRUE,0,27.128
Normal,3415,trace 229,PLExample3FF,0,FALSE,TRUE,0,14.48888889
Normal,3415,trace 230,ClosurePropertiesFF,0,FALSE,TRUE,0,4.8
Normal,3415,trace 231,ClosurePropertiesExample1FF,0,FALSE,TRUE,0,6.62
Normal,3415,trace 232,ClosurePropertiesExample2FF,0,FALSE,TRUE,0,5.885714286
Normal,3415,trace 233,PDA,0,FALSE,TRUE,0.263157895,7.677777778
Normal,3415,trace 234,PDATransitionsFF,0,FALSE,TRUE,0,22.68
Normal,3415,trace 235,PDAAcceptanceFF,0,FALSE,TRUE,0.05,20.56923077
Normal,3415,trace 236,PDAEmptyStackAcceptanceFF,0,FALSE,TRUE,0,14.41764706
Credit Seeking,3415,trace 237,PDAAcceptanceEquivalenceFF,0,FALSE,FALSE,0.368421053,7.288888889
Normal,3415,trace 238,PDACFLFF,0,FALSE,FALSE,0.15,12.36153846
Normal,3415,trace 239,RemoveUselessFF,0,FALSE,TRUE,0.222222222,15.29142857
Normal,3415,trace 240,ChomskyNormalFormFF,0,FALSE,TRUE,0,8.728571429
Normal,3415,trace 241,GreibachNormalFormFF,0,FALSE,TRUE,0.184210526,14.24864865
Normal,3415,trace 242,RemoveUnitFF,0,FALSE,TRUE,0.083333333,8.377142857
Normal,3415,trace 243,GreibachNormalFormFF,1,FALSE,FALSE,0,5.366666667
Normal,3415,trace 244,CFLPumpingLemmaFF,0,FALSE,TRUE,0,49.67777778
Normal,3415,trace 245,CFLPumpingLemmaExample1FF,0,FALSE,TRUE,0,17.00645161
Normal,3415,trace 247,TMGeneralModel,0,FALSE,TRUE,0.131147541,15.93666667
Normal,3415,trace 248,TMInterpreting,0,FALSE,FALSE,0,775.3416667
Normal,3415,trace 249,PairToSortCONPI,0,FALSE,TRUE,0.043478261,49730.55455
Credit Seeking,3415,trace 250,LowerBound,0,FALSE,TRUE,0.285714286,37.86153846
Normal,3415,trace 251,TwoMulExample,0,FALSE,TRUE,0,17.88
Normal,3415,trace 252,TravelSalesman,0,FALSE,TRUE,0,16.51111111
Normal,3415,trace 253,KClique,0,FALSE,TRUE,0,20.91111111
Normal,3415,trace 254,SATProof,0,FALSE,TRUE,0.090909091,129.22
Normal,3415,trace 255,NPCCoping,0,FALSE,TRUE,0,21.68333333
Normal,3415,trace 256,SATProof,1,FALSE,FALSE,0,11.87142857
Normal,3415,trace 257,PairToSortCONPI,1,FALSE,FALSE,0,22.62
Normal,3415,trace 258,LowerBound,1,TRUE,TRUE,0,3.3
Normal,3415,trace 259,TravelSalesman,1,TRUE,TRUE,0,414.05
Normal,3415,trace 260,UnsolveableProblems1,0,FALSE,TRUE,0.090909091,37.32
Normal,3415,trace 261,UnsolveableProblems2,0,FALSE,TRUE,0,74.31428571
Normal,3562,trace 262,MajorConceptsFF,0,FALSE,FALSE,0,5.385714286
Normal,3562,trace 263,RegularExpressionsFF,0,FALSE,TRUE,0.1875,10.00645161
Normal,3562,trace 264,RegEXandRegLangFF,0,TRUE,TRUE,0.052631579,3.066666667
Normal,3562,trace 265,RegEXandRegLangORFF,0,FALSE,TRUE,0,2.371428571
Normal,3562,trace 266,RegEXandRegLangConcatFF,0,FALSE,TRUE,0.076923077,3.766666667
Normal,3562,trace 267,RegEXandRegLangStarFF,0,TRUE,TRUE,0,3.22
Normal,3562,trace 268,RegEXtoNFAExampleFF,0,FALSE,TRUE,0.235294118,4.575
Normal,3562,trace 269,ConvertRLREFF,0,FALSE,FALSE,0,5.221428571
Credit Seeking,3562,trace 270,RegularGrammarFF,0,FALSE,TRUE,0.303030303,5.56875
Normal,3562,trace 271,NFAToREFF,0,FALSE,TRUE,0.058823529,5.325
Normal,3562,trace 272,REtoFAExampleFF,0,TRUE,TRUE,0,5.52
Normal,3562,trace 273,RightLinearRGFF,0,FALSE,TRUE,0.0625,4.413333333
Credit Seeking,3562,trace 274,NFAToReExampleFF,0,FALSE,FALSE,0.458333333,4.965217391
Normal,3562,trace 275,LeftLinearGrammarFF,0,FALSE,TRUE,0.102564103,59.42631579
Normal,3562,trace 276,RegEXtoRegGrammarFF,0,FALSE,TRUE,0.216216216,6.783333333
Normal,3562,trace 277,RegEXtoLeftRegGrammarFF,0,FALSE,TRUE,0,5.258333333
Normal,3562,trace 278,STA,0,FALSE,TRUE,0,2.457142857
Normal,3562,trace 279,ClosureConceptFF,0,FALSE,TRUE,0.1,2.688888889
Normal,3562,trace 280,ClosureRegularLangFF,0,FALSE,TRUE,0,2.745454545
Credit Seeking,3562,trace 281,RegularLangClosedInterFF,0,FALSE,FALSE,0.285714286,2.679411765
Normal,3562,trace 282,RightQuotientFF,0,FALSE,TRUE,0.216216216,4.505555556
Normal,3562,trace 283,HomomorphismFF,0,FALSE,TRUE,0,2.028571429
Normal,3562,trace 284,introToNonRegularFF,0,FALSE,FALSE,0,4.0125
Normal,3562,trace 285,introToPumpingFF,0,FALSE,FALSE,0.25,2.728571429
Normal,3562,trace 286,PLExample1FF,0,FALSE,TRUE,0.12,4.341666667
Normal,3562,trace 287,PLExample2FF,0,FALSE,TRUE,0,4.3875
Normal,3562,trace 288,PLExample3FF,0,FALSE,TRUE,0,3.658823529
Normal,3562,trace 289,PLExample4FF,0,FALSE,FALSE,0.0625,3.473333333
Normal,3562,trace 290,PLExample5FF,0,FALSE,FALSE,0.142857143,2.930769231
Normal,3562,trace 291,PLExample6FF,0,FALSE,FALSE,0,3.19375
Credit Seeking,3562,trace 293,ClosurePropertiesExample1FF,0,FALSE,TRUE,0.333333333,1.745454545
Normal,3562,trace 294,ClosurePropertiesExample2FF,0,FALSE,TRUE,0,1.64
Normal,3562,trace 295,ClosurePropertiesExample3FF,0,FALSE,TRUE,0,1.84
Normal,3562,trace 296,introToNonRegularFF,1,FALSE,TRUE,0,0.1
Normal,3562,trace 297,ContextFreeLanguagesFF,0,FALSE,TRUE,0.037037037,8.584615385
Normal,3562,trace 298,CFGDerivationsFF,0,FALSE,TRUE,0.055555556,6.691428571
Normal,3562,trace 299,DerivationTreesFF,0,FALSE,TRUE,0,4.02
Credit Seeking,3562,trace 300,MembershipProblemFF,0,FALSE,TRUE,0.310344828,7.757142857
Normal,3562,trace 301,AmbiguityFF,0,FALSE,TRUE,0,3.5125
Normal,3562,trace 302,TransformGrammarsFF,0,FALSE,FALSE,0,3.358823529
Credit Seeking,3562,trace 303,RemoveUselessFF,0,FALSE,TRUE,0.375,5.748717949
Normal,3562,trace 304,RemoveLambdaFF,0,FALSE,FALSE,0.214285714,3.161538462
Normal,3562,trace 305,RemoveUnitFF,0,FALSE,FALSE,0.214285714,6.781481481
Normal,3562,trace 306,ChomskyNormalFormFF,0,FALSE,TRUE,0,4.290909091
Normal,3562,trace 307,GreibachNormalFormFF,0,FALSE,FALSE,0.130434783,2.913636364
Normal,3562,trace 308,PDA,0,FALSE,TRUE,0,2.314285714
Normal,3562,trace 309,PDATransitionsFF,0,FALSE,FALSE,0,3.009090909
Normal,3562,trace 310,PDAAcceptanceFF,0,FALSE,TRUE,0.090909091,4.9125
Normal,3562,trace 311,PDAEmptyStackAcceptanceFF,0,FALSE,FALSE,0.129032258,2.636666667
Normal,3562,trace 312,PDAAcceptanceEquivalenceFF,0,FALSE,TRUE,0.192307692,3.848
Credit Seeking,3562,trace 313,PDACFLFF,0,FALSE,TRUE,0.389830508,2.606896552
Normal,3562,trace 314,DPDAFF,0,FALSE,FALSE,0.071428571,2.776923077
Normal,3562,trace 315,NCFLProofFF,0,FALSE,FALSE,0,2.525
Normal,3562,trace 316,NCFLversusDCFLFF,0,FALSE,FALSE,0,2.275
Normal,3562,trace 317,GrammarsForDCFLFF,0,FALSE,TRUE,0.2,2.085714286
Normal,3562,trace 318,PDACFLFF,1,FALSE,FALSE,0.090909091,37.11
Normal,3562,trace 319,PDAAcceptanceEquivalenceFF,1,FALSE,FALSE,0.25,1.066666667
Normal,3562,trace 320,CFLClosurePropertiesFF,0,FALSE,FALSE,0,2.05
Normal,3562,trace 321,TMGeneralModel,0,FALSE,TRUE,0.121621622,6.523287671
Normal,3562,trace 322,TMInterpreting,0,FALSE,TRUE,0.096774194,4.84
Normal,3562,trace 323,TMDecidableVSAcceptable,0,FALSE,TRUE,0.117647059,2.7
Credit Seeking,3562,trace 324,DPDAFF,1,FALSE,TRUE,0.588235294,1.075
Normal,3562,trace 325,NCFLProofFF,1,FALSE,TRUE,0,0.1
Normal,3562,trace 326,PairToSortCONPI,0,FALSE,TRUE,0.052631579,5.455555556
Normal,3562,trace 327,LowerBound,0,FALSE,TRUE,0.1,14.91111111
Normal,3562,trace 328,TwoMulExample,0,FALSE,TRUE,0.055555556,3.129411765
Normal,3562,trace 329,TravelSalesman,0,FALSE,TRUE,0.12,8.508333333
Normal,3562,trace 330,KClique,0,FALSE,TRUE,0.153846154,16.76666667
Normal,3562,trace 331,SATProof,0,FALSE,TRUE,0,3.290909091
Credit Seeking,3562,trace 332,NPCCoping,0,FALSE,TRUE,0.315789474,7.622222222
Normal,3562,trace 333,UnsolveableProblems1,0,FALSE,TRUE,0,9.745454545
Normal,3562,trace 334,UnsolveableProblems2,0,FALSE,TRUE,0,2.577777778
Credit Seeking,4592,trace 335,RegularExpressionsFF,0,FALSE,TRUE,0.325581395,19.98095238
Normal,4592,trace 336,RegEXandRegLangFF,0,FALSE,TRUE,0.047619048,11.66
Normal,4592,trace 337,RegEXandRegLangORFF,0,FALSE,TRUE,0,12.51666667
Normal,4592,trace 338,RegEXandRegLangConcatFF,0,FALSE,TRUE,0.066666667,10.22857143
Normal,4592,trace 339,RegEXandRegLangStarFF,0,FALSE,TRUE,0,9.02
Normal,4592,trace 340,RegEXtoNFAExampleFF,0,FALSE,TRUE,0.272727273,10.2
Normal,4592,trace 341,ConvertRLREFF,0,FALSE,TRUE,0,17.18823529
Credit Seeking,4592,trace 342,RegularGrammarFF,0,FALSE,TRUE,0.690140845,9.345714286
Normal,4592,trace 343,NFAToREFF,0,FALSE,TRUE,0,16.67777778
Normal,4592,trace 344,REtoFAExampleFF,0,FALSE,TRUE,0,5.275
Normal,4592,trace 345,RightLinearRGFF,0,TRUE,TRUE,0,6.413333333
Normal,4592,trace 346,NFAToReExampleFF,0,FALSE,TRUE,0.2,6.585714286
Normal,4592,trace 347,LeftLinearGrammarFF,0,FALSE,TRUE,0,16.36969697
Credit Seeking,4592,trace 348,RegEXtoRegGrammarFF,0,FALSE,TRUE,0.482142857,12.94909091
Normal,4592,trace 349,RegEXtoLeftRegGrammarFF,0,FALSE,TRUE,0.117647059,14.82424242
Normal,4592,trace 350,STA,0,FALSE,TRUE,0,9.2
Normal,4592,trace 351,ClosureConceptFF,0,FALSE,TRUE,0,8.12
Normal,4592,trace 352,ClosureRegularLangFF,0,FALSE,TRUE,0.208333333,33.96521739
Normal,4592,trace 353,RegularLangClosedInterFF,0,FALSE,TRUE,0,10.21818182
Normal,4592,trace 354,RightQuotientFF,0,FALSE,TRUE,0.054054054,401.1166667
Normal,4592,trace 355,HomomorphismFF,0,FALSE,TRUE,0,9.022222222
Normal,4592,trace 356,introToNonRegularFF,0,FALSE,TRUE,0,8.08
Normal,4592,trace 357,introToPumpingFF,0,FALSE,TRUE,0,6.688888889
Normal,4592,trace 358,PLExample1FF,0,FALSE,FALSE,0,14.83888889
Normal,4592,trace 359,ClosurePropertiesFF,0,FALSE,FALSE,0,4.7
Normal,4592,trace 360,PLExample1FF,1,FALSE,TRUE,0.161290323,6.74
Normal,4592,trace 361,PLExample2FF,0,FALSE,TRUE,0.03125,17.94193548
Normal,4592,trace 362,PLExample3FF,0,FALSE,TRUE,0.03125,11.03870968
Normal,4592,trace 363,PLExample4FF,0,FALSE,TRUE,0,6.471428571
Normal,4592,trace 364,PLExample5FF,0,FALSE,TRUE,0,19.34285714
Normal,4592,trace 365,PLExample6FF,0,FALSE,TRUE,0,9.296774194
Normal,4592,trace 366,ClosurePropertiesFF,1,FALSE,TRUE,0,0.1
Normal,4592,trace 367,ClosurePropertiesExample1FF,0,FALSE,TRUE,0,8.42
Normal,4592,trace 368,ClosurePropertiesExample2FF,0,FALSE,TRUE,0.1,13.13333333
Normal,4592,trace 369,ClosurePropertiesExample3FF,0,FALSE,TRUE,0,11.68888889
Normal,4592,trace 370,PLExample4FF,1,FALSE,FALSE,0,128.7
Credit Seeking,4592,trace 372,ContextFreeLanguagesFF,0,FALSE,TRUE,0.641304348,44.45274725
Normal,4592,trace 373,CFGDerivationsFF,0,FALSE,TRUE,0.05,12.59661017
Normal,4592,trace 374,DerivationTreesFF,0,TRUE,TRUE,0,19.8875
Normal,4592,trace 375,MembershipProblemFF,0,FALSE,TRUE,0.083333333,35.13913043
Normal,4592,trace 376,AmbiguityFF,0,FALSE,TRUE,0.038461538,14.808
Normal,4592,trace 377,TransformGrammarsFF,0,FALSE,TRUE,0,109.8242424
Credit Seeking,4592,trace 378,RemoveUselessFF,0,FALSE,TRUE,0.304347826,110.7377778
Normal,4592,trace 379,RemoveLambdaFF,0,FALSE,TRUE,0,17.6
Credit Seeking,4592,trace 380,RemoveUnitFF,0,FALSE,TRUE,0.513888889,11.69295775
Normal,4592,trace 381,ChomskyNormalFormFF,0,FALSE,TRUE,0,8.955555556
Normal,4592,trace 382,GreibachNormalFormFF,0,FALSE,TRUE,0.170731707,10.38
Normal,4592,trace 383,RemoveUnitFF,1,FALSE,FALSE,0.166666667,11.02
Credit Seeking,4592,trace 384,PDA,0,FALSE,TRUE,0.716981132,12.15769231
Normal,4592,trace 385,PDATransitionsFF,0,FALSE,TRUE,0,28.7
Normal,4592,trace 386,PDAAcceptanceFF,0,FALSE,TRUE,0.063829787,10.7
Normal,4592,trace 387,PDAEmptyStackAcceptanceFF,0,FALSE,TRUE,0.063829787,36938.13478
Normal,4592,trace 388,PDAAcceptanceEquivalenceFF,0,FALSE,TRUE,0.083333333,16.31304348
Normal,4592,trace 389,PairToSortCONPI,0,FALSE,TRUE,0.045454545,8.152380952
Credit Seeking,4592,trace 390,LowerBound,0,TRUE,TRUE,0.454545455,2.866666667
Normal,4592,trace 391,TwoMulExample,0,FALSE,TRUE,0.090909091,2.771428571
Normal,4592,trace 392,TravelSalesman,0,FALSE,TRUE,0.047619048,3.31
Normal,4592,trace 393,KClique,0,FALSE,TRUE,0,3.169230769
Normal,4592,trace 394,SATProof,0,FALSE,TRUE,0,2.266666667
Normal,4592,trace 395,NPCCoping,0,FALSE,TRUE,0,2.871428571
Normal,4592,trace 396,UnsolveableProblems1,0,FALSE,TRUE,0,1.784615385
Normal,4592,trace 397,UnsolveableProblems2,0,FALSE,TRUE,0.181818182,1.52
Credit Seeking,4592,trace 398,PDAAcceptanceFF,1,FALSE,FALSE,0.333333333,7.42
Normal,4592,trace 399,TMInterpreting,0,FALSE,FALSE,0,0.1
Credit Seeking,4592,trace 400,TMGeneralModel,0,FALSE,TRUE,0.438596491,6.099115044
Normal,4592,trace 401,TMInterpreting,1,FALSE,TRUE,0.08,6.55
Normal,4592,trace 402,TMDecidableVSAcceptable,0,FALSE,TRUE,0,7.861538462
Credit Seeking,4605,trace 404,introToPumpingFF,0,FALSE,TRUE,0.3,3.431578947
Normal,4605,trace 405,PLExample1FF,0,FALSE,FALSE,0,6.566666667
Credit Seeking,4605,trace 406,MajorConceptsFF,0,FALSE,FALSE,0.4,3.244444444
Normal,4605,trace 407,DPDAFF,0,FALSE,FALSE,0,3.35
Normal,4605,trace 408,NCFLProofFF,0,FALSE,FALSE,0,2.55
Normal,4605,trace 409,NCFLversusDCFLFF,0,FALSE,TRUE,0,2.8
Normal,4605,trace 410,GrammarsForDCFLFF,0,FALSE,FALSE,0.176470588,2.44375
Normal,4605,trace 411,introToNonRegularFF,0,FALSE,FALSE,0,0.1
Normal,4605,trace 412,MajorConceptsFF,1,FALSE,FALSE,0,27.01666667
Normal,4605,trace 413,UnsolveableProblems1,0,FALSE,TRUE,0,7.563636364
Normal,4605,trace 414,UnsolveableProblems2,0,FALSE,FALSE,0,3.55
Normal,4605,trace 415,PairToSortCONPI,0,FALSE,FALSE,0.111111111,2.3875
Normal,4605,trace 416,RelationsFF,0,FALSE,TRUE,0.185185185,3.315384615
Normal,4605,trace 417,LowerBound,0,TRUE,TRUE,0.058823529,3.45
Normal,4605,trace 418,TwoMulExample,0,FALSE,FALSE,0.25,1.033333333
Normal,4605,trace 419,PairToSortCONPI,1,FALSE,TRUE,0,4.32
Normal,4605,trace 420,TwoMulExample,1,FALSE,TRUE,0,3.747368421
Normal,4605,trace 421,TravelSalesman,0,FALSE,TRUE,0,5.236363636
Normal,4605,trace 422,KClique,0,FALSE,TRUE,0.176470588,2.7
Normal,4605,trace 423,SATProof,0,FALSE,TRUE,0,8.109090909
Normal,4605,trace 424,NPCCoping,0,FALSE,TRUE,0,6.246153846
Normal,4605,trace 425,UnsolveableProblems2,1,FALSE,TRUE,0,2.05
Normal,4622,trace 426,LanguagesFS,0,FALSE,TRUE,0.169491525,4206.968966
Credit Seeking,4622,trace 427,GrammarIntroFS,0,FALSE,TRUE,0.3,8958.289796
Normal,4622,trace 428,SetDefFS,0,FALSE,TRUE,0,19.9
Credit Seeking,4622,trace 429,SetNotationFS,0,FALSE,TRUE,0.527272727,32.05925926
Credit Seeking,4622,trace 430,RelationsFS,0,FALSE,TRUE,0.380952381,3731.26
Credit Seeking,4622,trace 431,EquivFS,0,FALSE,TRUE,0.428571429,31.32307692
Normal,4622,trace 432,DFAintroFS,0,FALSE,TRUE,0.269230769,36.768
Normal,4622,trace 433,DFAadvancedFS,0,FALSE,TRUE,0,24.71764706
Credit Seeking,4622,trace 435,NFAFS,0,FALSE,TRUE,0.452380952,22.85853659
Normal,4622,trace 436,NFAequivFS,0,FALSE,TRUE,0,0.1
Normal,4622,trace 437,NFA2DFAlargeExFS,0,FALSE,TRUE,0.214285714,16.83414634
Normal,4622,trace 439,DFAMinFS,0,FALSE,TRUE,0.142857143,49.705
Normal,4622,trace 440,DFAMinEx1FS,0,FALSE,FALSE,0,60.775
Credit Seeking,4622,trace 442,DFAMinEx1FS,1,FALSE,FALSE,0.428571429,29.01666667
Normal,4622,trace 443,DFAMinEx2FS,0,FALSE,FALSE,0,13.36666667
Normal,4622,trace 444,introToNonRegularFF,0,FALSE,TRUE,0,10.88
Normal,4622,trace 445,introToPumpingFF,0,FALSE,TRUE,0,8.025
Normal,4622,trace 446,PLExample1FF,0,FALSE,TRUE,0.022222222,93.07272727
Normal,4622,trace 447,ClosureConceptFF,0,FALSE,TRUE,0,24.29090909
Normal,4622,trace 448,ClosureRegularLangFF,0,FALSE,TRUE,0.24,23.25833333
Normal,4622,trace 449,RegularLangClosedInterFF,0,FALSE,FALSE,0,277.6777778
Normal,4622,trace 450,HomomorphismFF,0,FALSE,TRUE,0,11.35555556
Normal,4622,trace 451,ClosureRegularLangFF,1,TRUE,TRUE,0,385.85
Credit Seeking,4622,trace 452,ContextFreeLanguagesFF,0,FALSE,TRUE,0.49122807,9.039285714
Normal,4622,trace 453,CFGDerivationsFF,0,FALSE,FALSE,0,147.5055556
Normal,4622,trace 455,DFAintroFS,1,FALSE,FALSE,0,22.68333333
Normal,4622,trace 456,NFAFS,1,FALSE,FALSE,0,111.05
Normal,4622,trace 457,NFAequivFS,1,TRUE,TRUE,0,16860.44
Normal,4622,trace 458,DFAMinEx1FS,1,FALSE,TRUE,0,9.484210526
Normal,4622,trace 459,DFAMinEx2FS,1,FALSE,TRUE,0,56.32727273
Normal,4622,trace 460,RegExFS,0,FALSE,TRUE,0.135135135,48.97777778
Normal,4622,trace 461,RegEx2NFA1FS,0,FALSE,TRUE,0,16.92
Normal,4622,trace 462,RegEx2NFAorFS,0,FALSE,TRUE,0,11.15
Normal,4622,trace 463,RegEXtoNFAExampleFF,0,FALSE,TRUE,0,2679.476923
Normal,4622,trace 464,ConvertRLREFF,0,FALSE,FALSE,0,22.22
Normal,4622,trace 465,RegularGrammarFF,0,FALSE,TRUE,0.222222222,51.04615385
Credit Seeking,4622,trace 466,NFAToREFF,0,FALSE,FALSE,0.461538462,20.25833333
Normal,4622,trace 467,STA,0,FALSE,TRUE,0,6.688888889
Normal,4622,trace 468,PLExample2FF,0,FALSE,TRUE,0.035714286,9.044444444
Normal,4622,trace 469,PLExample6FF,0,FALSE,TRUE,0,20.88484848
Normal,4622,trace 470,ClosurePropertiesFF,0,FALSE,TRUE,0,4.64
Credit Seeking,4622,trace 473,ContextFreeLanguagesFF,1,TRUE,TRUE,0.368421053,27.28888889
Normal,4622,trace 474,DerivationTreesFF,0,FALSE,TRUE,0,9.553846154
Normal,4622,trace 475,LeftLinearGrammarFF,0,FALSE,FALSE,0.071428571,7.084615385
Credit Seeking,4622,trace 477,PDA,0,FALSE,TRUE,0.548387097,27.77333333
Normal,4622,trace 478,PDATransitionsFF,0,FALSE,TRUE,0.08,18.13333333
Normal,4622,trace 479,PDAAcceptanceFF,0,FALSE,FALSE,0.119047619,32.8804878
Normal,4622,trace 480,PDACFLFF,0,FALSE,TRUE,0.063829787,47.56956522
Normal,4622,trace 481,RemoveUselessFF,0,FALSE,FALSE,0,7.677777778
Normal,4622,trace 482,RemoveLambdaFF,0,FALSE,TRUE,0,727.9
Normal,4622,trace 483,PDAAcceptanceFF,1,FALSE,TRUE,0,6.885714286
Normal,4622,trace 484,PDAEmptyStackAcceptanceFF,0,FALSE,FALSE,0.064516129,40.83666667
Normal,4622,trace 485,PDAAcceptanceEquivalenceFF,0,FALSE,TRUE,0,111.9555556
Normal,4622,trace 486,DPDAFF,0,FALSE,FALSE,0.117647059,46.88125
Normal,4622,trace 487,NCFLversusDCFLFF,0,FALSE,TRUE,0,3.4
Normal,4622,trace 488,GrammarsForDCFLFF,0,FALSE,TRUE,0,71.01818182
Normal,4622,trace 489,RemoveUnitFF,0,FALSE,FALSE,0,2.05
Normal,4622,trace 490,ChomskyNormalFormFF,0,FALSE,FALSE,0,1482.442857
Credit Seeking,4622,trace 491,RemoveUnitFF,1,FALSE,FALSE,0.392156863,45.862
Credit Seeking,4622,trace 492,GreibachNormalFormFF,0,FALSE,FALSE,0.844444444,3.304494382
Credit Seeking,4622,trace 493,ChomskyNormalFormFF,1,FALSE,TRUE,0.5,4.070588235
Credit Seeking,4622,trace 494,RemoveUnitFF,1,FALSE,FALSE,0.565217391,14.23181818
Normal,4622,trace 495,GreibachNormalFormFF,1,FALSE,TRUE,0.19047619,30.96
Normal,4622,trace 496,CFLClosurePropertiesFF,0,FALSE,TRUE,0,28.46923077
Normal,4622,trace 497,CFLPumpingLemmaFF,0,FALSE,TRUE,0,71.32631579
Normal,4622,trace 498,MembershipProblemFF,0,FALSE,FALSE,0.125,8.014285714
Normal,4622,trace 499,PDAEmptyStackAcceptanceFF,1,FALSE,TRUE,0,17.44285714
Normal,4622,trace 500,PDATransitionsFF,1,FALSE,FALSE,0,2.05
Normal,4622,trace 501,ContextFreeLanguagesFF,1,TRUE,TRUE,0.25,260.8857143
Credit Seeking,4622,trace 502,RemoveUnitFF,1,FALSE,TRUE,0.7,4.326315789
Normal,4622,trace 503,TransformGrammarsFF,0,FALSE,FALSE,0,4.55
Credit Seeking,4622,trace 504,MembershipProblemFF,1,FALSE,TRUE,0.459459459,51.83888889
Normal,4622,trace 505,CFGDerivationsFF,1,FALSE,TRUE,0.057142857,10.85882353
Normal,4622,trace 506,AmbiguityFF,0,FALSE,TRUE,0.25,10.56296296
Normal,4622,trace 507,TransformGrammarsFF,1,FALSE,TRUE,0,22.128
Normal,4622,trace 509,TMGeneralModel,0,FALSE,TRUE,0.095238095,38.69677419
Normal,4622,trace 510,TMInterpreting,0,FALSE,TRUE,0,53.01
Normal,4622,trace 511,TMDecidableVSAcceptable,0,FALSE,TRUE,0,74.62
Normal,4622,trace 512,TMComplicatedMachine3,0,FALSE,TRUE,0,40.34285714
Normal,4622,trace 513,PDA,1,FALSE,FALSE,0,15.62
Normal,4622,trace 514,PDAAcceptanceFF,1,FALSE,FALSE,0.166666667,3.62
Normal,4622,trace 515,CFLPumpingLemmaExample1FF,0,FALSE,TRUE,0,33.475
Normal,4622,trace 516,CFLPumpingLemmaExample3FF,0,FALSE,TRUE,0,33.04444444
Normal,4622,trace 517,CFLPumpingLemmaExample4FF,0,FALSE,FALSE,0,8.51
Credit Seeking,4622,trace 518,TMGeneralModel,1,TRUE,TRUE,0.636363636,1.02
Normal,4622,trace 519,TMComplicatedMachine3,1,FALSE,FALSE,0,64883.87143
Normal,4622,trace 520,PairToSortCONPI,0,FALSE,TRUE,0,136.2461538
Normal,4622,trace 521,LowerBound,0,FALSE,FALSE,0,2102.62
Normal,4622,trace 522,TwoMulExample,0,FALSE,TRUE,0,292.8941176
Normal,4622,trace 523,SATProof,0,FALSE,TRUE,0,24.02
Normal,4622,trace 524,UnsolveableProblems1,0,FALSE,TRUE,0,33.22
Normal,4622,trace 525,UnsolveableProblems2,0,FALSE,TRUE,0,4.525
Normal,4622,trace 526,NPCCoping,0,FALSE,FALSE,0,5.7
Normal,4622,trace 527,DFAMinEx1FS,1,FALSE,FALSE,0,27.775
Credit Seeking,4622,trace 528,CFLPumpingLemmaExample5FF,0,FALSE,FALSE,0.461538462,17.34736842
Credit Seeking,4622,trace 530,CFLPumpingLemmaExample5FF,1,FALSE,FALSE,0.823529412,5.2625
Normal,4622,trace 531,TravelSalesman,0,FALSE,TRUE,0,86.5125
Normal,4622,trace 532,KClique,0,FALSE,TRUE,0.235294118,53.7625
Normal,4622,trace 533,NPCCoping,1,FALSE,FALSE,0,203.0142857
Normal,4628,trace 534,MajorConceptsFF,0,FALSE,FALSE,0,5.025
Normal,4628,trace 535,introToNonRegularFF,0,TRUE,TRUE,0,103.8
Credit Seeking,4628,trace 536,ClosurePropertiesFF,0,FALSE,TRUE,0.3,4.022222222
Normal,4628,trace 537,ClosurePropertiesExample2FF,0,FALSE,TRUE,0,8.65
Normal,4628,trace 538,ClosurePropertiesExample3FF,0,FALSE,TRUE,0,5.4
Normal,4628,trace 539,ClosurePropertiesExample1FF,0,FALSE,TRUE,0.214285714,6.784615385
Credit Seeking,4628,trace 540,ContextFreeLanguagesFF,0,FALSE,TRUE,0.482758621,566.3017544
Normal,4628,trace 541,NFA,0,FALSE,TRUE,0.277777778,9.834285714
Normal,4628,trace 542,NFAtoDFAFF,0,FALSE,TRUE,0,9.314285714
Normal,4628,trace 543,NFA2DFAFrames,0,FALSE,TRUE,0.086956522,9.827272727
Credit Seeking,4628,trace 544,RegularExpressionsFF,0,FALSE,FALSE,0.571428571,25.56
Normal,4628,trace 545,CFGDerivationsFF,0,FALSE,TRUE,0.06779661,62.77931034
Normal,4628,trace 546,DerivationTreesFF,0,FALSE,FALSE,0.076923077,17.50833333
Credit Seeking,4628,trace 547,AmbiguityFF,0,FALSE,TRUE,0.466666667,35.25454545
Normal,4628,trace 548,SetDefFF,0,FALSE,TRUE,0,58.44
Normal,4628,trace 549,SetCommonSymbolsFF,0,FALSE,TRUE,0,34.77142857
Normal,4628,trace 550,RelationsFF,0,FALSE,TRUE,0.19047619,45.06
Normal,4628,trace 551,introToPumpingFF,0,FALSE,FALSE,0,5.525
Credit Seeking,4628,trace 552,RegularGrammarFF,0,FALSE,TRUE,0.620689655,30.47906977
Normal,4628,trace 553,MembershipProblemFF,0,FALSE,FALSE,0.25,1.7
Normal,4628,trace 554,RegularExpressionsFF,1,FALSE,TRUE,0.192307692,135.128
Normal,4628,trace 555,RegEXandRegLangFF,0,FALSE,TRUE,0.1,34.06315789
Normal,4628,trace 556,RegEXandRegLangORFF,0,FALSE,TRUE,0,7.290909091
Normal,4628,trace 557,RegEXandRegLangConcatFF,0,FALSE,TRUE,0.142857143,25.32307692
Normal,4628,trace 558,RegEXandRegLangStarFF,0,FALSE,TRUE,0,4.42
Normal,4628,trace 559,RegEXtoNFAExampleFF,0,FALSE,TRUE,0.166666667,28.71764706
Normal,4628,trace 560,ConvertRLREFF,0,FALSE,FALSE,0,13.68333333
Normal,4628,trace 561,AmbiguityFF,1,TRUE,TRUE,0,9.536842105
Normal,4628,trace 563,DFAFF,0,FALSE,TRUE,0.09375,29.23225806
Normal,4628,trace 564,FADefinitionsFF,0,FALSE,TRUE,0,15.26666667
Credit Seeking,4628,trace 566,PDACFLFF,0,FALSE,FALSE,0.32,6.254166667
Normal,4628,trace 567,introToNonRegularFF,1,TRUE,TRUE,0,11.93846154
Normal,4628,trace 568,ContextFreeLanguagesFF,1,FALSE,FALSE,0.130434783,53.36818182
Normal,4628,trace 569,DerivationTreesFF,1,FALSE,FALSE,0,270.8875
Credit Seeking,4628,trace 570,MembershipProblemFF,1,FALSE,FALSE,0.476190476,724.105
Normal,4628,trace 571,TransformGrammarsFF,0,FALSE,TRUE,0.029411765,52.97575758
Credit Seeking,4628,trace 572,RemoveUselessFF,0,FALSE,TRUE,0.304347826,66.87111111
Normal,4628,trace 573,RemoveLambdaFF,0,FALSE,TRUE,0,8.66
Credit Seeking,4628,trace 574,RemoveUnitFF,0,FALSE,TRUE,0.588235294,28.57623762
Normal,4628,trace 575,ChomskyNormalFormFF,0,FALSE,TRUE,0,21.93846154
Normal,4628,trace 576,GreibachNormalFormFF,0,FALSE,TRUE,0.032258065,22.67333333
Normal,4628,trace 577,RemoveUnitFF,1,FALSE,FALSE,0,2.05
Credit Seeking,4628,trace 578,PDA,0,FALSE,TRUE,0.820224719,28.08181818
Normal,4628,trace 579,PDATransitionsFF,0,FALSE,TRUE,0,21.45555556
Normal,4628,trace 580,PDAAcceptanceFF,0,FALSE,TRUE,0.085106383,12.2
Normal,4628,trace 581,PDAEmptyStackAcceptanceFF,0,FALSE,TRUE,0,10.44705882
Normal,4628,trace 582,PDAAcceptanceEquivalenceFF,0,FALSE,TRUE,0,5.46
Credit Seeking,4628,trace 583,PDACFLFF,1,FALSE,TRUE,0.405405405,5.742465753
Credit Seeking,4628,trace 584,DPDAFF,0,FALSE,TRUE,0.357142857,25.22962963
Normal,4628,trace 585,NCFLProofFF,0,FALSE,TRUE,0,7.290909091
Normal,4628,trace 586,NCFLversusDCFLFF,0,FALSE,TRUE,0.090909091,2.72
Normal,4628,trace 587,GrammarsForDCFLFF,0,FALSE,TRUE,0,7.381818182
Normal,4628,trace 588,CFLClosurePropertiesFF,0,FALSE,TRUE,0,10.96521739
Normal,4628,trace 589,CFLPumpingLemmaFF,0,FALSE,TRUE,0.130434783,7.781818182
Normal,4628,trace 590,CFLPumpingLemmaExample1FF,0,FALSE,TRUE,0.108108108,14.67222222
Normal,4628,trace 591,TMGeneralModel,0,FALSE,TRUE,0.074626866,48.92727273
Normal,4628,trace 592,TMInterpreting,0,FALSE,TRUE,0.08,19.63333333
Normal,4628,trace 593,TMDecidableVSAcceptable,0,FALSE,TRUE,0,27.51666667
Normal,4628,trace 594,TMComplicatedMachine3,0,FALSE,TRUE,0,9.463636364
Normal,4628,trace 595,NCFLversusDCFLFF,1,TRUE,TRUE,0,2.65
Normal,4628,trace 596,NCFLProofFF,1,TRUE,TRUE,0,10.46666667
Normal,4628,trace 597,GrammarsForDCFLFF,1,TRUE,TRUE,0,7.04
Normal,4628,trace 598,RemoveUselessFF,1,FALSE,FALSE,0,3.05
Normal,4628,trace 602,PDACFLFF,1,FALSE,FALSE,0,7.525
Normal,4628,trace 603,TravelSalesman,0,FALSE,TRUE,0.24,131.8416667
Normal,4628,trace 604,KClique,0,FALSE,TRUE,0.1875,14.28
Normal,4628,trace 605,SATProof,0,FALSE,TRUE,0,4.183333333
Normal,4628,trace 606,NPCCoping,0,FALSE,TRUE,0.1875,30.88
Normal,4628,trace 607,PairToSortCONPI,0,FALSE,TRUE,0,838.0153846
Credit Seeking,4628,trace 608,LowerBound,0,FALSE,TRUE,0.307692308,21.43333333
Normal,4628,trace 609,TwoMulExample,0,FALSE,TRUE,0.090909091,24.67619048
Normal,4628,trace 610,TMGeneralModel,1,TRUE,TRUE,0,1.4
Normal,4628,trace 611,UnsolveableProblems1,0,FALSE,FALSE,0,214.3666667
Normal,4638,trace 612,TransformGrammarsFF,0,FALSE,TRUE,0.045454545,4.676190476
Normal,4638,trace 613,ContextFreeLanguagesFF,0,FALSE,TRUE,0.2,5.535294118
Credit Seeking,4638,trace 614,CFGDerivationsFF,0,FALSE,TRUE,0.361111111,2.226168224
Normal,4638,trace 615,LeftLinearGrammarFF,0,FALSE,TRUE,0.176470588,2.184
Credit Seeking,4638,trace 616,RelationsFF,0,FALSE,TRUE,0.511627907,8.457142857
Normal,4638,trace 617,LowerBound,0,FALSE,TRUE,0,0.733333333
Normal,4638,trace 619,TwoMulExample,0,FALSE,TRUE,0,6.3
Normal,4638,trace 620,NPCCoping,0,FALSE,FALSE,0,1.05
Normal,4679,trace 621,LanguagesFS,0,FALSE,TRUE,0.106382979,88.87391304
Credit Seeking,4679,trace 622,GrammarIntroFS,0,FALSE,TRUE,0.506666667,8187.3
Normal,4679,trace 623,SetDefFS,0,FALSE,TRUE,0,9.525
Normal,4679,trace 624,SetNotationFS,0,FALSE,TRUE,0.1875,35.55483871
Credit Seeking,4679,trace 625,RelationsFS,0,FALSE,TRUE,0.484848485,11.4125
Normal,4679,trace 626,EquivFS,0,FALSE,TRUE,0,15.53333333
Credit Seeking,4679,trace 627,RegExFS,0,FALSE,TRUE,0.556962025,21.06666667
Normal,4679,trace 628,RegEx2NFA1FS,0,FALSE,TRUE,0,8.42
Normal,4679,trace 629,RegEx2NFAorFS,0,FALSE,TRUE,0,12.12
Normal,4679,trace 630,RegEx2NFAcatFS,0,FALSE,TRUE,0,9.015384615
Normal,4679,trace 631,RegEx2NFAstarFS,0,FALSE,TRUE,0.083333333,7.290909091
Credit Seeking,4679,trace 632,RegEXtoNFAExampleFF,0,FALSE,TRUE,0.304347826,15.78181818
Normal,4679,trace 633,ConvertRLREFF,0,FALSE,TRUE,0,8.622222222
Normal,4679,trace 635,introToPumpingFF,0,FALSE,TRUE,0.083333333,11.47272727
Normal,4679,trace 636,PLExample1FF,0,FALSE,FALSE,0,10.01
Normal,4679,trace 637,ClosurePropertiesFF,0,FALSE,TRUE,0.142857143,14.7
Normal,4679,trace 638,ClosurePropertiesExample1FF,0,FALSE,TRUE,0.142857143,7.476923077
Normal,4679,trace 639,DFAintroFS,0,FALSE,FALSE,0.142857143,7.366666667
Credit Seeking,4679,trace 640,ContextFreeLanguagesFF,0,FALSE,FALSE,0.666666667,3.157142857
Credit Seeking,4679,trace 641,TMGeneralModel,0,FALSE,FALSE,0.285714286,3.91875
Credit Seeking,4679,trace 642,TMInterpreting,0,FALSE,FALSE,0.444444444,3.182352941
Credit Seeking,4679,trace 643,TMGeneralModel,1,FALSE,TRUE,0.412698413,2718.664516
Normal,4679,trace 644,TMInterpreting,1,FALSE,TRUE,0.130434783,3.372727273
Normal,4679,trace 645,TMDecidableVSAcceptable,0,FALSE,TRUE,0.238095238,8.81
Normal,4679,trace 646,TMComplicatedMachine3,0,FALSE,TRUE,0.066666667,7.765517241
Normal,4679,trace 647,PDA,0,FALSE,TRUE,0.117647059,93.6375
Normal,4679,trace 648,PDATransitionsFF,0,FALSE,TRUE,0.041666667,34.48695652
Normal,4679,trace 649,PDAEmptyStackAcceptanceFF,0,FALSE,TRUE,0.169811321,7.715384615
Normal,4679,trace 650,PDAAcceptanceEquivalenceFF,0,FALSE,TRUE,0,2.488888889
Normal,4679,trace 651,PDAAcceptanceFF,0,FALSE,TRUE,0.203389831,4.055172414
Credit Seeking,4679,trace 652,PDACFLFF,0,FALSE,TRUE,0.352941176,4.657142857
Normal,4679,trace 653,DPDAFF,0,FALSE,TRUE,0.125,3.791304348
Normal,4679,trace 654,NCFLProofFF,0,FALSE,TRUE,0,5.62
Normal,4679,trace 655,NCFLversusDCFLFF,0,FALSE,TRUE,0,2.6
Normal,4679,trace 656,GrammarsForDCFLFF,0,FALSE,TRUE,0,2.766666667
Normal,4679,trace 657,DFAintroFS,1,FALSE,FALSE,0.136363636,3.528571429
Normal,4679,trace 658,DFAadvancedFS,0,FALSE,TRUE,0.24,3.341666667
Credit Seeking,4679,trace 659,NFAFS,0,FALSE,TRUE,0.545454545,3.35
Normal,4679,trace 660,NFAequivFS,0,FALSE,TRUE,0.2,2.3
Normal,4679,trace 661,NFA2DFAlargeExFS,0,FALSE,FALSE,0,0.1
Normal,4679,trace 662,NFAequivFS,1,TRUE,TRUE,0.2,1.3
Credit Seeking,4679,trace 663,NFA2DFAlargeExFS,1,FALSE,FALSE,0.884615385,4.248
Credit Seeking,4679,trace 664,NFAequivFS,1,TRUE,TRUE,0.333333333,1.44
Normal,4679,trace 665,DFAMinFS,0,FALSE,TRUE,0,3.438095238
Normal,4679,trace 666,DFAMinEx1FS,0,FALSE,TRUE,0.088235294,2.309090909
Normal,4679,trace 667,DFAMinEx2FS,0,FALSE,TRUE,0,2.373333333
Credit Seeking,4679,trace 668,RegularGrammarFF,0,FALSE,FALSE,0.551724138,5.289285714
Normal,4679,trace 669,NFAToREFF,0,FALSE,TRUE,0,4.677777778
Normal,4679,trace 670,REtoFAExampleFF,0,FALSE,TRUE,0,4.355555556
Normal,4679,trace 671,RightLinearRGFF,0,TRUE,TRUE,0.045454545,4.152380952
Credit Seeking,4679,trace 672,NFAToReExampleFF,0,FALSE,TRUE,0.315789474,5.4
Normal,4679,trace 673,LeftLinearGrammarFF,0,FALSE,TRUE,0,7.915151515
Normal,4679,trace 674,RegEXtoRegGrammarFF,0,FALSE,TRUE,0.219512195,6.805
Normal,4679,trace 675,STA,0,FALSE,TRUE,0,3.784615385
Credit Seeking,4679,trace 676,RegEXtoLeftRegGrammarFF,0,FALSE,TRUE,0.434782609,12.36
Normal,4679,trace 677,ClosureConceptFF,0,FALSE,TRUE,0.133333333,3.014285714
Normal,4679,trace 678,ClosureRegularLangFF,0,FALSE,TRUE,0.1,2.694736842
Normal,4679,trace 679,RegularLangClosedInterFF,0,FALSE,TRUE,0.236842105,3.654054054
Credit Seeking,4679,trace 680,HomomorphismFF,0,FALSE,TRUE,0.35,2.957894737
Normal,4679,trace 681,RightQuotientFF,0,TRUE,TRUE,0.235294118,3.584
Normal,4679,trace 682,introToNonRegularFF,0,FALSE,TRUE,0.052631579,3.511111111
Normal,4679,trace 683,PLExample1FF,1,FALSE,TRUE,0.176470588,5.664
Normal,4679,trace 684,ClosurePropertiesExample3FF,0,FALSE,TRUE,0,2.025
Normal,4679,trace 685,ClosurePropertiesExample2FF,0,FALSE,TRUE,0,1.9
Normal,4679,trace 686,PLExample6FF,0,FALSE,TRUE,0.076923077,6.794736842
Normal,4679,trace 687,PLExample5FF,0,FALSE,TRUE,0.04,2.883333333
Normal,4679,trace 688,PLExample4FF,0,FALSE,TRUE,0.03030303,2.9125
Normal,4679,trace 690,PLExample3FF,0,FALSE,TRUE,0,3.661538462
Normal,4679,trace 691,PLExample2FF,0,FALSE,TRUE,0,3.623076923
Normal,4679,trace 692,PairToSortCONPI,0,FALSE,TRUE,0.166666667,2.952941176
Credit Seeking,4679,trace 693,LowerBound,0,TRUE,TRUE,0.3125,28.94666667
Normal,4679,trace 694,TwoMulExample,0,FALSE,TRUE,0.090909091,2.723809524
Normal,4679,trace 695,TravelSalesman,0,FALSE,TRUE,0,11.1047619
Normal,4679,trace 696,KClique,0,FALSE,TRUE,0,2.766666667
Normal,4679,trace 697,SATProof,0,FALSE,TRUE,0,2.766666667
Normal,4679,trace 698,NPCCoping,0,FALSE,TRUE,0.2,3.585714286
Normal,4679,trace 699,UnsolveableProblems1,0,FALSE,TRUE,0,2.688888889
Normal,4679,trace 700,UnsolveableProblems2,0,FALSE,TRUE,0.1,1.8
Normal,4679,trace 701,NFAequivFS,1,TRUE,TRUE,0,1.066666667
Credit Seeking,4679,trace 702,NFA2DFAlargeExFS,1,FALSE,FALSE,0.653846154,12.764
Normal,4679,trace 703,NFAequivFS,1,TRUE,TRUE,0.2,1.05
Normal,4679,trace 704,ContextFreeLanguagesFF,1,FALSE,TRUE,0.103448276,4.435714286
Credit Seeking,4679,trace 705,CFGDerivationsFF,0,FALSE,TRUE,0.379032258,3.448780488
Normal,4679,trace 706,DerivationTreesFF,0,FALSE,TRUE,0.1,3.378947368
Normal,4679,trace 707,MembershipProblemFF,0,FALSE,TRUE,0.05,34.27368421
Normal,4679,trace 708,AmbiguityFF,0,FALSE,TRUE,0.08,19.00833333
Normal,4679,trace 709,TransformGrammarsFF,0,FALSE,TRUE,0,98.47647059
Normal,4679,trace 710,RemoveUselessFF,0,FALSE,FALSE,0.277777778,4.317142857
Credit Seeking,4679,trace 711,RemoveLambdaFF,0,FALSE,TRUE,0.304347826,3.054545455
Credit Seeking,4679,trace 712,RemoveUnitFF,0,FALSE,TRUE,0.352941176,21.364
Normal,4679,trace 713,ChomskyNormalFormFF,0,FALSE,TRUE,0,2.952941176
Normal,4679,trace 714,GreibachNormalFormFF,0,FALSE,TRUE,0.195121951,3.28
Normal,4679,trace 715,CFLClosurePropertiesFF,0,FALSE,TRUE,0.035714286,3.081481481
Normal,4679,trace 716,CFLPumpingLemmaFF,0,FALSE,TRUE,0.043478261,9.054545455
Normal,4679,trace 717,CFLPumpingLemmaExample1FF,0,FALSE,TRUE,0.173076923,3.141176471
Normal,4679,trace 718,CFLPumpingLemmaExample2FF,0,FALSE,FALSE,0.090909091,5.909302326
Normal,4679,trace 719,CFLPumpingLemmaExample3FF,0,FALSE,TRUE,0.108108108,4.533333333
Normal,4679,trace 720,CFLPumpingLemmaExample4FF,0,FALSE,TRUE,0.035087719,3.682142857
Normal,4679,trace 721,CFLPumpingLemmaExample5FF,0,FALSE,TRUE,0.175438596,4.521428571
Normal,4679,trace 722,NFAequivFS,1,TRUE,TRUE,0,0.1
Normal,4681,trace 723,HomomorphismFF,0,FALSE,TRUE,0,6.688888889
Normal,4681,trace 724,introToNonRegularFF,0,FALSE,TRUE,0,6.728571429
Normal,4681,trace 725,introToPumpingFF,0,FALSE,TRUE,0,6.65
Normal,4681,trace 726,PLExample1FF,0,FALSE,TRUE,0.065217391,4.937777778
Normal,4681,trace 727,PLExample2FF,0,FALSE,TRUE,0,11.08148148
Normal,4681,trace 728,PLExample3FF,0,FALSE,TRUE,0,384.328
Normal,4681,trace 729,PLExample4FF,0,FALSE,TRUE,0,51.008
Normal,4681,trace 730,PLExample5FF,0,FALSE,TRUE,0,58.2125
Normal,4681,trace 731,PLExample6FF,0,FALSE,TRUE,0.03125,3.232258065
Normal,4681,trace 732,ClosurePropertiesFF,0,FALSE,TRUE,0,2.8
Normal,4681,trace 733,ClosurePropertiesExample1FF,0,FALSE,TRUE,0,5.72
Normal,4681,trace 734,ClosurePropertiesExample2FF,0,FALSE,TRUE,0,10.31428571
Normal,4681,trace 735,ClosurePropertiesExample3FF,0,FALSE,TRUE,0,6.9
Credit Seeking,4681,trace 736,ContextFreeLanguagesFF,0,FALSE,TRUE,0.62244898,5.641237113
Normal,4681,trace 737,CFGDerivationsFF,0,FALSE,TRUE,0.084745763,7.451724138
Normal,4681,trace 738,DerivationTreesFF,0,FALSE,TRUE,0,4.514285714
Credit Seeking,4681,trace 739,MembershipProblemFF,0,TRUE,TRUE,0.285714286,9.858823529
Normal,4681,trace 740,AmbiguityFF,0,FALSE,TRUE,0,5.628571429
Normal,4681,trace 741,TransformGrammarsFF,0,FALSE,FALSE,0,69.43571429
Normal,4681,trace 742,RemoveUselessFF,0,FALSE,FALSE,0.230769231,8.644
Normal,4681,trace 744,RightLinearRGFF,0,FALSE,TRUE,0,6.5125
Normal,4681,trace 745,LeftLinearGrammarFF,0,FALSE,FALSE,0,14.55
Normal,4681,trace 746,NFAToReExampleFF,0,FALSE,TRUE,0,4.22
Normal,4681,trace 747,LeftLinearGrammarFF,1,FALSE,TRUE,0.097560976,633.8025
Credit Seeking,4681,trace 748,TransformGrammarsFF,1,FALSE,FALSE,0.571428571,0.866666667
Normal,4681,trace 749,RemoveUselessFF,1,FALSE,TRUE,0,9.636842105
Normal,4681,trace 750,RemoveLambdaFF,0,FALSE,TRUE,0.095238095,10.61
Credit Seeking,4681,trace 751,RemoveUnitFF,0,FALSE,TRUE,0.290322581,12.34590164
Credit Seeking,4681,trace 752,PDA,0,FALSE,TRUE,0.5625,5.458064516
Normal,4681,trace 753,PDATransitionsFF,0,FALSE,TRUE,0,44.12941176
Normal,4681,trace 754,PDAAcceptanceFF,0,FALSE,TRUE,0,138.8473684
Normal,4681,trace 755,PDAEmptyStackAcceptanceFF,0,FALSE,TRUE,0,2185.811111
Normal,4681,trace 756,PDAAcceptanceEquivalenceFF,0,FALSE,TRUE,0.137931034,3.828571429
Credit Seeking,4681,trace 757,PDACFLFF,0,FALSE,FALSE,0.342105263,31.94864865
Normal,4681,trace 758,PDAAcceptanceEquivalenceFF,1,FALSE,FALSE,0.238095238,3938.455
Credit Seeking,4681,trace 759,PDACFLFF,1,FALSE,FALSE,0.485714286,4.094117647
Normal,4681,trace 760,NFAToREFF,0,FALSE,FALSE,0.066666667,10.50714286
Normal,4681,trace 761,TransformGrammarsFF,1,FALSE,TRUE,0,4.325
Normal,4681,trace 762,ChomskyNormalFormFF,0,FALSE,TRUE,0,5.371428571
Normal,4681,trace 763,GreibachNormalFormFF,0,FALSE,TRUE,0.064516129,6.706666667
Normal,4681,trace 764,PDACFLFF,1,FALSE,TRUE,0,8.022222222
Normal,4681,trace 765,DPDAFF,0,FALSE,TRUE,0,40.325
Normal,4681,trace 766,NCFLProofFF,0,FALSE,TRUE,0,8.52
Normal,4681,trace 767,NCFLversusDCFLFF,0,FALSE,TRUE,0,2.65
Normal,4681,trace 768,GrammarsForDCFLFF,0,TRUE,TRUE,0,13348.41
Normal,4681,trace 769,CFLClosurePropertiesFF,0,FALSE,TRUE,0,24.81904762
Normal,4681,trace 770,CFLPumpingLemmaFF,0,FALSE,TRUE,0,7.51
Normal,4681,trace 771,CFLPumpingLemmaExample1FF,0,FALSE,TRUE,0,8.270588235
Normal,4681,trace 772,CFLPumpingLemmaExample2FF,0,FALSE,TRUE,0.153846154,7.847368421
Normal,4681,trace 773,CFLPumpingLemmaExample3FF,0,FALSE,TRUE,0,64.2
Normal,4681,trace 774,CFLPumpingLemmaExample4FF,0,FALSE,FALSE,0,14914.31
Credit Seeking,4681,trace 775,CFLPumpingLemmaExample5FF,0,FALSE,FALSE,0.733333333,1.55
Normal,4681,trace 776,TMGeneralModel,0,FALSE,TRUE,0.084745763,15.05517241
Normal,4681,trace 777,ContextFreeLanguagesFF,1,TRUE,TRUE,0.171428571,9.182352941
Normal,4681,trace 778,CFGDerivationsFF,1,FALSE,FALSE,0.133333333,5.934090909
Normal,4681,trace 779,DerivationTreesFF,1,TRUE,TRUE,0,9.728571429
Normal,4681,trace 780,MembershipProblemFF,1,TRUE,FALSE,0,17.31
Normal,4681,trace 781,RemoveUselessFF,1,TRUE,TRUE,0.095238095,15.71
Normal,4681,trace 782,RemoveLambdaFF,1,TRUE,TRUE,0,11.6
Credit Seeking,4681,trace 783,RemoveUnitFF,1,TRUE,TRUE,0.333333333,13.8097561
Credit Seeking,4681,trace 784,PDA,1,TRUE,TRUE,0.742857143,4.417647059
Normal,4681,trace 785,PDATransitionsFF,1,TRUE,TRUE,0,11.65882353
Normal,4681,trace 786,PDAAcceptanceFF,1,FALSE,FALSE,0,21.78888889
Normal,4681,trace 787,PDAEmptyStackAcceptanceFF,1,FALSE,FALSE,0,21.8875
Normal,4681,trace 788,PDACFLFF,1,FALSE,FALSE,0,7.0125
Normal,4681,trace 789,DPDAFF,1,FALSE,FALSE,0,4.05
Normal,4681,trace 790,CFLPumpingLemmaExample1FF,1,FALSE,FALSE,0,15.2625
Normal,4681,trace 792,PairToSortCONPI,0,FALSE,TRUE,0,11.24615385
Credit Seeking,4681,trace 793,LowerBound,0,FALSE,TRUE,0.714285714,8.081481481
Normal,4681,trace 794,TwoMulExample,0,FALSE,TRUE,0.055555556,28.6
Credit Seeking,4681,trace 795,TravelSalesman,0,FALSE,TRUE,0.322580645,15.47333333
Normal,4681,trace 796,KClique,0,FALSE,TRUE,0,14.82
Normal,4681,trace 797,SATProof,0,FALSE,TRUE,0,26.91111111
Credit Seeking,4681,trace 798,NPCCoping,0,FALSE,TRUE,0.810810811,3.180821918
Normal,4681,trace 799,NFA2DFAFrames,0,FALSE,TRUE,0,19.11578947
Normal,4681,trace 801,UnsolveableProblems2,0,FALSE,TRUE,0,2.65
Normal,4681,trace 802,UnsolveableProblems1,0,FALSE,TRUE,0,17681.42
Credit Seeking,4696,trace 803,ContextFreeLanguagesFF,0,FALSE,FALSE,0.325,44.25897436
Normal,4696,trace 804,MajorConceptsFF,0,FALSE,TRUE,0.104166667,11.13191489
Normal,4696,trace 805,GrammarIntroFF,0,FALSE,TRUE,0.081081081,16.11666667
Normal,4696,trace 806,SetDefFF,0,FALSE,TRUE,0,7.44
Normal,4696,trace 807,SetCommonSymbolsFF,0,FALSE,TRUE,0,55.74736842
Normal,4696,trace 808,RelationsFF,0,FALSE,TRUE,0.105263158,62.95555556
Normal,4696,trace 809,MathProofFF,0,FALSE,TRUE,0,35.82727273
Normal,4696,trace 810,ContinuedMathProofFF,0,FALSE,TRUE,0,730.16
Normal,4696,trace 811,InductionProofExample1FF,0,FALSE,TRUE,0.142857143,7.76
Normal,4696,trace 812,InductionProofExample2FF,0,FALSE,TRUE,0,7.563636364
Normal,4696,trace 813,DFAFF,0,FALSE,TRUE,0.064516129,220.5733333
Normal,4696,trace 814,FADefinitionsFF,0,FALSE,TRUE,0,19.01538462
Normal,4696,trace 815,NFA,0,FALSE,TRUE,0,11.05217391
Normal,4696,trace 816,NFA2DFAFrames,0,FALSE,TRUE,0.043478261,10.64545455
Normal,4696,trace 817,NFAtoDFAFF,0,FALSE,TRUE,0,10.2
Normal,4696,trace 818,DFAMinimizationFF,0,FALSE,TRUE,0.041666667,8.443478261
Normal,4696,trace 819,MinimizationWithQuestionsFF,0,FALSE,TRUE,0,10.09565217
Credit Seeking,4696,trace 820,RegularExpressionsFF,0,FALSE,TRUE,0.52238806,12.71515152
Normal,4696,trace 821,RegEXandRegLangFF,0,FALSE,TRUE,0.055555556,8.894117647
Normal,4696,trace 822,RegEXandRegLangORFF,0,FALSE,TRUE,0,5.516666667
Normal,4696,trace 823,RegEXandRegLangConcatFF,0,FALSE,TRUE,0,6.02
Normal,4696,trace 824,RegEXandRegLangStarFF,0,FALSE,TRUE,0,4.244444444
Normal,4696,trace 825,RegEXtoNFAExampleFF,0,FALSE,TRUE,0,11.02
Normal,4696,trace 826,ConvertRLREFF,0,FALSE,TRUE,0,5.844444444
Credit Seeking,4696,trace 827,RegularGrammarFF,0,FALSE,TRUE,0.607142857,6.44
Normal,4696,trace 828,NFAToREFF,0,FALSE,TRUE,0,9.728571429
Normal,4696,trace 829,REtoFAExampleFF,0,FALSE,TRUE,0,4.275
Normal,4696,trace 830,RightLinearRGFF,0,FALSE,TRUE,0,7.48
Normal,4696,trace 831,NFAToReExampleFF,0,FALSE,TRUE,0,5.22
Normal,4696,trace 832,ClosureConceptFF,0,FALSE,TRUE,0.076923077,4.183333333
Normal,4696,trace 833,ClosureRegularLangFF,0,FALSE,TRUE,0.173913043,6.872727273
Normal,4696,trace 834,RegularLangClosedInterFF,0,FALSE,TRUE,0.103448276,11.47142857
Normal,4696,trace 835,RightQuotientFF,0,FALSE,TRUE,0.029411765,28.0969697
Normal,4696,trace 836,HomomorphismFF,0,FALSE,TRUE,0,22.8
Normal,4696,trace 837,introToNonRegularFF,0,FALSE,TRUE,0,7.707692308
Normal,4696,trace 838,introToPumpingFF,0,FALSE,TRUE,0,5.577777778
Normal,4696,trace 839,PLExample1FF,0,FALSE,TRUE,0.12962963,13.90943396
Normal,4696,trace 840,PLExample2FF,0,FALSE,TRUE,0.03125,35.29677419
Normal,4696,trace 841,PLExample3FF,0,FALSE,TRUE,0.071428571,38.08148148
Normal,4696,trace 842,PLExample4FF,0,FALSE,TRUE,0.035714286,5.637037037
Normal,4696,trace 843,PLExample5FF,0,FALSE,TRUE,0,7.248
Normal,4696,trace 844,PLExample6FF,0,FALSE,TRUE,0.195121951,3.83
Normal,4696,trace 845,ClosurePropertiesFF,0,FALSE,TRUE,0,7.8
Normal,4696,trace 846,ClosurePropertiesExample1FF,0,FALSE,TRUE,0.083333333,4.654545455
Normal,4696,trace 847,ClosurePropertiesExample2FF,0,FALSE,TRUE,0,4.885714286
Normal,4696,trace 848,ClosurePropertiesExample3FF,0,FALSE,TRUE,0,4.381818182
Credit Seeking,4696,trace 849,ContextFreeLanguagesFF,1,FALSE,TRUE,0.384615385,5.766666667
Normal,4696,trace 850,CFGDerivationsFF,0,FALSE,TRUE,0.036363636,7.818518519
Normal,4696,trace 851,DerivationTreesFF,0,TRUE,TRUE,0,6.2625
Normal,4696,trace 852,MembershipProblemFF,0,FALSE,FALSE,0,3.366666667
Normal,4696,trace 853,PDA,0,FALSE,TRUE,0.2,4.484210526
Normal,4696,trace 854,PDATransitionsFF,0,FALSE,TRUE,0,12.46363636
Normal,4696,trace 855,PDAAcceptanceFF,0,FALSE,FALSE,0.2,6.011111111
Normal,4696,trace 856,PDATransitionsFF,1,FALSE,FALSE,0,17.67777778
Credit Seeking,4696,trace 857,DPDAFF,0,FALSE,FALSE,0.837837838,4.641666667
Normal,4696,trace 858,NCFLProofFF,0,FALSE,FALSE,0,11.36666667
Normal,4696,trace 859,TMGeneralModel,0,FALSE,TRUE,0.140625,48387.79683
Normal,4734,trace 860,MajorConceptsFF,0,FALSE,TRUE,0.051282051,29.08421053
Normal,4734,trace 861,GrammarIntroFF,0,FALSE,TRUE,0.028571429,34.27058824
Normal,4734,trace 862,SetDefFF,0,FALSE,TRUE,0,17.84
Normal,4734,trace 863,SetCommonSymbolsFF,0,FALSE,TRUE,0.076923077,26497.488
Normal,4734,trace 864,RelationsFF,0,FALSE,TRUE,0.136363636,20.2
Normal,4734,trace 865,MathProofFF,0,FALSE,TRUE,0.222222222,13.83428571
Normal,4734,trace 866,ContinuedMathProofFF,0,FALSE,TRUE,0,76.2
Normal,4734,trace 867,InductionProofExample1FF,0,FALSE,TRUE,0.142857143,15.86
Normal,4734,trace 868,InductionProofExample2FF,0,FALSE,TRUE,0.076923077,29.18333333
Normal,4734,trace 869,DFAFF,0,FALSE,TRUE,0.129032258,19.54
Normal,4734,trace 870,FADefinitionsFF,0,FALSE,TRUE,0,24.56363636
Normal,4734,trace 871,TransformGrammarsFF,0,FALSE,FALSE,0,4.258333333
Normal,4734,trace 872,RemoveUselessFF,0,FALSE,FALSE,0,5.016666667
Credit Seeking,4734,trace 873,RegEXtoRegGrammarFF,0,FALSE,FALSE,0.333333333,2.62
Credit Seeking,4734,trace 874,PDACFLFF,0,FALSE,FALSE,0.352941176,15.40597015
Normal,4734,trace 875,TMGeneralModel,0,FALSE,TRUE,0.096774194,182.5098361
Normal,4734,trace 876,introToNonRegularFF,0,FALSE,TRUE,0,9.442857143
Normal,4734,trace 877,introToPumpingFF,0,FALSE,TRUE,0,6.022222222
Normal,4734,trace 878,PLExample1FF,0,FALSE,TRUE,0.104166667,11.04680851
Normal,4734,trace 879,PLExample2FF,0,FALSE,TRUE,0.09375,13.03870968
Normal,4734,trace 880,PLExample3FF,0,FALSE,TRUE,0.128205128,4.768421053
Normal,4734,trace 881,PLExample4FF,0,FALSE,TRUE,0,8.765517241
Normal,4734,trace 882,PLExample5FF,0,FALSE,TRUE,0.04,8.883333333
Normal,4734,trace 883,PLExample6FF,0,FALSE,TRUE,0.162790698,4.29047619
Credit Seeking,4734,trace 884,ClosurePropertiesFF,0,FALSE,TRUE,0.333333333,3.381818182
Normal,4734,trace 885,ClosurePropertiesExample1FF,0,FALSE,TRUE,0,5.85
Normal,4734,trace 886,ClosurePropertiesExample2FF,0,FALSE,TRUE,0,2.466666667
Normal,4734,trace 887,ClosurePropertiesExample3FF,0,FALSE,TRUE,0,2.775
Credit Seeking,4734,trace 888,ContextFreeLanguagesFF,0,FALSE,TRUE,0.38,324.0653061
Normal,4734,trace 889,PairToSortCONPI,0,FALSE,TRUE,0.066666667,72.15714286
Normal,4734,trace 890,LowerBound,0,FALSE,TRUE,0.090909091,5.92
Normal,4734,trace 891,TwoMulExample,0,FALSE,TRUE,0,7.344444444
Normal,4734,trace 892,TravelSalesman,0,FALSE,TRUE,0.045454545,6.247619048
Normal,4734,trace 893,KClique,0,FALSE,TRUE,0.071428571,6.938461538
Normal,4734,trace 894,SATProof,0,FALSE,TRUE,0,5.8
Normal,4734,trace 895,NPCCoping,0,FALSE,TRUE,0.133333333,13.8
Normal,4734,trace 896,UnsolveableProblems1,0,FALSE,TRUE,0,36.12
Normal,4734,trace 897,UnsolveableProblems2,0,FALSE,TRUE,0,75.7
Normal,4739,trace 898,introToNonRegularFF,0,FALSE,FALSE,0.1,2.788888889
Normal,4739,trace 899,ClosurePropertiesExample1FF,0,FALSE,TRUE,0,9.32
Credit Seeking,4739,trace 900,ClosurePropertiesFF,0,FALSE,TRUE,0.3,3.244444444
Normal,4739,trace 901,ClosurePropertiesExample2FF,0,FALSE,TRUE,0,7.4
Normal,4739,trace 902,introToPumpingFF,0,FALSE,FALSE,0,5.275
Normal,4739,trace 903,PLExample1FF,0,FALSE,FALSE,0.12,8.8375
Normal,4739,trace 904,PLExample4FF,0,FALSE,TRUE,0.096774194,51.30666667
Normal,4739,trace 905,PLExample5FF,0,FALSE,FALSE,0,2.366666667
Normal,4739,trace 906,PLExample2FF,0,FALSE,FALSE,0,73.03333333
Normal,4739,trace 907,DerivationTreesFF,0,FALSE,FALSE,0,180.91
Normal,4739,trace 908,AmbiguityFF,0,FALSE,FALSE,0,3.683333333
Normal,4739,trace 909,MembershipProblemFF,0,FALSE,FALSE,0,2.82
Normal,4739,trace 910,LeftLinearGrammarFF,0,FALSE,TRUE,0.075,9.976923077
Credit Seeking,4739,trace 911,RegularGrammarFF,0,FALSE,FALSE,0.4,2.022222222
Normal,4739,trace 912,NFAToREFF,0,FALSE,FALSE,0,11.28181818
Normal,4739,trace 914,NFAToREFF,1,FALSE,TRUE,0,11.86666667
Normal,4739,trace 916,RightLinearRGFF,0,TRUE,TRUE,0.1,4.221052632
Normal,4739,trace 917,LeftLinearGrammarFF,1,TRUE,TRUE,0,77.55
Normal,4739,trace 918,PDAAcceptanceFF,0,FALSE,FALSE,0,1.05
Normal,4739,trace 921,PDACFLFF,0,FALSE,TRUE,0.257142857,16.06086957
Credit Seeking,4739,trace 922,TMInterpreting,0,FALSE,FALSE,0.454545455,2.51
Normal,4739,trace 923,RelationsFF,0,FALSE,TRUE,0.136363636,3.00952381
Normal,4739,trace 925,NFAtoDFAFF,0,FALSE,TRUE,0,7.885714286
Normal,4739,trace 926,NFA2DFAFrames,0,FALSE,TRUE,0.181818182,9.75625
Credit Seeking,4739,trace 927,RegEXtoLeftRegGrammarFF,0,FALSE,FALSE,0.6,6.773417722
Normal,4739,trace 928,RightLinearRGFF,1,TRUE,TRUE,0,0.1
Normal,4739,trace 930,KClique,0,FALSE,TRUE,0.111111111,2.952941176
Normal,4739,trace 931,TravelSalesman,0,FALSE,FALSE,0,0.55
Normal,4739,trace 933,UnsolveableProblems1,0,FALSE,TRUE,0,48.65
Normal,4739,trace 934,UnsolveableProblems2,0,FALSE,FALSE,0,19.05
Normal,4739,trace 935,PairToSortCONPI,0,FALSE,TRUE,0.166666667,4.835294118
Normal,4739,trace 937,PDAAcceptanceEquivalenceFF,0,FALSE,FALSE,0,2.55
Normal,4739,trace 938,PDATransitionsFF,0,FALSE,FALSE,0,3.82
Normal,4800,trace 939,LanguagesFS,0,FALSE,TRUE,0.12,41.16530612
Credit Seeking,4800,trace 940,GrammarIntroFS,0,FALSE,FALSE,0.733333333,8.435714286
Normal,4800,trace 941,SetDefFS,0,FALSE,TRUE,0,35.88571429
Credit Seeking,4800,trace 942,DFAintroFS,0,FALSE,TRUE,0.533333333,31.39090909
Normal,4800,trace 943,DFAadvancedFS,0,FALSE,FALSE,0,591.42
Credit Seeking,4800,trace 944,NFAFS,0,FALSE,TRUE,0.40625,159.9419355
Normal,4800,trace 945,NFAequivFS,0,FALSE,TRUE,0,0.1
Credit Seeking,4800,trace 946,RegExFS,0,FALSE,TRUE,0.689320388,20.31568627
Normal,4800,trace 947,RegEx2NFA1FS,0,FALSE,TRUE,0,25.6
Normal,4800,trace 948,RegEx2NFAorFS,0,FALSE,TRUE,0,24.65
Normal,4800,trace 949,RegEx2NFAcatFS,0,FALSE,TRUE,0.133333333,12.44285714
Normal,4800,trace 950,RegEx2NFAstarFS,0,TRUE,TRUE,0,8.92
Normal,4800,trace 951,RegEXtoNFAExampleFF,0,FALSE,TRUE,0,30.24615385
Normal,4800,trace 952,DFAMinFS,0,FALSE,FALSE,0,33.36666667
Normal,4800,trace 954,introToNonRegularFF,0,FALSE,TRUE,0,16.15714286
Normal,4800,trace 955,introToPumpingFF,0,FALSE,TRUE,0,0.12
Normal,4800,trace 956,PLExample1FF,0,FALSE,TRUE,0.020408163,36.9625
Normal,4800,trace 957,PLExample2FF,0,FALSE,FALSE,0,4.55
Normal,4800,trace 958,PLExample6FF,0,TRUE,TRUE,0.023255814,24.5047619
Normal,4800,trace 959,introToNonRegularFF,1,TRUE,TRUE,0,1.066666667
Normal,4800,trace 960,CFGDerivationsFF,0,FALSE,FALSE,0.166666667,5.22
Credit Seeking,4800,trace 961,ContextFreeLanguagesFF,0,FALSE,FALSE,0.571428571,3.033333333
Normal,4800,trace 962,CFGDerivationsFF,1,FALSE,FALSE,0,11.56176471
Normal,4800,trace 963,DerivationTreesFF,0,FALSE,FALSE,0,10.3
Credit Seeking,4800,trace 964,ContextFreeLanguagesFF,1,FALSE,FALSE,0.918918919,3.755555556
Normal,4800,trace 965,DerivationTreesFF,1,FALSE,TRUE,0,7.9
Normal,4800,trace 966,PDA,0,FALSE,TRUE,0,150.35
Normal,4800,trace 967,PDATransitionsFF,0,TRUE,TRUE,0.086956522,45.73636364
Normal,4800,trace 968,PDAAcceptanceFF,0,FALSE,TRUE,0.043478261,10.00222222
Normal,4800,trace 969,TMGeneralModel,0,FALSE,FALSE,0,7.677777778
Normal,4800,trace 970,ChomskyNormalFormFF,0,FALSE,FALSE,0,32.025
Normal,4800,trace 971,TransformGrammarsFF,0,FALSE,TRUE,0,32.77333333
Normal,4800,trace 972,RemoveUselessFF,0,FALSE,TRUE,0.236842105,22.00540541
Normal,4800,trace 973,RemoveLambdaFF,0,TRUE,TRUE,0,27.85263158
Credit Seeking,4800,trace 974,RemoveUnitFF,0,FALSE,TRUE,0.353846154,16.4859375
Credit Seeking,4800,trace 975,RemoveUselessFF,1,FALSE,FALSE,0.571428571,4.35
Normal,4800,trace 976,ChomskyNormalFormFF,1,FALSE,FALSE,0,14.03333333
Normal,4800,trace 977,RemoveUnitFF,1,FALSE,FALSE,0,59.03333333
Credit Seeking,4800,trace 978,GreibachNormalFormFF,0,FALSE,FALSE,0.441176471,7.184848485
Normal,4800,trace 979,ChomskyNormalFormFF,1,FALSE,TRUE,0,14.275
Credit Seeking,4800,trace 980,GreibachNormalFormFF,1,FALSE,TRUE,0.291666667,43.66086957
Credit Seeking,4800,trace 981,CFLPumpingLemmaFF,0,FALSE,FALSE,0.428571429,6.315384615
Normal,4800,trace 982,CFLPumpingLemmaExample1FF,0,FALSE,FALSE,0,22.45
Credit Seeking,4800,trace 983,GreibachNormalFormFF,1,FALSE,FALSE,0.884615385,11.204
Normal,4800,trace 984,TMGeneralModel,1,FALSE,FALSE,0,2.05
Normal,4800,trace 985,RemoveUselessFF,1,FALSE,FALSE,0,10.05
Normal,4800,trace 988,TwoMulExample,0,FALSE,FALSE,0,1.05
Normal,4800,trace 989,NFAequivFS,1,TRUE,TRUE,0,1.066666667
Normal,4800,trace 990,SATProof,0,FALSE,FALSE,0,3.7
Normal,4800,trace 991,UnsolveableProblems2,0,FALSE,FALSE,0,2.55
Normal,4800,trace 992,TMGeneralModel,1,FALSE,TRUE,0.103448276,107.8631579
Normal,4800,trace 993,TMInterpreting,0,FALSE,TRUE,0,8.16
Normal,4800,trace 994,TMDecidableVSAcceptable,0,FALSE,TRUE,0,5.169230769
Normal,4800,trace 995,TMComplicatedMachine3,0,FALSE,TRUE,0,5.573913043
Credit Seeking,4800,trace 996,RelationsFS,0,FALSE,TRUE,0.333333333,6.313043478
Normal,4800,trace 997,EquivFS,0,FALSE,TRUE,0.2,5.133333333
Normal,4800,trace 998,DFAadvancedFS,1,FALSE,TRUE,0,6.22
Normal,4800,trace 999,NFAequivFS,1,TRUE,TRUE,0.2,1.3
Normal,4800,trace 1000,NFA2DFAlargeExFS,0,FALSE,FALSE,0,23.02
Normal,4800,trace 1001,ConvertRLREFF,0,FALSE,TRUE,0.086956522,4.554545455
Credit Seeking,4800,trace 1002,NFA2DFAlargeExFS,1,FALSE,FALSE,0.705882353,10.19375
Normal,4800,trace 1003,NFAequivFS,1,TRUE,TRUE,0,0.1
Normal,4800,trace 1004,RightLinearRGFF,0,FALSE,TRUE,0,7.014285714
Credit Seeking,4800,trace 1005,RegEXtoLeftRegGrammarFF,0,FALSE,TRUE,0.366666667,7.952542373
Normal,4800,trace 1006,STA,0,FALSE,TRUE,0.058823529,1.8875
Normal,4800,trace 1007,NFAToReExampleFF,0,FALSE,TRUE,0,16.2
Normal,4800,trace 1008,LeftLinearGrammarFF,0,FALSE,TRUE,0,5.437837838
Normal,4800,trace 1009,RegEXtoLeftRegGrammarFF,1,FALSE,FALSE,0,91.8875
Normal,4800,trace 1011,PDAAcceptanceEquivalenceFF,0,FALSE,FALSE,0,2.22
Normal,4817,trace 1012,ClosureConceptFF,0,FALSE,TRUE,0,4.109090909
Credit Seeking,4817,trace 1013,ClosureRegularLangFF,0,FALSE,TRUE,0.333333333,10.85
Credit Seeking,4817,trace 1014,ContextFreeLanguagesFF,0,FALSE,TRUE,0.388888889,7.116981132
Normal,4817,trace 1015,DerivationTreesFF,0,FALSE,TRUE,0.052631579,3.177777778
Normal,4817,trace 1016,SetDefFF,0,FALSE,TRUE,0,23.17142857
Normal,4817,trace 1017,SetCommonSymbolsFF,0,FALSE,TRUE,0.04,14.13333333
Normal,4817,trace 1018,RelationsFF,0,FALSE,FALSE,0.1875,10.60666667
Normal,4817,trace 1019,NFA,0,FALSE,FALSE,0.15,65.63684211
Normal,4817,trace 1020,DFAFF,0,FALSE,TRUE,0.256410256,14.18947368
Normal,4817,trace 1021,FADefinitionsFF,0,FALSE,TRUE,0.235294118,34.2625
Normal,4817,trace 1022,NFA,1,FALSE,TRUE,0.115384615,20.608
Normal,4817,trace 1023,NFA2DFAFrames,0,FALSE,TRUE,0.047619048,15.11
Normal,4817,trace 1024,NFAtoDFAFF,0,FALSE,TRUE,0,8.8
Normal,4817,trace 1025,DFAMinimizationFF,0,FALSE,TRUE,0.103448276,7.864285714
Normal,4817,trace 1026,MinimizationWithQuestionsFF,0,FALSE,TRUE,0.054054054,7.727777778
Normal,4817,trace 1027,MinimizationWithQuestions2FF,0,FALSE,TRUE,0.027027027,3.811111111
Credit Seeking,4817,trace 1028,RegularExpressionsFF,0,FALSE,TRUE,0.797927461,10.37604167
Normal,4817,trace 1029,MajorConceptsFF,0,FALSE,FALSE,0.178571429,6.559259259
Normal,4817,trace 1030,CFGDerivationsFF,0,FALSE,TRUE,0.242424242,3.665306122
Credit Seeking,4817,trace 1031,PDACFLFF,0,FALSE,TRUE,0.512820513,622.45
Normal,4817,trace 1032,introToNonRegularFF,0,FALSE,TRUE,0,99.14666667
Normal,4817,trace 1033,introToPumpingFF,0,FALSE,TRUE,0.153846154,6.683333333
Normal,4817,trace 1034,PLExample1FF,0,FALSE,TRUE,0.120689655,8.214035088
Normal,4817,trace 1035,PLExample2FF,0,FALSE,TRUE,0.135135135,93.08888889
Normal,4817,trace 1036,PLExample3FF,0,FALSE,TRUE,0.114285714,61.41764706
Normal,4817,trace 1037,PLExample4FF,0,FALSE,TRUE,0,44.90666667
Normal,4817,trace 1038,PLExample5FF,0,FALSE,TRUE,0.038461538,6.648
Normal,4817,trace 1039,PLExample6FF,0,FALSE,TRUE,0.028571429,5.211764706
Normal,4817,trace 1040,ClosurePropertiesFF,0,FALSE,TRUE,0,30.84
Normal,4817,trace 1041,ClosurePropertiesExample1FF,0,FALSE,TRUE,0.071428571,6.476923077
Normal,4817,trace 1042,ClosurePropertiesExample2FF,0,FALSE,TRUE,0,6.028571429
Normal,4817,trace 1043,ClosurePropertiesExample3FF,0,FALSE,TRUE,0,3.02
Normal,4817,trace 1044,RegEXandRegLangFF,0,FALSE,TRUE,0.052631579,6.011111111
Normal,4817,trace 1045,RegEXandRegLangORFF,0,FALSE,TRUE,0,5.092307692
Normal,4817,trace 1046,RegEXandRegLangConcatFF,0,FALSE,TRUE,0.105263158,3.122222222
Normal,4817,trace 1047,RegEXandRegLangStarFF,0,FALSE,TRUE,0.153846154,3.766666667
Credit Seeking,4817,trace 1048,RegEXtoNFAExampleFF,0,FALSE,TRUE,0.448275862,7.257142857
Normal,4817,trace 1049,ConvertRLREFF,0,FALSE,TRUE,0,2.914285714
Credit Seeking,4817,trace 1050,RegularGrammarFF,0,FALSE,TRUE,0.465116279,7.219047619
Normal,4817,trace 1051,NFAToREFF,0,FALSE,TRUE,0.15,11.01052632
Normal,4817,trace 1052,REtoFAExampleFF,0,FALSE,TRUE,0,5.4
Normal,4817,trace 1053,RightLinearRGFF,0,FALSE,TRUE,0,5.45
Normal,4817,trace 1054,NFAToReExampleFF,0,FALSE,TRUE,0.277777778,5.482352941
Normal,4817,trace 1055,LeftLinearGrammarFF,0,FALSE,TRUE,0.027777778,3.92
Credit Seeking,4817,trace 1056,RegEXtoRegGrammarFF,0,FALSE,FALSE,0.858823529,4.55
Credit Seeking,4817,trace 1057,RegEXtoLeftRegGrammarFF,0,FALSE,FALSE,0.461538462,2.604
Credit Seeking,4817,trace 1058,RegEXtoRegGrammarFF,1,FALSE,FALSE,0.830188679,3.696153846
Normal,4817,trace 1059,RegEXtoLeftRegGrammarFF,1,FALSE,FALSE,0.25,3.033333333
Credit Seeking,4817,trace 1060,RegEXtoRegGrammarFF,1,FALSE,FALSE,0.571428571,3.7
Credit Seeking,4817,trace 1061,RegEXtoLeftRegGrammarFF,1,FALSE,FALSE,0.523809524,2.555
Normal,4817,trace 1062,RegEXtoRegGrammarFF,1,FALSE,FALSE,0.166666667,1.82
Normal,4817,trace 1063,RegEXtoLeftRegGrammarFF,1,FALSE,FALSE,0,1.55
Normal,4817,trace 1064,RegEXtoRegGrammarFF,1,FALSE,FALSE,0.2,3.122222222
Normal,4817,trace 1065,RegEXtoLeftRegGrammarFF,1,FALSE,TRUE,0.1,2.577777778
Normal,4817,trace 1066,RegEXtoRegGrammarFF,1,FALSE,TRUE,0,1.44
Normal,4817,trace 1067,STA,0,FALSE,TRUE,0,2.654545455
Normal,4817,trace 1068,PDA,0,FALSE,TRUE,0.25,17.31304348
Normal,4817,trace 1069,PDATransitionsFF,0,FALSE,TRUE,0.083333333,11.83478261
Normal,4817,trace 1070,PDAAcceptanceFF,0,FALSE,TRUE,0.044444444,10.05
Normal,4817,trace 1071,PDAEmptyStackAcceptanceFF,0,FALSE,TRUE,0.113636364,8.446511628
Normal,4817,trace 1072,PDAAcceptanceEquivalenceFF,0,FALSE,TRUE,0,6.92173913
Normal,4817,trace 1073,DPDAFF,0,FALSE,TRUE,0.266666667,22.69655172
Normal,4817,trace 1074,NCFLProofFF,0,FALSE,TRUE,0,2.728571429
Normal,4817,trace 1075,NCFLversusDCFLFF,0,FALSE,TRUE,0,3.775
Normal,4817,trace 1076,GrammarsForDCFLFF,0,FALSE,TRUE,0,5.927272727
Credit Seeking,4817,trace 1077,TMGeneralModel,0,FALSE,TRUE,0.351351351,7.156363636
Normal,4817,trace 1078,TransformGrammarsFF,0,FALSE,TRUE,0.028571429,4.182352941
Normal,4817,trace 1079,introToNonRegularFF,1,TRUE,TRUE,0,1.4
Normal,4817,trace 1080,CFLPumpingLemmaExample1FF,0,FALSE,FALSE,0,2.05
Normal,4817,trace 1081,CFLPumpingLemmaExample3FF,0,FALSE,TRUE,0.265306122,4.233333333
Normal,4817,trace 1082,TMInterpreting,0,FALSE,TRUE,0.193548387,4.406666667
Normal,4817,trace 1083,TMDecidableVSAcceptable,0,FALSE,TRUE,0.25,3.68
Credit Seeking,4817,trace 1084,MembershipProblemFF,0,FALSE,TRUE,0.446808511,7.17826087
Normal,4817,trace 1085,AmbiguityFF,0,FALSE,TRUE,0,3.383333333
Normal,4817,trace 1086,UnsolveableProblems1,0,FALSE,FALSE,0,4.35
Credit Seeking,4817,trace 1087,PairToSortCONPI,0,FALSE,TRUE,0.307692308,50.008
Normal,4817,trace 1088,LowerBound,0,FALSE,FALSE,0,3.016666667
Normal,4817,trace 1089,TwoMulExample,0,FALSE,TRUE,0.105263158,3.066666667
Credit Seeking,4817,trace 1090,TravelSalesman,0,FALSE,TRUE,0.3125,3.651612903
Normal,4817,trace 1091,KClique,0,FALSE,TRUE,0.125,2.88
Normal,4817,trace 1092,SATProof,0,FALSE,TRUE,0.076923077,2.6
Credit Seeking,4817,trace 1093,NPCCoping,0,FALSE,TRUE,0.6,3.417647059
Normal,4817,trace 1094,UnsolveableProblems1,1,FALSE,TRUE,0,1.733333333
Normal,4817,trace 1095,UnsolveableProblems2,0,FALSE,TRUE,0,2.577777778
Normal,4837,trace 1096,MajorConceptsFF,0,FALSE,TRUE,0.051282051,10.34736842
Normal,4837,trace 1097,GrammarIntroFF,0,FALSE,TRUE,0,13.77714286
Normal,4837,trace 1098,SetDefFF,0,FALSE,TRUE,0,7.24
Normal,4837,trace 1099,SetCommonSymbolsFF,0,FALSE,TRUE,0,8.2
Normal,4837,trace 1100,RelationsFF,0,FALSE,TRUE,0.05,12.69473684
Normal,4837,trace 1101,MathProofFF,0,FALSE,TRUE,0,9.009090909
Normal,4837,trace 1102,ContinuedMathProofFF,0,FALSE,TRUE,0,7.536842105
Normal,4837,trace 1103,InductionProofExample1FF,0,FALSE,TRUE,0.058823529,8.1375
Normal,4837,trace 1104,InductionProofExample2FF,0,FALSE,TRUE,0,6.02
Normal,4837,trace 1105,DFAFF,0,FALSE,TRUE,0,13.25833333
Normal,4837,trace 1106,FADefinitionsFF,0,FALSE,TRUE,0,12.74545455
Normal,4837,trace 1107,NFA,0,FALSE,TRUE,0,13.64545455
Normal,4837,trace 1108,NFA2DFAFrames,0,FALSE,TRUE,0,16.23333333
Normal,4837,trace 1109,NFAtoDFAFF,0,FALSE,TRUE,0,8.028571429
Normal,4837,trace 1110,DFAMinimizationFF,0,FALSE,TRUE,0,37.05454545
Normal,4837,trace 1111,MinimizationWithQuestionsFF,0,FALSE,TRUE,0.04,16.25833333
Normal,4837,trace 1112,MinimizationWithQuestions2FF,0,FALSE,TRUE,0,11.30666667
Normal,4837,trace 1113,RegularExpressionsFF,0,FALSE,FALSE,0.086956522,59.41363636
Normal,4837,trace 1114,TransformGrammarsFF,0,FALSE,TRUE,0.033333333,21.66206897
Normal,4837,trace 1115,RightLinearRGFF,0,TRUE,TRUE,0,6.129411765
Normal,4837,trace 1116,LeftLinearGrammarFF,0,FALSE,TRUE,0,10.2
Normal,4837,trace 1117,PDA,0,FALSE,TRUE,0,19.01818182
Normal,4837,trace 1118,PDATransitionsFF,0,TRUE,TRUE,0.090909091,11.53333333
Normal,4837,trace 1119,PDAAcceptanceFF,0,FALSE,TRUE,0,8.291428571
Normal,4837,trace 1120,PDAEmptyStackAcceptanceFF,0,FALSE,TRUE,0,6.377142857
Normal,4837,trace 1121,PDAAcceptanceEquivalenceFF,0,FALSE,TRUE,0.130434783,15.05454545
Credit Seeking,4837,trace 1122,PDACFLFF,0,FALSE,TRUE,0.303571429,16.74909091
Normal,4837,trace 1123,PDAAcceptanceEquivalenceFF,1,FALSE,FALSE,0.25,2.4
Normal,4837,trace 1124,DFAFF,1,TRUE,TRUE,0,2.84
Normal,4837,trace 1125,FADefinitionsFF,1,TRUE,TRUE,0,9.290909091
Normal,4837,trace 1126,RegularGrammarFF,0,FALSE,TRUE,0.086956522,11.00909091
Normal,4837,trace 1127,NFAToREFF,0,FALSE,TRUE,0,21.44285714
Normal,4837,trace 1128,REtoFAExampleFF,0,FALSE,TRUE,0,6.355555556
Normal,4837,trace 1129,RightLinearRGFF,1,TRUE,TRUE,0,6.35
Normal,4837,trace 1130,NFAToReExampleFF,0,FALSE,TRUE,0,5.22
Normal,4837,trace 1131,LeftLinearGrammarFF,1,TRUE,TRUE,0.111111111,8.305882353
Normal,4837,trace 1132,RegEXtoRegGrammarFF,0,FALSE,TRUE,0,17.32727273
Normal,4837,trace 1133,RegEXtoLeftRegGrammarFF,0,FALSE,TRUE,0,11.22608696
Normal,4837,trace 1134,STA,0,FALSE,TRUE,0,3.92
Normal,4837,trace 1135,TwoMulExample,0,FALSE,FALSE,0,18.59166667
Normal,4837,trace 1136,UnsolveableProblems1,0,FALSE,TRUE,0,49.91111111
Normal,4837,trace 1137,UnsolveableProblems2,0,FALSE,TRUE,0,54.74285714
Normal,4844,trace 1138,SetDefFS,0,FALSE,TRUE,0,13.88571429
Normal,4844,trace 1139,SetNotationFS,0,FALSE,TRUE,0.037037037,16.46923077
Normal,4844,trace 1140,DFAMinFS,0,FALSE,FALSE,0,1.55
Credit Seeking,4844,trace 1142,ContextFreeLanguagesFF,0,FALSE,TRUE,0.411764706,8.504
Normal,4844,trace 1143,CFGDerivationsFF,0,FALSE,TRUE,0.208333333,22.1
Credit Seeking,4844,trace 1144,NFAFS,0,FALSE,FALSE,0.391304348,13.14090909
Normal,4844,trace 1145,LanguagesFS,0,FALSE,FALSE,0,5.025
Normal,4844,trace 1147,PDATransitionsFF,0,FALSE,FALSE,0.052631579,106.2833333
Credit Seeking,4918,trace 1148,LanguagesFS,0,FALSE,FALSE,0.560606061,14.71076923
Credit Seeking,4918,trace 1150,LanguagesFS,1,FALSE,TRUE,0.703703704,17.49433962
Credit Seeking,4918,trace 1151,GrammarIntroFS,0,FALSE,TRUE,0.639175258,22.12708333
Normal,4918,trace 1152,LanguagesFS,1,FALSE,FALSE,0,20054.36667
Normal,4918,trace 1153,SetDefFS,0,FALSE,TRUE,0,12.68888889
Normal,4918,trace 1154,SetNotationFS,0,FALSE,TRUE,0.071428571,27.78518519
Normal,4918,trace 1155,RelationsFS,0,FALSE,TRUE,0.24,10.175
Credit Seeking,4918,trace 1156,EquivFS,0,FALSE,TRUE,0.736842105,9.491891892
Normal,4918,trace 1157,DFAintroFS,0,FALSE,FALSE,0,3.033333333
Credit Seeking,4918,trace 1158,RegExFS,0,FALSE,FALSE,0.411764706,20356.94375
Normal,4918,trace 1159,RegEx2NFA1FS,0,FALSE,FALSE,0,13.42
Normal,4918,trace 1161,introToNonRegularFF,0,FALSE,TRUE,0,3407.51
Credit Seeking,4918,trace 1162,ContextFreeLanguagesFF,0,FALSE,FALSE,0.891304348,2.693333333
Normal,4918,trace 1163,LanguagesFS,1,FALSE,FALSE,0,3540.805
Normal,4918,trace 1164,GrammarIntroFS,1,TRUE,TRUE,0,0.733333333
Normal,4918,trace 1165,LanguagesFS,1,TRUE,TRUE,0,81.64
Normal,4918,trace 1166,GrammarIntroFS,1,TRUE,TRUE,0,0.1
Credit Seeking,4918,trace 1167,EquivFS,1,FALSE,FALSE,0.375,10.87142857
Normal,4918,trace 1168,RelationsFS,1,FALSE,FALSE,0.266666667,11.00714286
Credit Seeking,4918,trace 1169,SetDefFS,1,TRUE,TRUE,0.821428571,16.93333333
Credit Seeking,4918,trace 1170,DFAintroFS,1,FALSE,FALSE,0.3,90.56666667
Credit Seeking,4918,trace 1172,DFAintroFS,1,FALSE,TRUE,0.4,16.09166667
Normal,4918,trace 1173,DFAadvancedFS,0,FALSE,TRUE,0,147.7076923
Credit Seeking,4918,trace 1174,NFAFS,0,FALSE,FALSE,0.483870968,36.04
Credit Seeking,4918,trace 1175,NFAequivFS,0,FALSE,TRUE,0.5,1.314285714
Credit Seeking,4918,trace 1176,NFAFS,1,FALSE,FALSE,0.909090909,2.25625
Normal,4918,trace 1177,NFA2DFAlargeExFS,0,FALSE,FALSE,0.25,2.033333333
Normal,4918,trace 1178,NFAFS,1,FALSE,TRUE,0.153846154,7.933333333
Credit Seeking,4918,trace 1179,NFA2DFAlargeExFS,1,FALSE,FALSE,0.80952381,3.155
Normal,4918,trace 1180,PairToSortCONPI,0,FALSE,TRUE,0,3.7
Normal,4918,trace 1181,LowerBound,0,FALSE,TRUE,0,3.15
Normal,4918,trace 1182,TwoMulExample,0,FALSE,TRUE,0.041666667,2.530434783
Normal,4918,trace 1183,TravelSalesman,0,FALSE,TRUE,0.161290323,3.073333333
Normal,4918,trace 1184,KClique,0,FALSE,TRUE,0.076923077,2.933333333
Normal,4918,trace 1185,SATProof,0,FALSE,TRUE,0.076923077,3.266666667
Normal,4918,trace 1186,NPCCoping,0,FALSE,TRUE,0.166666667,5.717647059
Normal,4918,trace 1187,UnsolveableProblems1,0,FALSE,TRUE,0,2.82
Normal,4918,trace 1188,UnsolveableProblems2,0,FALSE,TRUE,0,2.4
Normal,4918,trace 1189,NFAequivFS,1,TRUE,TRUE,0.2,1.05
Credit Seeking,4918,trace 1190,NFA2DFAlargeExFS,1,FALSE,FALSE,0.848484848,2.096875
Credit Seeking,4918,trace 1191,DFAintroFS,1,FALSE,FALSE,0.285714286,1.2
Normal,4918,trace 1192,NFAequivFS,1,TRUE,TRUE,0.2,1.05
Credit Seeking,4918,trace 1193,NFA2DFAlargeExFS,1,FALSE,TRUE,0.738095238,6.002409639
Normal,4918,trace 1194,DFAMinFS,0,FALSE,TRUE,0.130434783,1.918181818
Normal,4918,trace 1195,DFAMinEx1FS,0,FALSE,TRUE,0.055555556,2.005714286
Normal,4918,trace 1196,DFAMinEx2FS,0,FALSE,TRUE,0.170731707,2.03
Credit Seeking,4918,trace 1197,RegExFS,1,FALSE,FALSE,0.823529412,4.6375
Normal,4918,trace 1198,RegEx2NFA1FS,1,FALSE,TRUE,0,1.533333333
Normal,4918,trace 1199,RegEx2NFAorFS,0,FALSE,FALSE,0,0.1
Credit Seeking,4918,trace 1200,ClosureConceptFF,0,FALSE,FALSE,0.636363636,1.41
Normal,4918,trace 1201,introToPumpingFF,0,FALSE,TRUE,0.25,1.746666667
Normal,4918,trace 1202,PLExample1FF,0,FALSE,FALSE,0.142857143,2.040740741
Normal,4918,trace 1203,ClosurePropertiesExample3FF,0,FALSE,TRUE,0,1.52
Normal,4918,trace 1204,ClosurePropertiesExample2FF,0,FALSE,TRUE,0,6.133333333
Normal,4918,trace 1205,ClosurePropertiesExample1FF,0,FALSE,TRUE,0,2.02
Credit Seeking,4918,trace 1206,ClosurePropertiesFF,0,FALSE,FALSE,0.5,1.022222222
Normal,4918,trace 1207,PLExample6FF,0,FALSE,FALSE,0,0.1
Normal,4918,trace 1208,PLExample1FF,1,FALSE,TRUE,0.071428571,2.346341463
Normal,4918,trace 1209,PLExample2FF,0,FALSE,TRUE,0.183673469,2.608333333
Normal,4918,trace 1210,PLExample3FF,0,FALSE,TRUE,0.093023256,1.980952381
Credit Seeking,4918,trace 1211,ClosurePropertiesFF,1,FALSE,TRUE,0.5,4.146666667
Normal,4918,trace 1212,PLExample6FF,1,FALSE,TRUE,0.163265306,2.108333333
Normal,4918,trace 1213,PLExample4FF,0,FALSE,TRUE,0.131578947,2.167567568
Normal,4918,trace 1214,PLExample5FF,0,FALSE,TRUE,0.090909091,2.81875
Credit Seeking,4918,trace 1215,ContextFreeLanguagesFF,1,FALSE,FALSE,0.625,0.6
Normal,4918,trace 1216,CFGDerivationsFF,0,FALSE,FALSE,0.25,0.4
Normal,4918,trace 1217,TransformGrammarsFF,0,FALSE,FALSE,0,0.55
Credit Seeking,4918,trace 1218,ContextFreeLanguagesFF,1,FALSE,FALSE,0.791666667,2.965217391
Normal,4918,trace 1219,ConvertRLREFF,0,FALSE,TRUE,0.08,2.633333333
Normal,4918,trace 1220,RegEXtoNFAExampleFF,0,FALSE,TRUE,0.2,4.168421053
Normal,4918,trace 1221,RegEx2NFAstarFS,0,FALSE,TRUE,0.076923077,2.016666667
Normal,4918,trace 1222,RegEx2NFAcatFS,0,FALSE,TRUE,0.166666667,2.188235294
Normal,4918,trace 1223,RegEx2NFAorFS,1,FALSE,TRUE,0,3.15
Credit Seeking,4918,trace 1224,RegExFS,1,FALSE,FALSE,0.909090909,2.19375
Credit Seeking,4918,trace 1225,CFLPumpingLemmaExample5FF,0,FALSE,FALSE,0.285714286,2.505882353
Credit Seeking,4918,trace 1227,CFLPumpingLemmaExample5FF,1,FALSE,FALSE,0.571428571,3.7
Normal,4918,trace 1228,CFLPumpingLemmaExample4FF,0,FALSE,FALSE,0.148148148,2.234615385
Normal,4918,trace 1229,CFLClosurePropertiesFF,0,FALSE,TRUE,0.064516129,2.14
Normal,4918,trace 1230,CFLPumpingLemmaFF,0,FALSE,TRUE,0,2.070588235
Credit Seeking,4918,trace 1231,CFLPumpingLemmaExample1FF,0,FALSE,FALSE,0.468085106,3.417391304
Normal,4918,trace 1232,CFLPumpingLemmaExample3FF,0,FALSE,TRUE,0.235294118,2.144
Credit Seeking,4918,trace 1233,CFLPumpingLemmaExample2FF,0,FALSE,FALSE,0.710144928,2.605882353
Credit Seeking,4918,trace 1234,RegularGrammarFF,0,FALSE,FALSE,0.788888889,2.530337079
Normal,4918,trace 1235,STA,0,FALSE,TRUE,0,2.08
Credit Seeking,4918,trace 1236,RegEXtoLeftRegGrammarFF,0,FALSE,FALSE,0.363636364,2.21
Normal,4918,trace 1237,NFAToReExampleFF,0,FALSE,TRUE,0.2,2.378947368
Normal,4918,trace 1238,RightLinearRGFF,0,FALSE,TRUE,0.1,2.326315789
Credit Seeking,4918,trace 1239,RegularGrammarFF,1,FALSE,TRUE,0.736842105,2.113513514
Normal,4918,trace 1240,REtoFAExampleFF,0,FALSE,TRUE,0.214285714,2.015384615
Normal,4918,trace 1241,HomomorphismFF,0,FALSE,TRUE,0.125,2.013333333
Normal,4918,trace 1243,ClosureConceptFF,1,FALSE,TRUE,0.214285714,2.476923077
Credit Seeking,4918,trace 1244,ClosureRegularLangFF,0,FALSE,TRUE,0.568627451,2.124
Credit Seeking,4918,trace 1245,RegularLangClosedInterFF,0,FALSE,FALSE,0.88,3.591666667
Credit Seeking,4918,trace 1246,RightQuotientFF,0,FALSE,FALSE,0.769230769,3.1890625
Credit Seeking,4918,trace 1247,RegularLangClosedInterFF,1,FALSE,TRUE,0.457142857,2.263768116
Credit Seeking,4918,trace 1248,RightQuotientFF,1,TRUE,TRUE,0.349206349,3.293548387
Credit Seeking,4918,trace 1249,RegExFS,1,FALSE,FALSE,0.805555556,2.577142857
Credit Seeking,4918,trace 1250,NFAToREFF,0,FALSE,TRUE,0.777777778,1.609345794
Credit Seeking,4918,trace 1251,RegExFS,1,FALSE,FALSE,0.858585859,4.879591837
Normal,4918,trace 1252,LeftLinearGrammarFF,0,FALSE,TRUE,0.025,2.235897436
Credit Seeking,4918,trace 1253,RegEXtoLeftRegGrammarFF,1,FALSE,FALSE,0.7,3.163157895
Credit Seeking,4918,trace 1254,RegEXtoRegGrammarFF,0,FALSE,TRUE,0.320754717,3.35
Credit Seeking,4918,trace 1255,RegEXtoLeftRegGrammarFF,1,FALSE,FALSE,0.923076923,4.478947368
Credit Seeking,4918,trace 1256,RegExFS,1,FALSE,FALSE,0.727272727,2.02
Credit Seeking,4918,trace 1257,RegEXtoLeftRegGrammarFF,1,FALSE,TRUE,0.325,2.671794872
Credit Seeking,4918,trace 1258,PDA,0,FALSE,FALSE,0.388888889,2.658823529
Normal,4918,trace 1259,PDATransitionsFF,0,FALSE,TRUE,0,2.480952381
Normal,4918,trace 1260,PDAAcceptanceEquivalenceFF,0,FALSE,TRUE,0.121212121,1.975
Normal,4918,trace 1261,PDAEmptyStackAcceptanceFF,0,FALSE,FALSE,0,0.733333333
Normal,4918,trace 1262,PDA,1,FALSE,FALSE,0.25,0.4
Credit Seeking,4918,trace 1263,RegExFS,1,FALSE,TRUE,0.86259542,5.84
Credit Seeking,4918,trace 1264,NFAequivFS,1,TRUE,TRUE,0.333333333,1.04
Normal,4918,trace 1265,ContextFreeLanguagesFF,1,FALSE,FALSE,0,1.066666667
Normal,4918,trace 1266,DFAintroFS,1,FALSE,FALSE,0,0.1
Normal,4918,trace 1267,TMComplicatedMachine3,0,FALSE,TRUE,0.125,6.84516129
Credit Seeking,4918,trace 1268,TMDecidableVSAcceptable,0,FALSE,TRUE,0.391304348,8.054545455
Normal,4918,trace 1269,TMInterpreting,0,FALSE,TRUE,0.256410256,2.242105263
Credit Seeking,4918,trace 1270,TMGeneralModel,0,FALSE,TRUE,0.327102804,2.549056604
Normal,4918,trace 1271,MembershipProblemFF,0,FALSE,FALSE,0,1.871428571
Credit Seeking,4918,trace 1272,ContextFreeLanguagesFF,1,FALSE,FALSE,0.628865979,2.283333333
Credit Seeking,4918,trace 1273,CFGDerivationsFF,1,FALSE,FALSE,0.333333333,1.578571429
Credit Seeking,4918,trace 1274,ContextFreeLanguagesFF,1,FALSE,FALSE,0.947368421,1.164864865
Normal,4918,trace 1275,AmbiguityFF,0,FALSE,TRUE,0.066666667,2.420689655
Credit Seeking,4918,trace 1276,MembershipProblemFF,1,FALSE,FALSE,0.769230769,1.766666667
Normal,4918,trace 1277,DerivationTreesFF,0,FALSE,TRUE,0.055555556,1.894117647
Credit Seeking,4918,trace 1278,CFGDerivationsFF,1,FALSE,TRUE,0.412698413,1.9536
Credit Seeking,4918,trace 1279,ContextFreeLanguagesFF,1,FALSE,FALSE,0.827586207,2.61754386
Credit Seeking,4918,trace 1280,MembershipProblemFF,1,FALSE,FALSE,0.88,3.675
Normal,4918,trace 1281,PDAEmptyStackAcceptanceFF,1,FALSE,TRUE,0.23943662,1.86
Credit Seeking,4918,trace 1282,PDAAcceptanceFF,0,FALSE,TRUE,0.325,2.15443038
Normal,4918,trace 1283,PDA,1,FALSE,TRUE,0,1.457142857
Credit Seeking,4918,trace 1284,PDACFLFF,0,FALSE,TRUE,0.415841584,2.862
Normal,4918,trace 1285,GrammarsForDCFLFF,0,FALSE,TRUE,0.066666667,2.085714286
Normal,4918,trace 1286,NCFLversusDCFLFF,0,FALSE,TRUE,0,1.62
Normal,4918,trace 1287,NCFLProofFF,0,FALSE,TRUE,0,2.22
Credit Seeking,4918,trace 1288,DPDAFF,0,FALSE,TRUE,0.371428571,1.976470588
Credit Seeking,4918,trace 1289,GreibachNormalFormFF,0,FALSE,FALSE,0.636363636,5.06875
Normal,4918,trace 1290,ChomskyNormalFormFF,0,FALSE,TRUE,0.052631579,1.788888889
Credit Seeking,4918,trace 1291,RemoveUnitFF,0,FALSE,FALSE,0.371428571,6.535294118
Credit Seeking,4918,trace 1292,RemoveLambdaFF,0,FALSE,TRUE,0.479166667,1.876595745
Credit Seeking,4918,trace 1293,RemoveUselessFF,0,FALSE,FALSE,0.5,2.356756757
Normal,4918,trace 1294,TransformGrammarsFF,1,FALSE,TRUE,0.127659574,2.2
Normal,4918,trace 1295,MembershipProblemFF,1,FALSE,FALSE,0.25,0.4
Credit Seeking,4918,trace 1296,ContextFreeLanguagesFF,1,FALSE,TRUE,0.828571429,3.829411765
Credit Seeking,4918,trace 1297,MembershipProblemFF,1,FALSE,FALSE,0.571428571,0.2
Normal,4918,trace 1298,RemoveUnitFF,1,FALSE,FALSE,0,0.1
Credit Seeking,4918,trace 1299,GreibachNormalFormFF,1,FALSE,FALSE,0.4,1.05
Normal,4918,trace 1300,NFA2DFAlargeExFS,1,TRUE,TRUE,0,6.813333333
Normal,4918,trace 1301,NFAequivFS,1,TRUE,TRUE,0,0.4
Credit Seeking,4918,trace 1302,GreibachNormalFormFF,1,FALSE,FALSE,0.4,0.3
Credit Seeking,4918,trace 1303,RemoveUselessFF,1,FALSE,FALSE,0.384615385,18.25833333
Normal,4918,trace 1304,GreibachNormalFormFF,1,FALSE,FALSE,0,0.1
Normal,4918,trace 1305,PDACFLFF,1,TRUE,TRUE,0.2,0.8
Normal,4918,trace 1306,CFLPumpingLemmaExample5FF,1,FALSE,TRUE,0.071428571,1.785185185
Normal,4918,trace 1307,CFLPumpingLemmaExample2FF,1,FALSE,FALSE,0.083333333,1.873913043
Normal,4918,trace 1308,CFLPumpingLemmaExample1FF,1,FALSE,TRUE,0.043478261,1.918181818
Normal,4918,trace 1309,CFLPumpingLemmaExample4FF,1,FALSE,TRUE,0.058823529,5.187878788
Normal,4918,trace 1310,MembershipProblemFF,1,FALSE,FALSE,0,0.1
Normal,4918,trace 1311,RemoveUselessFF,1,FALSE,FALSE,0,0.1
Normal,4918,trace 1312,RemoveUnitFF,1,FALSE,FALSE,0,0.1
Normal,4918,trace 1313,GreibachNormalFormFF,1,FALSE,TRUE,0.243902439,1.73
Credit Seeking,4918,trace 1314,RemoveUselessFF,1,FALSE,FALSE,0.48,1.670833333
Normal,4918,trace 1315,MembershipProblemFF,1,FALSE,TRUE,0.066666667,1.871428571
Credit Seeking,4918,trace 1316,RemoveUnitFF,1,FALSE,TRUE,0.476190476,6.76
Credit Seeking,4918,trace 1317,NFAequivFS,1,TRUE,TRUE,0.5,1.028571429
Normal,4922,trace 1318,LanguagesFS,0,FALSE,TRUE,0.259259259,3232.022642
Normal,4922,trace 1319,GrammarIntroFS,0,FALSE,TRUE,0.085714286,53.06470588
Normal,4922,trace 1320,SetDefFS,0,FALSE,TRUE,0,7474.244444
Normal,4922,trace 1321,SetNotationFS,0,FALSE,TRUE,0.111111111,44.58461538
Normal,4922,trace 1322,RelationsFS,0,FALSE,TRUE,0.238095238,26.36
Normal,4922,trace 1323,EquivFS,0,FALSE,TRUE,0.222222222,21.525
Normal,4922,trace 1324,DFAintroFS,0,FALSE,TRUE,0.1,55.22105263
Normal,4922,trace 1325,DFAadvancedFS,0,FALSE,TRUE,0.111111111,31.07058824
Normal,4922,trace 1326,DFAMinFS,0,FALSE,FALSE,0,0.55
Normal,4922,trace 1327,DFAMinEx1FS,0,FALSE,TRUE,0.1,16.31724138
Normal,4922,trace 1328,NFAFS,0,FALSE,TRUE,0.2,3070.675
Normal,4922,trace 1329,NFAequivFS,0,FALSE,TRUE,0,0.1
Normal,4922,trace 1330,NFA2DFAlargeExFS,0,FALSE,TRUE,0,19.27368421
Normal,4922,trace 1331,DFAMinFS,1,FALSE,TRUE,0.130434783,31.82727273
Normal,4922,trace 1332,DFAMinEx1FS,1,FALSE,FALSE,0,3.05
Normal,4922,trace 1333,DFAMinEx2FS,0,FALSE,TRUE,0,36.82222222
Normal,4922,trace 1334,NFAequivFS,1,TRUE,TRUE,0.2,9.05
Credit Seeking,4922,trace 1335,RegExFS,0,FALSE,TRUE,0.367346939,3866.170833
Normal,4922,trace 1336,RegEx2NFA1FS,0,FALSE,TRUE,0,44.62
Normal,4922,trace 1337,RegEx2NFAorFS,0,FALSE,TRUE,0,39.88571429
Normal,4922,trace 1338,RegEx2NFAcatFS,0,FALSE,TRUE,0.071428571,31.78461538
Normal,4922,trace 1339,RegEx2NFAstarFS,0,FALSE,TRUE,0,3.9
Normal,4922,trace 1340,RegEXtoNFAExampleFF,0,FALSE,TRUE,0.066666667,36.58571429
Normal,4922,trace 1341,ConvertRLREFF,0,FALSE,TRUE,0,884.7176471
Credit Seeking,4922,trace 1342,RegularGrammarFF,0,FALSE,TRUE,0.352941176,23.64242424
Normal,4922,trace 1344,NFAToREFF,0,FALSE,TRUE,0,4001.326316
Normal,4922,trace 1345,REtoFAExampleFF,0,FALSE,TRUE,0,15.15
Normal,4922,trace 1346,RightLinearRGFF,0,FALSE,TRUE,0,42.32307692
Normal,4922,trace 1347,NFAToReExampleFF,0,FALSE,TRUE,0,5.52
Normal,4922,trace 1348,LeftLinearGrammarFF,0,FALSE,TRUE,0,20.56875
Normal,4922,trace 1349,RegEXtoRegGrammarFF,0,FALSE,TRUE,0.194444444,39.77714286
Normal,4922,trace 1350,RegEXtoLeftRegGrammarFF,0,FALSE,TRUE,0.114285714,24.03529412
Normal,4922,trace 1351,STA,0,FALSE,TRUE,0,4.266666667
Normal,4922,trace 1352,ClosureConceptFF,0,FALSE,TRUE,0,67.82
Normal,4922,trace 1353,ClosureRegularLangFF,0,FALSE,TRUE,0.095238095,48.46
Normal,4922,trace 1354,RegularLangClosedInterFF,0,FALSE,TRUE,0,57.47142857
Normal,4922,trace 1355,RightQuotientFF,0,FALSE,TRUE,0.051282051,23.9
Normal,4922,trace 1356,HomomorphismFF,0,FALSE,TRUE,0,26.8
Normal,4922,trace 1357,introToNonRegularFF,0,FALSE,TRUE,0,17.3875
Normal,4922,trace 1358,introToPumpingFF,0,FALSE,TRUE,0,34.525
Normal,4922,trace 1359,PLExample1FF,0,FALSE,TRUE,0.023809524,34.27317073
Normal,4922,trace 1360,PLExample2FF,0,FALSE,TRUE,0.060606061,5.975
Normal,4922,trace 1361,PLExample3FF,0,FALSE,TRUE,0,6.081481481
Normal,4922,trace 1362,PLExample4FF,0,FALSE,TRUE,0,4.888
Normal,4922,trace 1363,PLExample5FF,0,FALSE,TRUE,0,6.466666667
Normal,4922,trace 1364,PLExample6FF,0,FALSE,TRUE,0,23.38125
Normal,4922,trace 1365,ClosurePropertiesFF,0,FALSE,TRUE,0,23.55
Normal,4922,trace 1366,ClosurePropertiesExample1FF,0,FALSE,TRUE,0.266666667,16.15714286
Normal,4922,trace 1367,ClosurePropertiesExample2FF,0,FALSE,TRUE,0,8.457142857
Normal,4922,trace 1368,ClosurePropertiesExample3FF,0,FALSE,TRUE,0,11.275
Normal,4922,trace 1369,ContextFreeLanguagesFF,0,FALSE,TRUE,0,53.74814815
Normal,4922,trace 1370,CFGDerivationsFF,0,FALSE,TRUE,0,10035.31852
Normal,4922,trace 1371,DerivationTreesFF,0,FALSE,TRUE,0,66.37142857
Normal,4922,trace 1372,MembershipProblemFF,0,FALSE,TRUE,0.130434783,36.19090909
Credit Seeking,4922,trace 1373,AmbiguityFF,0,FALSE,TRUE,0.290322581,19.17333333
Credit Seeking,4922,trace 1374,TransformGrammarsFF,0,FALSE,FALSE,0.285714286,9.85
Normal,4922,trace 1375,NFAequivFS,1,TRUE,TRUE,0,0.1
Normal,4922,trace 1376,TransformGrammarsFF,1,FALSE,TRUE,0,2927.488889
Normal,4922,trace 1377,RemoveUselessFF,0,FALSE,TRUE,0.171428571,34.24117647
Normal,4922,trace 1378,RemoveLambdaFF,0,FALSE,TRUE,0.105263158,15.73333333
Normal,4922,trace 1379,RemoveUnitFF,0,FALSE,TRUE,0.088235294,36.03636364
Normal,4922,trace 1380,ChomskyNormalFormFF,0,FALSE,TRUE,0,15.74666667
Normal,4922,trace 1381,GreibachNormalFormFF,0,FALSE,TRUE,0.189189189,12.75555556
Normal,4922,trace 1382,PDA,0,FALSE,TRUE,0.263157895,104.7333333
Normal,4922,trace 1383,PDAAcceptanceEquivalenceFF,0,FALSE,FALSE,0,78.51666667
Normal,4922,trace 1384,PDATransitionsFF,0,FALSE,TRUE,0,12.01111111
Normal,4922,trace 1385,PDACFLFF,0,FALSE,FALSE,0.25,10.48695652
Normal,4922,trace 1386,PDAAcceptanceFF,0,FALSE,TRUE,0.090909091,15.42325581
Normal,4922,trace 1387,PDAEmptyStackAcceptanceFF,0,FALSE,TRUE,0.093023256,115.7428571
Normal,4922,trace 1388,PDAAcceptanceEquivalenceFF,1,FALSE,TRUE,0,2534.648387
Normal,4922,trace 1389,PDACFLFF,1,FALSE,TRUE,0.103448276,14.4
Normal,4922,trace 1390,DPDAFF,0,FALSE,TRUE,0.19047619,50.16
Normal,4922,trace 1391,NCFLProofFF,0,FALSE,TRUE,0,52.46666667
Normal,4922,trace 1392,NCFLversusDCFLFF,0,FALSE,TRUE,0,2.525
Normal,4922,trace 1393,GrammarsForDCFLFF,0,FALSE,TRUE,0,51.86153846
Normal,4922,trace 1394,CFLClosurePropertiesFF,0,FALSE,TRUE,0.041666667,25284.13913
Normal,4922,trace 1395,CFLPumpingLemmaFF,0,FALSE,TRUE,0,4365.168421
Normal,4922,trace 1396,CFLPumpingLemmaExample1FF,0,FALSE,TRUE,0.025641026,12.18947368
Normal,4922,trace 1397,CFLPumpingLemmaExample2FF,0,FALSE,FALSE,0,12.32
Normal,4922,trace 1398,CFLPumpingLemmaExample3FF,0,FALSE,FALSE,0,2.025
Normal,4922,trace 1399,CFLPumpingLemmaExample2FF,1,FALSE,FALSE,0,4.183333333
Credit Seeking,4922,trace 1400,CFLPumpingLemmaExample3FF,1,FALSE,FALSE,0.571428571,0.866666667
Normal,4922,trace 1401,CFLPumpingLemmaExample2FF,1,FALSE,FALSE,0.086956522,15.36818182
Normal,4922,trace 1402,CFLPumpingLemmaExample3FF,1,FALSE,TRUE,0,24.48571429
Normal,4922,trace 1403,CFLPumpingLemmaExample4FF,0,FALSE,TRUE,0.042553191,8.330434783
Normal,4922,trace 1404,CFLPumpingLemmaExample5FF,0,FALSE,TRUE,0,5.294736842
Normal,4922,trace 1405,TMGeneralModel,0,FALSE,TRUE,0.134328358,1091.033333
Normal,4922,trace 1406,TMInterpreting,0,FALSE,TRUE,0,602.55
Normal,4922,trace 1407,TransformGrammarsFF,1,FALSE,FALSE,0,3.05
Normal,4922,trace 1408,TMDecidableVSAcceptable,0,FALSE,TRUE,0.083333333,5.2
Normal,4922,trace 1409,TMComplicatedMachine3,0,FALSE,TRUE,0,25.15238095
Normal,4922,trace 1410,PairToSortCONPI,0,FALSE,FALSE,0,1.05
Normal,4922,trace 1411,UnsolveableProblems2,0,FALSE,FALSE,0,1.4
Normal,4922,trace 1412,PairToSortCONPI,1,FALSE,TRUE,0.157894737,289.5111111
Normal,4922,trace 1413,LowerBound,0,FALSE,TRUE,0.1,81.8
Normal,4922,trace 1414,TwoMulExample,0,FALSE,TRUE,0,17.95789474
Normal,4922,trace 1415,TravelSalesman,0,FALSE,TRUE,0,197.2818182
Normal,4922,trace 1416,KClique,0,FALSE,TRUE,0,14.72
Normal,4922,trace 1417,SATProof,0,FALSE,TRUE,0.083333333,3.381818182
Credit Seeking,4922,trace 1418,NPCCoping,0,FALSE,TRUE,0.368421053,7.733333333
Normal,4922,trace 1419,UnsolveableProblems1,0,FALSE,TRUE,0.076923077,2.683333333
Normal,4922,trace 1420,UnsolveableProblems2,1,FALSE,TRUE,0,1.64
Normal,4922,trace 1421,PairToSortCONPI,1,TRUE,TRUE,0,140.2909091
Normal,4922,trace 1422,LowerBound,1,TRUE,TRUE,0,194.44
Normal,4922,trace 1423,TwoMulExample,1,FALSE,FALSE,0,31.93076923
Normal,4922,trace 1424,TravelSalesman,1,TRUE,TRUE,0,82.61333333
Normal,4922,trace 1425,KClique,1,TRUE,TRUE,0,55.02857143
Normal,4922,trace 1426,SATProof,1,TRUE,TRUE,0.2,92.08571429
Normal,4922,trace 1427,NPCCoping,1,FALSE,FALSE,0,23.12222222
Normal,4922,trace 1428,NFAequivFS,1,TRUE,TRUE,0.2,0.55
Normal,4922,trace 1429,UnsolveableProblems1,1,TRUE,TRUE,0,459.775
Normal,4934,trace 1430,LanguagesFS,0,FALSE,TRUE,0.047619048,114.9804878
Normal,4934,trace 1431,GrammarIntroFS,0,FALSE,TRUE,0,33.18571429
Credit Seeking,4934,trace 1433,SetDefFS,0,FALSE,TRUE,0.4,33.58571429
Normal,4934,trace 1434,SetNotationFS,0,FALSE,TRUE,0.04,27.63333333
Normal,4934,trace 1435,RelationsFS,0,FALSE,TRUE,0.111111111,75.08461538
Credit Seeking,4934,trace 1436,EquivFS,0,FALSE,TRUE,0.3,33.35555556
Credit Seeking,4934,trace 1437,DFAintroFS,0,FALSE,TRUE,0.303030303,1806.475
Normal,4934,trace 1438,DFAadvancedFS,0,FALSE,TRUE,0,1095.938462
Credit Seeking,4934,trace 1439,NFAFS,0,FALSE,TRUE,0.662162162,42.18082192
Normal,4934,trace 1440,NFAequivFS,0,FALSE,TRUE,0,0.1
Normal,4934,trace 1441,NFA2DFAlargeExFS,0,FALSE,TRUE,0,46.45555556
Normal,4934,trace 1442,RelationsFS,1,FALSE,FALSE,0.166666667,18.04
Normal,4934,trace 1443,EquivFS,1,TRUE,TRUE,0,0.733333333
Normal,4934,trace 1444,DFAMinFS,0,FALSE,TRUE,0.095238095,29.06
Normal,4934,trace 1445,DFAMinEx1FS,0,FALSE,TRUE,0,167.448
Normal,4934,trace 1446,DFAMinEx2FS,0,FALSE,TRUE,0.064516129,296.24
Credit Seeking,4934,trace 1447,RegExFS,0,FALSE,TRUE,0.5,52.43943662
Normal,4934,trace 1448,RegEx2NFA1FS,0,FALSE,TRUE,0,13.38181818
Normal,4934,trace 1449,RegEx2NFAorFS,0,FALSE,TRUE,0,11.9
Normal,4934,trace 1450,RegEx2NFAcatFS,0,FALSE,TRUE,0,7.92
Normal,4934,trace 1451,RegEx2NFAstarFS,0,FALSE,TRUE,0,6.15
Credit Seeking,4934,trace 1452,RegEXtoNFAExampleFF,0,FALSE,TRUE,0.285714286,26.16
Normal,4934,trace 1453,ConvertRLREFF,0,FALSE,TRUE,0,40.77647059
Credit Seeking,4934,trace 1454,RegularGrammarFF,0,FALSE,TRUE,0.37254902,12.442
Normal,4934,trace 1455,NFAToREFF,0,FALSE,TRUE,0,25.6375
Normal,4934,trace 1456,REtoFAExampleFF,0,FALSE,TRUE,0,5.525
Normal,4934,trace 1457,RightLinearRGFF,0,FALSE,TRUE,0.058823529,11.95
Normal,4934,trace 1458,NFAToReExampleFF,0,FALSE,TRUE,0,5.35
Normal,4934,trace 1459,LeftLinearGrammarFF,0,FALSE,TRUE,0.03030303,20.6
Normal,4934,trace 1460,RegEXtoRegGrammarFF,0,FALSE,TRUE,0.038461538,14.208
Normal,4934,trace 1461,RegEXtoLeftRegGrammarFF,0,FALSE,TRUE,0.071428571,13.52592593
Normal,4934,trace 1462,STA,0,FALSE,TRUE,0,9.8
Normal,4934,trace 1463,ClosureConceptFF,0,FALSE,TRUE,0.083333333,22.83636364
Normal,4934,trace 1464,ClosureRegularLangFF,0,FALSE,FALSE,0.166666667,415.6454545
Normal,4934,trace 1465,RegularLangClosedInterFF,0,TRUE,TRUE,0.28,26.77959184
Credit Seeking,4934,trace 1466,RightQuotientFF,0,FALSE,TRUE,0.538461538,22.0025974
Normal,4934,trace 1467,HomomorphismFF,0,FALSE,TRUE,0,3.8
Normal,4934,trace 1468,introToNonRegularFF,0,FALSE,TRUE,0.055555556,32.6
Normal,4934,trace 1469,introToPumpingFF,0,FALSE,TRUE,0,9.133333333
Normal,4934,trace 1470,PLExample1FF,0,FALSE,TRUE,0.037735849,8.542307692
Normal,4934,trace 1471,PLExample2FF,0,FALSE,TRUE,0.108108108,8.866666667
Normal,4934,trace 1472,PLExample3FF,0,FALSE,TRUE,0.057142857,8.3
Normal,4934,trace 1473,PLExample4FF,0,FALSE,TRUE,0.0625,4.490322581
Normal,4934,trace 1474,PLExample5FF,0,FALSE,TRUE,0.076923077,7.768
Normal,4934,trace 1475,PLExample6FF,0,FALSE,TRUE,0.083333333,5.148571429
Normal,4934,trace 1476,ClosureConceptFF,1,TRUE,TRUE,0,3.466666667
Normal,4934,trace 1477,ClosureRegularLangFF,1,FALSE,TRUE,0.041666667,460.8304348
Normal,4934,trace 1478,ClosurePropertiesFF,0,FALSE,TRUE,0,12.55
Normal,4934,trace 1479,ClosurePropertiesExample1FF,0,FALSE,TRUE,0,17.8
Normal,4934,trace 1480,ClosurePropertiesExample2FF,0,FALSE,TRUE,0,10.02857143
Normal,4934,trace 1481,ClosurePropertiesExample3FF,0,FALSE,TRUE,0,48.42
Normal,4934,trace 1482,HomomorphismFF,1,FALSE,FALSE,0,19.36666667
Normal,4934,trace 1483,ClosurePropertiesExample2FF,1,TRUE,TRUE,0,0.1
Normal,4934,trace 1484,introToPumpingFF,1,TRUE,TRUE,0,9.025
Normal,4934,trace 1485,PLExample1FF,1,TRUE,TRUE,0,36.66136364
Normal,4934,trace 1486,PLExample2FF,1,TRUE,TRUE,0,36.62307692
Normal,4934,trace 1487,PLExample3FF,1,TRUE,TRUE,0,61.66
Normal,4934,trace 1488,PLExample4FF,1,FALSE,FALSE,0,84.205
Normal,4934,trace 1489,PLExample1FF,1,TRUE,FALSE,0.041666667,54.87391304
Normal,4934,trace 1490,PLExample2FF,1,TRUE,FALSE,0,16.91
Normal,4934,trace 1491,PLExample4FF,1,FALSE,FALSE,0,160.21
Normal,4934,trace 1492,PLExample2FF,1,TRUE,FALSE,0,101.6777778
Normal,4934,trace 1495,PLExample4FF,1,FALSE,FALSE,0,3.05
Normal,4934,trace 1496,PLExample5FF,1,FALSE,FALSE,0,53.46363636
Normal,4934,trace 1497,PLExample1FF,1,TRUE,FALSE,0,103.61
Normal,4934,trace 1499,ContextFreeLanguagesFF,0,FALSE,TRUE,0.243243243,33.50555556
Normal,4934,trace 1500,CFGDerivationsFF,0,FALSE,TRUE,0.072727273,11.02222222
Normal,4934,trace 1501,DerivationTreesFF,0,TRUE,TRUE,0,229.4133333
Normal,4934,trace 1502,MembershipProblemFF,0,FALSE,TRUE,0.1,46.2137931
Credit Seeking,4934,trace 1503,AmbiguityFF,0,FALSE,TRUE,0.35483871,781.3622951
Normal,4934,trace 1506,TransformGrammarsFF,0,FALSE,TRUE,0,1476.721429
Normal,4934,trace 1507,RemoveUselessFF,0,FALSE,TRUE,0.121212121,35.1625
Normal,4934,trace 1508,RemoveLambdaFF,0,FALSE,TRUE,0,67.89411765
Credit Seeking,4934,trace 1509,RemoveUnitFF,0,FALSE,TRUE,0.514705882,79.55522388
Normal,4934,trace 1510,ChomskyNormalFormFF,0,FALSE,TRUE,0,84.78461538
Normal,4934,trace 1511,GreibachNormalFormFF,0,FALSE,TRUE,0,47.39444444
Normal,4934,trace 1512,RemoveUnitFF,1,FALSE,FALSE,0.25,2.033333333
Credit Seeking,4934,trace 1513,PDA,0,FALSE,TRUE,0.5,810.4888889
Normal,4934,trace 1514,PDATransitionsFF,0,TRUE,TRUE,0.074074074,177.7769231
Normal,4934,trace 1515,PDAAcceptanceFF,0,FALSE,TRUE,0,84.08421053
Normal,4934,trace 1516,PDAEmptyStackAcceptanceFF,0,FALSE,TRUE,0.025,24.97948718
Normal,4934,trace 1517,PDAAcceptanceEquivalenceFF,0,FALSE,TRUE,0,49.65882353
Normal,4934,trace 1518,PDACFLFF,0,FALSE,TRUE,0.0625,49.6212766
Normal,4934,trace 1519,DPDAFF,0,TRUE,TRUE,0.043478261,48.82727273
Normal,4934,trace 1520,NCFLProofFF,0,FALSE,TRUE,0,23.68888889
Normal,4934,trace 1521,NCFLversusDCFLFF,0,FALSE,TRUE,0,12.525
Normal,4934,trace 1522,GrammarsForDCFLFF,0,FALSE,TRUE,0,45.68333333
Normal,4934,trace 1523,CFLClosurePropertiesFF,0,FALSE,TRUE,0,42.1826087
Normal,4934,trace 1524,CFLPumpingLemmaFF,0,FALSE,TRUE,0.05,24.27368421
Normal,4934,trace 1525,CFLPumpingLemmaExample1FF,0,FALSE,TRUE,0.027777778,142.0628571
Credit Seeking,4934,trace 1526,CFLPumpingLemmaExample2FF,0,FALSE,TRUE,0.333333333,19.64528302
Normal,4934,trace 1527,CFLPumpingLemmaExample3FF,0,FALSE,TRUE,0,7.661538462
Normal,4934,trace 1528,CFLPumpingLemmaExample4FF,0,FALSE,TRUE,0,25.45263158
Normal,4934,trace 1529,CFLPumpingLemmaExample5FF,0,FALSE,TRUE,0.025641026,10.87368421
Normal,4934,trace 1530,GreibachNormalFormFF,1,FALSE,FALSE,0,3.05
Normal,4934,trace 1531,GrammarsForDCFLFF,1,FALSE,FALSE,0,3.7
Normal,4934,trace 1532,CFLPumpingLemmaExample1FF,1,TRUE,TRUE,0,581.0025641
Normal,4934,trace 1533,TMGeneralModel,0,FALSE,TRUE,0.017241379,30.09122807
Normal,4934,trace 1534,TMInterpreting,0,FALSE,TRUE,0,52.69473684
Normal,4934,trace 1535,TMDecidableVSAcceptable,0,FALSE,TRUE,0,43.91111111
Normal,4934,trace 1536,TMComplicatedMachine3,0,FALSE,TRUE,0,53.96190476
Normal,4934,trace 1537,PairToSortCONPI,0,FALSE,TRUE,0,102.0857143
Normal,4934,trace 1538,LowerBound,0,TRUE,TRUE,0,180.4666667
Normal,4934,trace 1539,TwoMulExample,0,FALSE,TRUE,0,152.1571429
Normal,4934,trace 1540,TravelSalesman,0,FALSE,TRUE,0,107.5125
Normal,4934,trace 1541,KClique,0,FALSE,TRUE,0,88.37142857
Normal,4934,trace 1542,LowerBound,1,TRUE,TRUE,0,0.1
Normal,4934,trace 1546,SATProof,0,FALSE,TRUE,0,149.8
Normal,4934,trace 1547,NPCCoping,0,FALSE,TRUE,0,352.2
Normal,4934,trace 1548,UnsolveableProblems1,0,FALSE,TRUE,0,6275.275
Normal,4934,trace 1549,UnsolveableProblems2,0,FALSE,TRUE,0,316.8666667
Normal,4970,trace 1550,TransformGrammarsFF,0,FALSE,FALSE,0,9.275
Credit Seeking,4970,trace 1551,ContextFreeLanguagesFF,0,FALSE,FALSE,0.285714286,5.866666667
Normal,4970,trace 1552,MajorConceptsFF,0,FALSE,TRUE,0.095238095,11.00487805
Credit Seeking,4970,trace 1553,PDA,0,FALSE,TRUE,0.423076923,14.768
Normal,4970,trace 1554,PDATransitionsFF,0,TRUE,TRUE,0,88.50909091
Normal,4970,trace 1555,PDAAcceptanceFF,0,FALSE,TRUE,0.047619048,12.4195122
Normal,4970,trace 1556,PDAEmptyStackAcceptanceFF,0,FALSE,FALSE,0,10.82
Normal,4970,trace 1557,PDAAcceptanceFF,1,FALSE,FALSE,0,2.033333333
Normal,4970,trace 1558,PDAEmptyStackAcceptanceFF,1,FALSE,TRUE,0,9.3
Credit Seeking,4970,trace 1559,PDAAcceptanceEquivalenceFF,0,FALSE,FALSE,0.333333333,11.31
Normal,4970,trace 1560,PDACFLFF,0,FALSE,FALSE,0.0625,766.3903226
Normal,4970,trace 1561,TMGeneralModel,0,FALSE,TRUE,0.095238095,16.03548387
Normal,4970,trace 1562,PDAAcceptanceEquivalenceFF,1,FALSE,TRUE,0,9.244444444
Normal,4970,trace 1563,PDACFLFF,1,FALSE,TRUE,0,10.01111111
Normal,4970,trace 1564,DPDAFF,0,FALSE,TRUE,0,17.325
Normal,4970,trace 1565,NCFLProofFF,0,FALSE,TRUE,0,13.42
Normal,4970,trace 1566,NCFLversusDCFLFF,0,FALSE,TRUE,0,2.92
Credit Seeking,4970,trace 1567,GrammarsForDCFLFF,0,FALSE,TRUE,0.458333333,7.92173913
Normal,4970,trace 1568,CFLClosurePropertiesFF,0,FALSE,TRUE,0,15.15238095
Normal,4970,trace 1569,CFLPumpingLemmaFF,0,FALSE,TRUE,0.045454545,10.86666667
Normal,4970,trace 1570,CFLPumpingLemmaExample1FF,0,FALSE,TRUE,0.108108108,8.2
Normal,4970,trace 1571,CFLPumpingLemmaExample2FF,0,FALSE,TRUE,0,8.262857143
Normal,4970,trace 1572,CFLPumpingLemmaExample3FF,0,FALSE,FALSE,0,2.82
Normal,4970,trace 1573,CFLPumpingLemmaExample2FF,1,FALSE,FALSE,0,0.55
Normal,4970,trace 1574,CFLPumpingLemmaExample3FF,1,FALSE,TRUE,0.041666667,6.87826087
Normal,4970,trace 1575,TMInterpreting,0,FALSE,TRUE,0.074074074,5.892307692
Normal,4970,trace 1576,TMDecidableVSAcceptable,0,FALSE,TRUE,0,7.472727273
Normal,4970,trace 1577,UnsolveableProblems2,0,FALSE,TRUE,0,1.911111111
Normal,4970,trace 1578,UnsolveableProblems1,0,FALSE,TRUE,0,2.6
Normal,4999,trace 1579,LanguagesFS,0,FALSE,TRUE,0.086956522,60.42666667
Credit Seeking,4999,trace 1580,GrammarIntroFS,0,FALSE,FALSE,0.466666667,517.7295455
Normal,4999,trace 1581,SetNotationFS,0,FALSE,FALSE,0,0.55
Normal,4999,trace 1582,LanguagesFS,1,TRUE,TRUE,0.09375,54.84193548
Normal,4999,trace 1583,RelationsFS,0,FALSE,TRUE,0.227272727,15.39047619
Normal,4999,trace 1584,EquivFS,0,FALSE,TRUE,0.2,8.244444444
Credit Seeking,4999,trace 1585,DFAintroFS,0,FALSE,TRUE,0.862318841,9.548905109
Normal,4999,trace 1586,DFAadvancedFS,0,FALSE,TRUE,0.117647059,20.45
Credit Seeking,4999,trace 1587,NFAFS,0,FALSE,TRUE,0.520833333,51.64255319
Normal,4999,trace 1588,NFAequivFS,0,FALSE,TRUE,0,0.1
Normal,4999,trace 1589,NFA2DFAlargeExFS,0,FALSE,TRUE,0,503.7346154
Normal,4999,trace 1590,DFAMinFS,0,FALSE,TRUE,0.142857143,18.81
Normal,4999,trace 1591,DFAMinEx1FS,0,FALSE,TRUE,0,2096.633333
Normal,4999,trace 1592,DFAMinEx2FS,0,FALSE,FALSE,0,12.7
Normal,4999,trace 1593,DFAMinEx1FS,1,FALSE,FALSE,0,27.01428571
Normal,4999,trace 1595,DFAMinEx2FS,1,FALSE,TRUE,0,17.83478261
Credit Seeking,4999,trace 1596,RegExFS,0,FALSE,FALSE,0.722222222,83.96853933
Normal,4999,trace 1597,RegEx2NFA1FS,0,FALSE,TRUE,0,7.213333333
Normal,4999,trace 1598,RegEx2NFAorFS,0,FALSE,TRUE,0,10.15
Normal,4999,trace 1599,RegEx2NFAcatFS,0,FALSE,TRUE,0,3.933333333
Normal,4999,trace 1600,RegEx2NFAstarFS,0,FALSE,TRUE,0,4.4
Normal,4999,trace 1601,RegEXtoNFAExampleFF,0,FALSE,TRUE,0.157894737,10.23333333
Normal,4999,trace 1602,ConvertRLREFF,0,FALSE,TRUE,0,9.288888889
Credit Seeking,4999,trace 1603,RegExFS,1,FALSE,TRUE,0.294117647,23.7
Normal,4999,trace 1604,introToNonRegularFF,0,FALSE,TRUE,0,8.221052632
Normal,4999,trace 1605,introToPumpingFF,0,FALSE,TRUE,0,99.02
Normal,4999,trace 1606,PLExample1FF,0,FALSE,TRUE,0.020408163,24.44166667
Normal,4999,trace 1607,PLExample2FF,0,FALSE,TRUE,0,1059.273333
Normal,4999,trace 1608,PLExample3FF,0,FALSE,TRUE,0,8.22962963
Normal,4999,trace 1609,PLExample4FF,0,FALSE,TRUE,0.035714286,4.711111111
Normal,4999,trace 1610,PLExample5FF,0,FALSE,TRUE,0,7.961904762
Normal,4999,trace 1611,PLExample6FF,0,FALSE,TRUE,0,18.87741935
Normal,4999,trace 1613,ClosurePropertiesFF,0,FALSE,TRUE,0,6.64
Normal,4999,trace 1614,ClosurePropertiesExample1FF,0,FALSE,TRUE,0,13.35
Normal,4999,trace 1615,ClosurePropertiesExample2FF,0,FALSE,TRUE,0,113.92
Normal,4999,trace 1616,ClosurePropertiesExample3FF,0,FALSE,FALSE,0,18.72857143
Normal,4999,trace 1617,PLExample5FF,1,FALSE,FALSE,0,120.7285714
Credit Seeking,4999,trace 1618,ClosureRegularLangFF,0,FALSE,FALSE,0.421052632,18.72777778
Normal,4999,trace 1619,MembershipProblemFF,0,FALSE,FALSE,0.181818182,32.52
Credit Seeking,4999,trace 1620,ContextFreeLanguagesFF,0,FALSE,TRUE,0.416666667,6.020338983
Normal,4999,trace 1621,CFGDerivationsFF,0,FALSE,TRUE,0.036363636,9.485185185
Normal,4999,trace 1622,DerivationTreesFF,0,TRUE,TRUE,0,9.894117647
Normal,4999,trace 1623,MembershipProblemFF,1,FALSE,FALSE,0,38.82
Normal,4999,trace 1624,RemoveUselessFF,0,FALSE,FALSE,0,2.82
Normal,4999,trace 1625,TransformGrammarsFF,0,FALSE,FALSE,0,6.847368421
Credit Seeking,4999,trace 1626,RemoveUselessFF,1,FALSE,FALSE,0.459459459,5.363888889
Credit Seeking,4999,trace 1627,SetNotationFS,1,FALSE,TRUE,0.380952381,8.907317073
Normal,4999,trace 1628,RegExFS,1,FALSE,FALSE,0.25,2.7
Credit Seeking,4999,trace 1629,PDA,0,FALSE,FALSE,0.676470588,3.248484848
Normal,4999,trace 1630,PDATransitionsFF,0,FALSE,FALSE,0,22.22
Normal,4999,trace 1631,PDA,1,FALSE,TRUE,0,345.0125
Normal,4999,trace 1632,PDATransitionsFF,1,TRUE,TRUE,0,312.2210526
Normal,4999,trace 1633,PDAAcceptanceFF,0,FALSE,TRUE,0.06122449,9.9625
Normal,4999,trace 1634,PDAEmptyStackAcceptanceFF,0,FALSE,TRUE,0,11.92
Normal,4999,trace 1635,PDAAcceptanceEquivalenceFF,0,FALSE,FALSE,0,12.22
Credit Seeking,4999,trace 1636,PDACFLFF,0,FALSE,TRUE,0.304347826,30.75294118
Credit Seeking,4999,trace 1637,TransformGrammarsFF,1,FALSE,FALSE,0.45,11.74210526
Normal,4999,trace 1638,RemoveUselessFF,1,FALSE,FALSE,0.259259259,10.58076923
Normal,4999,trace 1639,PairToSortCONPI,0,FALSE,TRUE,0.117647059,36.7
Credit Seeking,4999,trace 1640,LowerBound,0,FALSE,TRUE,0.411764706,97.3875
Normal,4999,trace 1641,TwoMulExample,0,FALSE,TRUE,0,675.0142857
Normal,4999,trace 1642,TravelSalesman,0,FALSE,TRUE,0.086956522,19.69090909
Normal,4999,trace 1643,KClique,0,FALSE,FALSE,0,1207.183333
Credit Seeking,4999,trace 1644,TransformGrammarsFF,1,FALSE,FALSE,0.727272727,1.61
Normal,4999,trace 1645,TMGeneralModel,0,FALSE,FALSE,0,2.7
Normal,4999,trace 1646,CFLClosurePropertiesFF,0,FALSE,FALSE,0,5.62
Normal,4999,trace 1647,TMInterpreting,0,FALSE,FALSE,0.173913043,4.368181818
Credit Seeking,4999,trace 1648,GrammarIntroFS,1,FALSE,TRUE,0.44,3.675
Normal,4999,trace 1649,SetDefFS,0,FALSE,TRUE,0,3.577777778
Credit Seeking,4999,trace 1650,NFAequivFS,1,TRUE,TRUE,0.333333333,1.24
Credit Seeking,4999,trace 1651,RegularGrammarFF,0,FALSE,TRUE,0.477272727,3.190697674
Normal,4999,trace 1652,NFAToREFF,0,FALSE,TRUE,0,4.657142857
Normal,4999,trace 1653,REtoFAExampleFF,0,FALSE,TRUE,0,3.025
Normal,4999,trace 1654,RightLinearRGFF,0,FALSE,TRUE,0,3.585714286
Normal,4999,trace 1655,NFAToReExampleFF,0,FALSE,TRUE,0,3.32
Normal,4999,trace 1656,LeftLinearGrammarFF,0,FALSE,TRUE,0,2.888235294
Credit Seeking,4999,trace 1657,RegEXtoRegGrammarFF,0,FALSE,FALSE,0.65,2.577966102
Credit Seeking,4999,trace 1658,RegEXtoLeftRegGrammarFF,0,FALSE,FALSE,0.424242424,3.690625
Normal,4999,trace 1660,RegEXtoLeftRegGrammarFF,1,FALSE,FALSE,0,1.05
Normal,4999,trace 1664,RegEXtoLeftRegGrammarFF,1,FALSE,FALSE,0,0.55
Normal,4999,trace 1665,RegEXtoRegGrammarFF,1,FALSE,FALSE,0,1.05
Normal,4999,trace 1666,RegEXtoLeftRegGrammarFF,1,FALSE,FALSE,0,0.55
Normal,4999,trace 1668,RegEXtoLeftRegGrammarFF,1,FALSE,FALSE,0,0.55
Credit Seeking,4999,trace 1672,RegEXtoLeftRegGrammarFF,1,FALSE,FALSE,0.901960784,2.202
Normal,4999,trace 1673,RegEXtoRegGrammarFF,1,FALSE,TRUE,0,1.8
Normal,4999,trace 1674,RegEXtoLeftRegGrammarFF,1,FALSE,TRUE,0,0.1
Normal,4999,trace 1675,STA,0,FALSE,TRUE,0,2.472727273
Normal,4999,trace 1676,ClosureConceptFF,0,FALSE,TRUE,0.1875,2.68
Normal,4999,trace 1677,ClosureRegularLangFF,1,FALSE,TRUE,0,2.742857143
Normal,4999,trace 1678,HomomorphismFF,0,FALSE,TRUE,0,6.42
Normal,4999,trace 1679,RightQuotientFF,0,FALSE,TRUE,0.029411765,4.551515152
Credit Seeking,4999,trace 1680,RegularLangClosedInterFF,0,FALSE,TRUE,0.44,1.867567568
Normal,4999,trace 1681,ClosurePropertiesExample3FF,1,FALSE,TRUE,0,0.733333333
Normal,4999,trace 1682,AmbiguityFF,0,FALSE,FALSE,0,0.55
Normal,4999,trace 1683,TransformGrammarsFF,1,FALSE,TRUE,0.1875,1.546666667
Normal,4999,trace 1684,RemoveLambdaFF,0,FALSE,TRUE,0.275862069,3.507142857
Normal,4999,trace 1685,RemoveUnitFF,0,FALSE,FALSE,0,3.221428571
Normal,4999,trace 1686,ChomskyNormalFormFF,0,FALSE,TRUE,0.142857143,2.11
Credit Seeking,4999,trace 1687,GreibachNormalFormFF,0,FALSE,FALSE,0.575757576,2.85
Normal,4999,trace 1688,PDAAcceptanceEquivalenceFF,1,FALSE,TRUE,0.052631579,1.511111111
Normal,4999,trace 1689,DPDAFF,0,FALSE,TRUE,0,2.36
Normal,4999,trace 1690,NCFLProofFF,0,FALSE,TRUE,0,1.82
Normal,4999,trace 1691,NCFLversusDCFLFF,0,FALSE,TRUE,0,1.525
Normal,4999,trace 1692,GrammarsForDCFLFF,0,FALSE,TRUE,0,2.246153846
Normal,4999,trace 1693,CFLClosurePropertiesFF,1,FALSE,TRUE,0,1.961904762
Normal,4999,trace 1694,CFLPumpingLemmaFF,0,FALSE,TRUE,0.045454545,1.676190476
Credit Seeking,4999,trace 1695,CFLPumpingLemmaExample1FF,0,FALSE,TRUE,0.4,2.124324324
Normal,4999,trace 1696,CFLPumpingLemmaExample2FF,0,FALSE,FALSE,0.232142857,2.02
Normal,4999,trace 1697,CFLPumpingLemmaExample3FF,0,FALSE,TRUE,0.181818182,1.795348837
Credit Seeking,4999,trace 1698,CFLPumpingLemmaExample5FF,0,FALSE,FALSE,0.5,2.685106383
Normal,4999,trace 1699,TMInterpreting,1,FALSE,TRUE,0.111111111,1.275
Normal,4999,trace 1700,TMDecidableVSAcceptable,0,FALSE,TRUE,0.277777778,1.6
Normal,4999,trace 1701,TMComplicatedMachine3,0,FALSE,TRUE,0,1.883333333
Credit Seeking,4999,trace 1702,TMGeneralModel,1,FALSE,FALSE,0.619047619,1.86
Normal,4999,trace 1703,KClique,1,FALSE,TRUE,0,1.2
Normal,4999,trace 1704,SATProof,0,FALSE,TRUE,0,1.927272727
Normal,4999,trace 1705,NPCCoping,0,FALSE,TRUE,0.058823529,2.325
Normal,4999,trace 1706,UnsolveableProblems1,0,FALSE,TRUE,0,1.927272727
Normal,4999,trace 1707,UnsolveableProblems2,0,FALSE,TRUE,0,1.775
Normal,5003,trace 1708,UnsolveableProblems1,0,FALSE,TRUE,0,2.563636364
Credit Seeking,5018,trace 1709,SetDefFS,0,FALSE,FALSE,0.4,1.025
Normal,5035,trace 1710,introToNonRegularFF,0,FALSE,TRUE,0,7.28
Normal,5035,trace 1711,introToPumpingFF,0,FALSE,TRUE,0,8.9
Normal,5035,trace 1712,PLExample1FF,0,FALSE,FALSE,0.136363636,9.576190476
Credit Seeking,5035,trace 1713,PLExample6FF,0,FALSE,FALSE,0.35483871,11.57
Credit Seeking,5035,trace 1714,ClosurePropertiesFF,0,FALSE,TRUE,0.3,37.68888889
Normal,5035,trace 1715,MajorConceptsFF,0,FALSE,FALSE,0,11.505
Normal,5035,trace 1716,GrammarIntroFF,0,FALSE,FALSE,0,3.366666667
Normal,5035,trace 1717,SetDefFF,0,FALSE,TRUE,0,6.04
Normal,5035,trace 1718,SetCommonSymbolsFF,0,FALSE,TRUE,0.04,7.758333333
Normal,5035,trace 1719,RelationsFF,0,FALSE,FALSE,0.1,6.566666667
Normal,5035,trace 1720,DFAFF,0,FALSE,TRUE,0.068965517,19.18571429
Normal,5035,trace 1721,FADefinitionsFF,0,FALSE,TRUE,0.176470588,13.95
Normal,5035,trace 1722,ClosurePropertiesExample1FF,0,FALSE,TRUE,0.214285714,9.553846154
Normal,5035,trace 1723,PLExample6FF,1,FALSE,FALSE,0,8.35
Normal,5035,trace 1724,PLExample4FF,0,FALSE,FALSE,0.045454545,11.57619048
Normal,5035,trace 1725,PLExample2FF,0,FALSE,FALSE,0,22.89444444
Normal,5035,trace 1726,PLExample4FF,1,FALSE,TRUE,0.142857143,4.4
Normal,5035,trace 1727,MajorConceptsFF,1,FALSE,TRUE,0,28.16923077
Normal,5035,trace 1728,GrammarIntroFF,1,FALSE,TRUE,0,12.58709677
Normal,5035,trace 1729,RelationsFF,1,FALSE,TRUE,0.1,10.43157895
Normal,5035,trace 1730,MathProofFF,0,FALSE,TRUE,0.214285714,12.22962963
Normal,5035,trace 1731,ContinuedMathProofFF,0,FALSE,TRUE,0,10.95789474
Normal,5035,trace 1732,InductionProofExample1FF,0,FALSE,TRUE,0.058823529,7.95
Normal,5035,trace 1733,InductionProofExample2FF,0,FALSE,TRUE,0,6.683333333
Normal,5035,trace 1734,FADefinitionsFF,1,TRUE,TRUE,0,12.12
Normal,5035,trace 1735,NFA,0,FALSE,TRUE,0,15.55454545
Credit Seeking,5035,trace 1736,NFA2DFAFrames,0,FALSE,TRUE,0.323529412,10.85454545
Credit Seeking,5035,trace 1737,NFAtoDFAFF,0,FALSE,TRUE,0.333333333,6.290909091
Normal,5035,trace 1738,DFAMinimizationFF,0,FALSE,TRUE,0.068965517,10.11428571
Normal,5035,trace 1739,MinimizationWithQuestionsFF,0,FALSE,TRUE,0.066666667,5.386206897
Normal,5035,trace 1740,MinimizationWithQuestions2FF,0,FALSE,TRUE,0.027777778,2.891428571
Credit Seeking,5035,trace 1741,RegularExpressionsFF,0,FALSE,TRUE,0.663461538,8.798058252
Normal,5035,trace 1742,RegEXandRegLangFF,0,FALSE,TRUE,0.105263158,8.566666667
Normal,5035,trace 1743,RegEXandRegLangORFF,0,FALSE,TRUE,0,5.4
Normal,5035,trace 1744,RegEXandRegLangConcatFF,0,FALSE,TRUE,0,4.12
Normal,5035,trace 1745,RegEXandRegLangStarFF,0,FALSE,TRUE,0,3.911111111
Normal,5035,trace 1746,RegEXtoNFAExampleFF,0,FALSE,TRUE,0.071428571,8.707692308
Normal,5035,trace 1747,RegularGrammarFF,0,FALSE,TRUE,0.2,13.50833333
Normal,5035,trace 1748,NFAToREFF,0,FALSE,TRUE,0.058823529,9.8875
Normal,5035,trace 1749,RightLinearRGFF,0,FALSE,TRUE,0,8.085714286
Normal,5035,trace 1750,RegEXtoRegGrammarFF,0,FALSE,TRUE,0.035714286,19.82222222
Normal,5035,trace 1751,RegEXtoLeftRegGrammarFF,0,FALSE,FALSE,0,2.4
Normal,5035,trace 1752,RegularExpressionsFF,1,TRUE,TRUE,0.05,16.85263158
Normal,5035,trace 1753,RegEXandRegLangFF,1,FALSE,FALSE,0,56.05
Normal,5035,trace 1754,ConvertRLREFF,0,FALSE,TRUE,0,11.95294118
Normal,5035,trace 1755,RegularExpressionsFF,1,TRUE,TRUE,0.12,10.00833333
Normal,5035,trace 1756,RegularGrammarFF,1,TRUE,TRUE,0.222222222,4.525
Normal,5035,trace 1757,NFAToREFF,1,TRUE,TRUE,0,5.866666667
Normal,5035,trace 1758,REtoFAExampleFF,0,FALSE,TRUE,0,9.65
Normal,5035,trace 1759,RightLinearRGFF,1,TRUE,TRUE,0,4.688888889
Normal,5035,trace 1760,NFAToReExampleFF,0,FALSE,TRUE,0,5.563636364
Normal,5035,trace 1761,LeftLinearGrammarFF,0,FALSE,TRUE,0,8.006666667
Normal,5035,trace 1762,ClosureConceptFF,0,FALSE,TRUE,0,3.22
Normal,5035,trace 1763,ClosureRegularLangFF,0,FALSE,TRUE,0.047619048,10.51
Normal,5035,trace 1764,RegularLangClosedInterFF,0,FALSE,FALSE,0,8.871428571
Normal,5035,trace 1765,HomomorphismFF,0,FALSE,TRUE,0,8.911111111
Credit Seeking,5035,trace 1766,RegularLangClosedInterFF,1,FALSE,TRUE,0.304347826,4.626666667
Normal,5035,trace 1767,RightQuotientFF,0,FALSE,TRUE,0.085714286,9.564705882
Normal,5035,trace 1768,PLExample3FF,0,FALSE,TRUE,0.034482759,6.042857143
Normal,5035,trace 1769,PLExample4FF,1,TRUE,TRUE,0,4.859259259
Normal,5035,trace 1770,PLExample5FF,0,FALSE,TRUE,0,4.918181818
Normal,5035,trace 1771,PLExample6FF,1,FALSE,TRUE,0.055555556,11.92
Normal,5035,trace 1772,DerivationTreesFF,0,FALSE,FALSE,0,11.28181818
Normal,5035,trace 1773,CFGDerivationsFF,0,FALSE,TRUE,0.166666667,7.310769231
Normal,5035,trace 1774,AmbiguityFF,0,FALSE,FALSE,0,5.22
Normal,5035,trace 1776,PLExample3FF,1,FALSE,FALSE,0,2.55
Normal,5035,trace 1777,PLExample1FF,1,FALSE,TRUE,0.034482759,8.078571429
Normal,5035,trace 1778,PLExample2FF,1,FALSE,TRUE,0,5.371428571
Normal,5035,trace 1779,PLExample4FF,1,TRUE,TRUE,0,4.637037037
Normal,5035,trace 1780,PDA,0,FALSE,TRUE,0.25,13.53684211
Normal,5035,trace 1781,PDATransitionsFF,0,FALSE,FALSE,0,19.42
Normal,5035,trace 1782,PDACFLFF,0,FALSE,FALSE,0,14.55454545
Normal,5035,trace 1783,RemoveLambdaFF,0,FALSE,TRUE,0,24.3875
Normal,5035,trace 1784,GreibachNormalFormFF,0,FALSE,FALSE,0.192307692,6.524
Normal,5035,trace 1785,ChomskyNormalFormFF,0,FALSE,TRUE,0,12.7
Normal,5035,trace 1786,GreibachNormalFormFF,1,FALSE,TRUE,0.058823529,15.31875
Credit Seeking,5035,trace 1787,PDACFLFF,1,FALSE,TRUE,0.295454545,5853.772414
Normal,5035,trace 1788,DPDAFF,0,FALSE,TRUE,0.045454545,12.00952381
Normal,5035,trace 1789,NCFLProofFF,0,FALSE,TRUE,0,13.29090909
Normal,5035,trace 1790,NCFLversusDCFLFF,0,FALSE,TRUE,0,3.775
Normal,5035,trace 1791,GrammarsForDCFLFF,0,FALSE,TRUE,0,19.72
Normal,5035,trace 1792,DPDAFF,1,TRUE,TRUE,0.08,6.841666667
Credit Seeking,5035,trace 1793,CFLClosurePropertiesFF,0,FALSE,FALSE,0.526315789,5.122222222
Normal,5035,trace 1794,CFLPumpingLemmaFF,0,FALSE,TRUE,0,10.62222222
Normal,5035,trace 1795,CFLPumpingLemmaExample1FF,0,FALSE,FALSE,0,10.41333333
Normal,5035,trace 1796,TMGeneralModel,0,FALSE,TRUE,0.277108434,6.6
Normal,5035,trace 1797,TMInterpreting,0,FALSE,TRUE,0.1,9.765517241
Normal,5035,trace 1798,CFLPumpingLemmaExample4FF,0,FALSE,TRUE,0.042553191,6.047826087
Normal,5035,trace 1799,PDATransitionsFF,1,FALSE,TRUE,0.105263158,4.455555556
Normal,5035,trace 1800,PDAAcceptanceFF,0,FALSE,TRUE,0,7.105
Normal,5035,trace 1801,PDAEmptyStackAcceptanceFF,0,FALSE,TRUE,0,6.727777778
Normal,5035,trace 1802,PDAAcceptanceEquivalenceFF,0,FALSE,TRUE,0,3.418181818
Normal,5035,trace 1803,CFLClosurePropertiesFF,1,FALSE,TRUE,0.043478261,4.463636364
Normal,5035,trace 1804,CFLPumpingLemmaExample1FF,1,FALSE,TRUE,0,3.6375
Normal,5035,trace 1805,CFLPumpingLemmaExample2FF,0,FALSE,TRUE,0,4.43030303
Normal,5035,trace 1806,CFLPumpingLemmaExample3FF,0,FALSE,TRUE,0.035714286,4.044444444
Credit Seeking,5035,trace 1807,CFLPumpingLemmaExample5FF,0,FALSE,FALSE,0.55,2.589473684
Normal,5035,trace 1808,TMGeneralModel,1,TRUE,TRUE,0.2625,3.837974684
Normal,5035,trace 1809,TMInterpreting,1,TRUE,TRUE,0.043478261,9.054545455
Normal,5035,trace 1810,TMDecidableVSAcceptable,0,FALSE,TRUE,0,9.433333333
Normal,5035,trace 1811,TransformGrammarsFF,0,FALSE,TRUE,0,13.58461538
Credit Seeking,5035,trace 1812,RemoveUselessFF,0,FALSE,TRUE,0.473684211,11.03928571
Normal,5035,trace 1813,RemoveLambdaFF,1,FALSE,FALSE,0,11.51
Normal,5035,trace 1814,RemoveUnitFF,0,FALSE,TRUE,0.25,8.298039216
Normal,5035,trace 1815,CFLPumpingLemmaExample5FF,1,FALSE,TRUE,0.03030303,7.225
Normal,5035,trace 1816,PairToSortCONPI,0,FALSE,FALSE,0,23.51666667
Normal,5035,trace 1817,TravelSalesman,0,FALSE,TRUE,0.125,23.13913043
Normal,5035,trace 1818,PairToSortCONPI,1,TRUE,TRUE,0,11996.48571
Normal,5035,trace 1819,LowerBound,0,FALSE,TRUE,0,77.86666667
Normal,5035,trace 1820,TwoMulExample,0,FALSE,TRUE,0.058823529,38.7
Normal,5035,trace 1821,UnsolveableProblems1,0,FALSE,TRUE,0,505.525
Normal,5035,trace 1822,UnsolveableProblems2,0,FALSE,TRUE,0,77.2
Normal,5035,trace 1823,SATProof,0,FALSE,TRUE,0.166666667,26.29090909
Normal,5035,trace 1824,TravelSalesman,1,FALSE,FALSE,0,34.6375
Normal,5035,trace 1825,TMGeneralModel,1,TRUE,FALSE,0,24.31538462
Normal,5035,trace 1826,TMDecidableVSAcceptable,1,TRUE,TRUE,0,57.31428571
Normal,5035,trace 1827,NPCCoping,0,FALSE,TRUE,0.263157895,13.34444444
Normal,5040,trace 1828,introToNonRegularFF,0,FALSE,TRUE,0,9.835294118
Normal,5040,trace 1829,introToPumpingFF,0,FALSE,TRUE,0,4.4
Normal,5040,trace 1830,PLExample2FF,0,FALSE,TRUE,0.09375,5.393548387
Normal,5040,trace 1831,PLExample3FF,0,FALSE,TRUE,0,11.75714286
Normal,5040,trace 1832,PLExample4FF,0,FALSE,TRUE,0,4.758333333
Normal,5040,trace 1833,PLExample5FF,0,FALSE,TRUE,0,4.688
Normal,5040,trace 1834,PLExample6FF,0,FALSE,TRUE,0,45.54594595
Normal,5040,trace 1835,ClosurePropertiesFF,0,FALSE,TRUE,0,4.05
Normal,5040,trace 1836,ClosurePropertiesExample1FF,0,FALSE,TRUE,0.083333333,4.654545455
Normal,5040,trace 1837,ClosurePropertiesExample2FF,0,FALSE,TRUE,0,3.314285714
Normal,5040,trace 1838,ClosurePropertiesExample3FF,0,FALSE,TRUE,0,3.022222222
Normal,5040,trace 1839,PLExample1FF,0,FALSE,FALSE,0,3.51
Normal,5040,trace 1840,PLExample2FF,1,FALSE,FALSE,0,4.366666667
Credit Seeking,5040,trace 1841,ContextFreeLanguagesFF,0,FALSE,TRUE,0.289473684,4.708108108
Normal,5040,trace 1842,CFGDerivationsFF,0,FALSE,TRUE,0,4.504
Normal,5040,trace 1843,DerivationTreesFF,0,FALSE,FALSE,0,4.71
Normal,5040,trace 1844,MembershipProblemFF,0,FALSE,TRUE,0.115384615,6.408
Normal,5040,trace 1845,AmbiguityFF,0,FALSE,TRUE,0.107142857,4.007407407
Normal,5040,trace 1846,TransformGrammarsFF,0,FALSE,TRUE,0,5.488888889
Credit Seeking,5040,trace 1847,RemoveUselessFF,0,FALSE,TRUE,0.4,9.918644068
Normal,5040,trace 1848,RemoveLambdaFF,0,FALSE,TRUE,0,6.129411765
Normal,5040,trace 1849,RemoveUnitFF,0,FALSE,FALSE,0.277777778,20.30588235
Normal,5040,trace 1850,ChomskyNormalFormFF,0,FALSE,TRUE,0,3.213333333
Credit Seeking,5040,trace 1851,GreibachNormalFormFF,0,FALSE,TRUE,0.29787234,4.2
Normal,5040,trace 1852,CFGDerivationsFF,1,FALSE,FALSE,0,5.05
Normal,5040,trace 1853,SetDefFF,0,FALSE,TRUE,0,4.64
Normal,5040,trace 1854,SetCommonSymbolsFF,0,FALSE,TRUE,0.037037037,10.62307692
Normal,5040,trace 1855,RelationsFF,0,FALSE,TRUE,0.090909091,10.96190476
Credit Seeking,5040,trace 1856,RemoveUnitFF,1,FALSE,FALSE,0.5,0.84
Normal,5040,trace 1857,LeftLinearGrammarFF,0,FALSE,TRUE,0.146341463,5.63
Credit Seeking,5040,trace 1858,RemoveUnitFF,1,FALSE,TRUE,0.448275862,4.722807018
Credit Seeking,5040,trace 1859,PDACFLFF,0,FALSE,FALSE,0.333333333,4.735714286
Normal,5040,trace 1860,PDAAcceptanceEquivalenceFF,0,FALSE,FALSE,0,1.55
Credit Seeking,5040,trace 1861,PDA,0,FALSE,TRUE,0.318181818,4609.438095
Normal,5040,trace 1862,PDATransitionsFF,0,FALSE,TRUE,0.055555556,3.541176471
Normal,5040,trace 1863,PDAAcceptanceFF,0,FALSE,TRUE,0.063829787,38.2
Normal,5040,trace 1864,PDAEmptyStackAcceptanceFF,0,FALSE,TRUE,0.048780488,4.63
Normal,5040,trace 1865,PDAAcceptanceEquivalenceFF,1,FALSE,TRUE,0.130434783,4.372727273
Credit Seeking,5040,trace 1866,PDACFLFF,1,FALSE,TRUE,0.421052632,3.9
Normal,5040,trace 1867,DPDAFF,0,FALSE,TRUE,0.045454545,2.819047619
Normal,5040,trace 1868,NCFLProofFF,0,FALSE,TRUE,0,3.472727273
Normal,5040,trace 1869,NCFLversusDCFLFF,0,FALSE,TRUE,0,2.911111111
Normal,5040,trace 1870,GrammarsForDCFLFF,0,FALSE,TRUE,0,2.48
Credit Seeking,5040,trace 1871,DPDAFF,1,FALSE,FALSE,0.571428571,2.35
Normal,5040,trace 1872,GrammarsForDCFLFF,1,TRUE,TRUE,0,0.1
Normal,5040,trace 1873,TMGeneralModel,0,FALSE,FALSE,0,3.677777778
Normal,5040,trace 1874,TMInterpreting,0,FALSE,TRUE,0,5.918181818
Normal,5040,trace 1875,TMDecidableVSAcceptable,0,FALSE,TRUE,0,3.1
Credit Seeking,5040,trace 1876,PairToSortCONPI,0,FALSE,TRUE,0.3,7.168421053
Normal,5040,trace 1877,TravelSalesman,0,FALSE,TRUE,0.153846154,3.928
Credit Seeking,5040,trace 1878,PairToSortCONPI,1,FALSE,FALSE,0.454545455,29425.00952
Credit Seeking,5040,trace 1879,LowerBound,0,TRUE,TRUE,0.5,2.448
Normal,5040,trace 1880,TwoMulExample,0,FALSE,TRUE,0,2.06
Normal,5040,trace 1881,KClique,0,FALSE,TRUE,0.117647059,2.2
Normal,5040,trace 1882,SATProof,0,FALSE,TRUE,0,2.2
Normal,5040,trace 1883,NPCCoping,0,FALSE,TRUE,0.166666667,3.188235294
Normal,5040,trace 1884,UnsolveableProblems1,0,FALSE,TRUE,0,1.927272727
Normal,5040,trace 1885,UnsolveableProblems2,0,FALSE,TRUE,0,1.688888889
Normal,5084,trace 1886,introToNonRegularFF,0,FALSE,TRUE,0,23.21333333
Normal,5084,trace 1887,introToPumpingFF,0,FALSE,TRUE,0,169.65
Normal,5084,trace 1888,PLExample1FF,0,FALSE,TRUE,0.203389831,85.22758621
Normal,5084,trace 1889,PLExample2FF,0,FALSE,FALSE,0,154.002381
Normal,5084,trace 1890,PLExample1FF,1,FALSE,FALSE,0,167.025
Normal,5084,trace 1891,ClosurePropertiesFF,0,FALSE,TRUE,0,3.8
Normal,5084,trace 1892,HomomorphismFF,0,FALSE,FALSE,0,56.42
Credit Seeking,5084,trace 1893,ContextFreeLanguagesFF,0,FALSE,TRUE,0.388888889,40.30566038
Normal,5084,trace 1894,CFGDerivationsFF,0,FALSE,FALSE,0.032258065,37.10333333
Normal,5084,trace 1895,MembershipProblemFF,0,FALSE,TRUE,0.153846154,90.648
Normal,5084,trace 1896,CFGDerivationsFF,1,FALSE,FALSE,0,3.366666667
Normal,5084,trace 1897,ContextFreeLanguagesFF,1,FALSE,FALSE,0,8.525
Credit Seeking,5084,trace 1898,PDA,0,FALSE,TRUE,0.285714286,3001.451852
Normal,5084,trace 1899,PDATransitionsFF,0,FALSE,TRUE,0,311.4636364
Normal,5084,trace 1900,PDAAcceptanceFF,0,FALSE,TRUE,0.022727273,20.21395349
Normal,5084,trace 1901,PDAEmptyStackAcceptanceFF,0,FALSE,TRUE,0,20.73513514
Normal,5084,trace 1902,PDAAcceptanceEquivalenceFF,0,FALSE,FALSE,0,20.525
Normal,5084,trace 1903,PDACFLFF,0,FALSE,FALSE,0.0625,43.51935484
Normal,5084,trace 1904,RemoveUselessFF,0,FALSE,FALSE,0,4.508333333
Normal,5084,trace 1905,TransformGrammarsFF,0,FALSE,FALSE,0.111111111,36.1375
Normal,5084,trace 1906,PDACFLFF,1,FALSE,FALSE,0,39.36666667
Normal,5084,trace 1907,TransformGrammarsFF,1,FALSE,FALSE,0,33.82
Normal,5084,trace 1908,PDACFLFF,1,FALSE,FALSE,0,42.85
Normal,5084,trace 1909,RemoveLambdaFF,0,FALSE,TRUE,0,37.07058824
Normal,5084,trace 1910,RemoveUselessFF,1,FALSE,TRUE,0.173913043,8.009090909
Normal,5084,trace 1911,ChomskyNormalFormFF,0,FALSE,FALSE,0,12.58571429
Normal,5084,trace 1912,PDACFLFF,1,FALSE,FALSE,0,3.61
Normal,5084,trace 1913,PDAAcceptanceEquivalenceFF,1,FALSE,TRUE,0.043478261,8.6
Normal,5084,trace 1914,TMGeneralModel,0,FALSE,TRUE,0.095238095,102.1967742
Normal,5084,trace 1915,TMInterpreting,0,FALSE,TRUE,0.115384615,17.248
Normal,5084,trace 1916,TMDecidableVSAcceptable,0,FALSE,FALSE,0,6.42
Normal,5084,trace 1917,PairToSortCONPI,0,FALSE,TRUE,0,589.6545455
Normal,5084,trace 1918,LowerBound,0,FALSE,TRUE,0,38179.45714
Normal,5084,trace 1919,TwoMulExample,0,FALSE,TRUE,0,543.8714286
Normal,5084,trace 1920,TravelSalesman,0,FALSE,FALSE,0.066666667,62.65
Normal,5085,trace 1921,LanguagesFS,0,FALSE,FALSE,0,6.42
Normal,5085,trace 1922,SetDefFS,0,FALSE,TRUE,0,30.02857143
Normal,5085,trace 1923,SetNotationFS,0,FALSE,TRUE,0,16.05454545
Normal,5085,trace 1924,RelationsFS,0,FALSE,TRUE,0.272727273,7.533333333
Normal,5085,trace 1925,EquivFS,0,FALSE,TRUE,0,73.03333333
Normal,5085,trace 1926,DFAintroFS,0,FALSE,FALSE,0.25,6.457142857
Normal,5085,trace 1927,DFAadvancedFS,0,FALSE,TRUE,0.0625,18.34666667
Normal,5085,trace 1928,NFAFS,0,FALSE,TRUE,0,16.95789474
Normal,5085,trace 1929,NFAequivFS,0,FALSE,TRUE,0,3.733333333
Normal,5085,trace 1930,NFA2DFAlargeExFS,0,FALSE,TRUE,0,11.31
Normal,5085,trace 1931,NFAequivFS,1,TRUE,TRUE,0,1.4
Normal,5085,trace 1932,NFA2DFAlargeExFS,1,TRUE,TRUE,0.05,8.642105263
Normal,5085,trace 1933,RegEx2NFA1FS,0,FALSE,TRUE,0,62.32307692
Normal,5085,trace 1934,RegEx2NFAorFS,0,FALSE,TRUE,0.090909091,8.92
Normal,5085,trace 1935,RegEx2NFAcatFS,0,FALSE,TRUE,0,3.6
Normal,5085,trace 1936,RegEx2NFAstarFS,0,FALSE,TRUE,0,3.275
Normal,5085,trace 1937,ConvertRLREFF,0,FALSE,TRUE,0,11.84444444
Normal,5085,trace 1938,introToNonRegularFF,0,FALSE,TRUE,0.173913043,5.872727273
Normal,5085,trace 1939,introToPumpingFF,0,FALSE,TRUE,0,4.244444444
Normal,5085,trace 1940,PLExample4FF,0,FALSE,FALSE,0,8.786956522
Normal,5085,trace 1941,PLExample2FF,0,FALSE,FALSE,0,19.7625
Normal,5085,trace 1942,DerivationTreesFF,0,TRUE,TRUE,0,4.0125
Normal,5085,trace 1943,AmbiguityFF,0,FALSE,TRUE,0.037037037,186.8115385
Normal,5085,trace 1944,PLExample1FF,0,FALSE,FALSE,0,23.8875
Normal,5085,trace 1946,ContextFreeLanguagesFF,0,FALSE,FALSE,0.129032258,6.636666667
Normal,5085,trace 1947,PDA,0,FALSE,TRUE,0.19047619,18.01
Normal,5085,trace 1948,PDATransitionsFF,0,FALSE,TRUE,0,16.48421053
Normal,5085,trace 1949,PDAAcceptanceFF,0,FALSE,TRUE,0.041666667,9.408510638
Normal,5085,trace 1950,PDAEmptyStackAcceptanceFF,0,FALSE,TRUE,0,21.42222222
Normal,5085,trace 1951,PDAAcceptanceEquivalenceFF,0,FALSE,TRUE,0,4.957894737
Normal,5085,trace 1952,CFLPumpingLemmaFF,0,FALSE,TRUE,0.166666667,13.92173913
Normal,5085,trace 1953,CFLPumpingLemmaExample2FF,0,FALSE,FALSE,0,44.190625
Normal,5085,trace 1954,CFLPumpingLemmaExample3FF,0,FALSE,TRUE,0,17.66206897
Normal,5085,trace 1955,CFLPumpingLemmaExample4FF,0,FALSE,FALSE,0,41.28333333
Normal,5085,trace 1956,DPDAFF,0,FALSE,FALSE,0.230769231,8.884
Normal,5085,trace 1957,PairToSortCONPI,0,FALSE,TRUE,0.066666667,18.65714286
Credit Seeking,5085,trace 1958,LowerBound,0,FALSE,TRUE,0.470588235,16.825
Normal,5085,trace 1959,TwoMulExample,0,FALSE,TRUE,0,27.3875
Normal,5085,trace 1960,TravelSalesman,0,FALSE,TRUE,0,35.26
Normal,5085,trace 1961,KClique,0,FALSE,TRUE,0,19.02
Normal,5085,trace 1962,SATProof,0,FALSE,TRUE,0,22.38181818
Normal,5085,trace 1963,NPCCoping,0,FALSE,TRUE,0,29.87142857
Normal,5085,trace 1964,LanguagesFS,1,FALSE,TRUE,0.236363636,4.207407407
Normal,5085,trace 1965,GrammarIntroFS,0,FALSE,TRUE,0.19047619,5.029268293
Normal,5085,trace 1966,DFAintroFS,1,FALSE,TRUE,0.157894737,3.455555556
Normal,5085,trace 1967,NFAequivFS,1,TRUE,TRUE,0,3.066666667
Normal,5085,trace 1968,DFAMinFS,0,FALSE,TRUE,0.090909091,3.723809524
Normal,5085,trace 1969,DFAMinEx1FS,0,FALSE,TRUE,0.064516129,5.506666667
Normal,5085,trace 1970,DFAMinEx2FS,0,FALSE,TRUE,0.11627907,1.695238095
Credit Seeking,5085,trace 1971,RegExFS,0,FALSE,TRUE,0.884272997,3.70297619
Normal,5085,trace 1972,RegEXtoNFAExampleFF,0,FALSE,TRUE,0,8.6
Credit Seeking,5085,trace 1973,RegularGrammarFF,0,FALSE,TRUE,0.578947368,5.110714286
Normal,5085,trace 1974,NFAToREFF,0,FALSE,TRUE,0,7.247058824
Normal,5085,trace 1975,REtoFAExampleFF,0,FALSE,TRUE,0,4.15
Normal,5085,trace 1976,RightLinearRGFF,0,FALSE,TRUE,0.1,2.747368421
Normal,5085,trace 1977,NFAToReExampleFF,0,FALSE,TRUE,0.222222222,10.12941176
Normal,5085,trace 1978,LeftLinearGrammarFF,0,FALSE,TRUE,0.047619048,2.419512195
Normal,5085,trace 1979,RegEXtoRegGrammarFF,0,FALSE,TRUE,0.2,6.543589744
Normal,5085,trace 1980,RegEXtoLeftRegGrammarFF,0,FALSE,TRUE,0.033333333,18.11034483
Normal,5085,trace 1981,STA,0,FALSE,TRUE,0,2.654545455
Normal,5087,trace 1982,ClosureConceptFF,0,FALSE,TRUE,0.157894737,113.9
Credit Seeking,5087,trace 1983,ClosureRegularLangFF,0,FALSE,TRUE,0.321428571,25.22962963
Normal,5087,trace 1984,RegularLangClosedInterFF,0,FALSE,TRUE,0.166666667,11.49142857
Normal,5087,trace 1985,RightQuotientFF,0,TRUE,TRUE,0,39.64615385
Normal,5087,trace 1986,HomomorphismFF,0,FALSE,TRUE,0,13.46666667
Normal,5087,trace 1987,DerivationTreesFF,0,FALSE,TRUE,0,10.0125
Normal,5087,trace 1988,DFAFF,0,FALSE,TRUE,0,84.448
Normal,5087,trace 1989,FADefinitionsFF,0,FALSE,TRUE,0,11.4
Normal,5087,trace 1990,RelationsFF,0,FALSE,FALSE,0,7.05
Normal,5087,trace 1991,NFA2DFAFrames,0,FALSE,TRUE,0.08,9.966666667
Normal,5087,trace 1992,PLExample1FF,0,FALSE,FALSE,0.055555556,14.06470588
Credit Seeking,5087,trace 1993,ContextFreeLanguagesFF,0,FALSE,FALSE,0.705882353,4.2625
Normal,5087,trace 1994,CFGDerivationsFF,0,FALSE,FALSE,0.2,7.2125
Normal,5087,trace 1995,PDA,0,FALSE,TRUE,0.125,1555.546667
Normal,5087,trace 1996,PDATransitionsFF,0,TRUE,TRUE,0,7.645454545
Normal,5087,trace 1997,PDAAcceptanceFF,0,FALSE,TRUE,0,13.905
Normal,5087,trace 1998,PDAEmptyStackAcceptanceFF,0,FALSE,TRUE,0.025,8.569230769
Normal,5087,trace 1999,PDAAcceptanceEquivalenceFF,0,FALSE,TRUE,0,210.0458333
Credit Seeking,5087,trace 2000,RemoveUselessFF,0,FALSE,FALSE,0.458333333,24.87826087
Normal,5087,trace 2001,ChomskyNormalFormFF,0,FALSE,TRUE,0,55.65294118
Normal,5087,trace 2002,RemoveLambdaFF,0,FALSE,TRUE,0,9.5125
Normal,5087,trace 2003,GreibachNormalFormFF,0,FALSE,TRUE,0.236842105,6533.576
Normal,5087,trace 2004,ChomskyNormalFormFF,1,TRUE,TRUE,0,7.476923077
Normal,5087,trace 2005,MajorConceptsFF,0,FALSE,TRUE,0.047619048,19.54146341
Normal,5087,trace 2006,SetDefFF,0,FALSE,TRUE,0,13.04
Normal,5087,trace 2007,SetCommonSymbolsFF,0,FALSE,TRUE,0.041666667,10.26956522
Normal,5087,trace 2008,MathProofFF,0,FALSE,TRUE,0.041666667,26.70434783
Normal,5087,trace 2009,ContinuedMathProofFF,0,FALSE,TRUE,0,8.075
Normal,5087,trace 2010,InductionProofExample1FF,0,FALSE,TRUE,0.052631579,5.177777778
Normal,5087,trace 2011,InductionProofExample2FF,0,FALSE,TRUE,0.076923077,6.016666667
Normal,5087,trace 2012,PairToSortCONPI,0,FALSE,TRUE,0,22.34666667
Normal,5087,trace 2013,LowerBound,0,TRUE,TRUE,0.266666667,21.58571429
Normal,5087,trace 2014,CFLClosurePropertiesFF,0,FALSE,TRUE,0,58.09565217
Normal,5087,trace 2015,CFLPumpingLemmaFF,0,FALSE,TRUE,0.074074074,26.77692308
Credit Seeking,5087,trace 2016,CFLPumpingLemmaExample1FF,0,FALSE,TRUE,0.5,36.90684932
Normal,5087,trace 2017,CFLPumpingLemmaExample2FF,0,FALSE,TRUE,0.076923077,6.663157895
Normal,5087,trace 2018,CFLPumpingLemmaExample3FF,0,FALSE,TRUE,0.033333333,19.17931034
Normal,5087,trace 2019,CFLPumpingLemmaExample4FF,0,FALSE,TRUE,0.044444444,19.59545455
Normal,5087,trace 2020,CFLPumpingLemmaExample5FF,0,FALSE,TRUE,0.104166667,22.06808511
Credit Seeking,5087,trace 2021,ContextFreeLanguagesFF,1,FALSE,FALSE,0.571428571,1.366666667
Credit Seeking,5087,trace 2022,CFGDerivationsFF,1,FALSE,FALSE,0.769230769,2.016666667
Normal,5087,trace 2023,ContextFreeLanguagesFF,1,FALSE,TRUE,0.166666667,9.248275862
Normal,5087,trace 2024,CFGDerivationsFF,1,FALSE,TRUE,0.145833333,8.472340426
Normal,5087,trace 2025,DerivationTreesFF,1,TRUE,TRUE,0,7.171428571
Credit Seeking,5087,trace 2026,RemoveUselessFF,1,FALSE,TRUE,0.470588235,10.7030303
Normal,5087,trace 2027,RemoveUnitFF,0,FALSE,TRUE,0.111111111,17.60571429
Normal,5087,trace 2028,TransformGrammarsFF,0,FALSE,TRUE,0.03030303,16.25625
Normal,5087,trace 2029,TMGeneralModel,0,FALSE,TRUE,0.016666667,13.25762712
Normal,5087,trace 2030,TMInterpreting,0,FALSE,TRUE,0.083333333,11.1826087
Normal,5087,trace 2031,TMDecidableVSAcceptable,0,FALSE,TRUE,0,13.38181818
Normal,5087,trace 2032,TMComplicatedMachine3,0,FALSE,TRUE,0,9.463636364
Normal,5087,trace 2033,TravelSalesman,0,FALSE,TRUE,0,54.24705882
Normal,5087,trace 2034,KClique,0,FALSE,TRUE,0,18.42
Normal,5087,trace 2035,UnsolveableProblems1,0,FALSE,FALSE,0,12.01666667
Normal,5112,trace 2036,introToNonRegularFF,0,FALSE,TRUE,0.055555556,13.18823529
Normal,5112,trace 2037,introToPumpingFF,0,FALSE,TRUE,0.083333333,9.654545455
Normal,5112,trace 2038,PLExample1FF,0,FALSE,TRUE,0.054545455,16.65185185
Normal,5112,trace 2039,PLExample2FF,0,FALSE,TRUE,0.0625,62.90967742
Normal,5112,trace 2040,PLExample3FF,0,FALSE,TRUE,0,64.40666667
Normal,5112,trace 2041,PLExample4FF,0,FALSE,TRUE,0.035714286,8.822222222
Normal,5112,trace 2042,PLExample5FF,0,FALSE,TRUE,0,21.19090909
Normal,5112,trace 2043,PLExample6FF,0,FALSE,TRUE,0.111111111,14.32
Normal,5112,trace 2044,ClosurePropertiesFF,0,FALSE,TRUE,0.125,6.6
Normal,5112,trace 2045,ClosurePropertiesExample1FF,0,FALSE,TRUE,0.153846154,252.5166667
Normal,5112,trace 2046,ClosurePropertiesExample2FF,0,FALSE,TRUE,0,7.033333333
Normal,5112,trace 2047,ClosurePropertiesExample3FF,0,FALSE,TRUE,0,7.525
Normal,5112,trace 2048,PLExample5FF,1,FALSE,FALSE,0,10.55
Normal,5112,trace 2049,PLExample4FF,1,FALSE,FALSE,0,5.525
Normal,5112,trace 2050,PLExample5FF,1,FALSE,FALSE,0.25,14.4
Normal,5112,trace 2051,ConvertRLREFF,0,FALSE,FALSE,0,3.525
Normal,5112,trace 2052,RegularGrammarFF,0,FALSE,FALSE,0,1.55
Normal,5112,trace 2053,DFAFF,0,FALSE,TRUE,0.175,59.31282051
Credit Seeking,5112,trace 2054,ContextFreeLanguagesFF,0,FALSE,TRUE,0.49122807,11.80714286
Normal,5112,trace 2055,CFGDerivationsFF,0,FALSE,TRUE,0.063492063,9.664516129
Normal,5112,trace 2056,DerivationTreesFF,0,FALSE,FALSE,0,6.65
Normal,5112,trace 2057,SetDefFF,0,FALSE,TRUE,0,4.05
Normal,5112,trace 2058,SetCommonSymbolsFF,0,FALSE,TRUE,0.243243243,7.894444444
Credit Seeking,5112,trace 2059,CFLClosurePropertiesFF,0,FALSE,TRUE,0.294117647,8.187878788
Normal,5112,trace 2060,SetCommonSymbolsFF,1,FALSE,FALSE,0,80.525
Credit Seeking,5112,trace 2061,PDA,0,FALSE,TRUE,0.384615385,44.448
Normal,5112,trace 2062,PDATransitionsFF,0,FALSE,TRUE,0.08,82.13333333
Normal,5112,trace 2063,PDAAcceptanceFF,0,FALSE,TRUE,0.172413793,51.03859649
Normal,5112,trace 2064,PDAEmptyStackAcceptanceFF,0,FALSE,TRUE,0.132075472,44.81153846
Normal,5112,trace 2065,PDAAcceptanceEquivalenceFF,0,FALSE,TRUE,0.153846154,3.928
Credit Seeking,5112,trace 2066,PDACFLFF,0,FALSE,TRUE,0.542857143,12.96346154
Normal,5112,trace 2068,CFLPumpingLemmaFF,0,FALSE,TRUE,0.08,7.55
Credit Seeking,5112,trace 2069,TMGeneralModel,0,FALSE,FALSE,0.454545455,4.152380952
Credit Seeking,5112,trace 2070,ContextFreeLanguagesFF,1,FALSE,FALSE,0.666666667,8.67625
Credit Seeking,5112,trace 2071,CFGDerivationsFF,1,FALSE,FALSE,0.285714286,9.776923077
Normal,5112,trace 2072,DerivationTreesFF,1,FALSE,TRUE,0,11.55
Normal,5112,trace 2073,MembershipProblemFF,0,FALSE,TRUE,0.041666667,9.92173913
Credit Seeking,5112,trace 2074,AmbiguityFF,0,FALSE,TRUE,0.465116279,7.552380952
Normal,5112,trace 2075,TransformGrammarsFF,0,FALSE,TRUE,0,5.364285714
Credit Seeking,5112,trace 2076,RemoveUselessFF,0,FALSE,TRUE,0.55,8.217721519
Normal,5112,trace 2077,RemoveLambdaFF,0,FALSE,TRUE,0.052631579,7.511111111
Credit Seeking,5112,trace 2078,RemoveUnitFF,0,FALSE,TRUE,0.676190476,4.896153846
Normal,5112,trace 2079,ChomskyNormalFormFF,0,FALSE,TRUE,0,13.65714286
Credit Seeking,5112,trace 2080,GreibachNormalFormFF,0,FALSE,TRUE,0.282608696,5.537777778
Normal,5112,trace 2081,PDA,1,FALSE,FALSE,0,0.55
Credit Seeking,5112,trace 2082,DPDAFF,0,FALSE,TRUE,0.357142857,7.637037037
Normal,5112,trace 2083,NCFLProofFF,0,FALSE,TRUE,0,3.109090909
Normal,5112,trace 2084,NCFLversusDCFLFF,0,FALSE,TRUE,0,3.133333333
Normal,5112,trace 2085,GrammarsForDCFLFF,0,FALSE,TRUE,0,3.371428571
Normal,5112,trace 2086,CFLPumpingLemmaFF,1,FALSE,FALSE,0,4.025
Credit Seeking,5112,trace 2087,CFLPumpingLemmaExample1FF,0,FALSE,TRUE,0.283333333,5.325423729
Normal,5112,trace 2088,TMGeneralModel,1,FALSE,TRUE,0.118644068,6.796551724
Normal,5112,trace 2089,TMInterpreting,0,FALSE,TRUE,0.076923077,6.848
Normal,5112,trace 2090,TMDecidableVSAcceptable,0,FALSE,TRUE,0.176470588,8.075
Normal,5112,trace 2091,TMComplicatedMachine3,0,FALSE,TRUE,0.041666667,5.92173913
Normal,5112,trace 2092,CFLPumpingLemmaExample1FF,1,FALSE,FALSE,0,31.7
Normal,5112,trace 2093,CFLPumpingLemmaExample2FF,0,FALSE,FALSE,0,4.728571429
Normal,5112,trace 2094,CFLPumpingLemmaExample1FF,1,FALSE,FALSE,0,206.7
Normal,5112,trace 2095,CFLPumpingLemmaExample2FF,1,FALSE,TRUE,0.244444444,3.663636364
Normal,5112,trace 2096,CFLPumpingLemmaExample3FF,0,FALSE,FALSE,0.115384615,3.524
Normal,5112,trace 2097,SATProof,0,FALSE,TRUE,0,8.82
Normal,5112,trace 2098,UnsolveableProblems1,0,FALSE,TRUE,0,23.42
Normal,5112,trace 2099,UnsolveableProblems2,0,FALSE,TRUE,0,6.8
Credit Seeking,5115,trace 2101,LanguagesFS,0,FALSE,TRUE,0.467532468,1271.502632
Normal,5115,trace 2102,GrammarIntroFS,0,FALSE,TRUE,0.179487179,8.952631579
Normal,5115,trace 2103,RelationsFS,0,FALSE,TRUE,0.1,26825.53684
Credit Seeking,5115,trace 2104,EquivFS,0,FALSE,TRUE,0.357142857,4.246153846
Normal,5115,trace 2105,DFAintroFS,0,FALSE,TRUE,0.090909091,15.15238095
Normal,5115,trace 2106,DFAadvancedFS,0,FALSE,TRUE,0,235.9466667
Normal,5115,trace 2107,SetDefFS,0,FALSE,TRUE,0.2,5.911111111
Normal,5115,trace 2108,SetNotationFS,0,FALSE,TRUE,0.074074074,9.315384615
Credit Seeking,5115,trace 2109,NFAFS,0,FALSE,FALSE,0.514285714,11.88823529
Normal,5115,trace 2110,NFAequivFS,0,FALSE,TRUE,0,0.1
Credit Seeking,5115,trace 2111,NFAFS,1,FALSE,TRUE,0.363636364,5.32
Normal,5115,trace 2112,NFA2DFAlargeExFS,0,FALSE,TRUE,0,14.36
Normal,5115,trace 2113,DFAMinFS,0,FALSE,TRUE,0.05,8.8
Normal,5115,trace 2114,DFAMinEx1FS,0,FALSE,TRUE,0,12.82727273
Normal,5115,trace 2115,DFAMinEx2FS,0,FALSE,TRUE,0.081081081,6.088888889
Credit Seeking,5115,trace 2116,RegExFS,0,FALSE,FALSE,0.808641975,3.659627329
Normal,5115,trace 2117,RegEXtoLeftRegGrammarFF,0,FALSE,FALSE,0,0.55
Normal,5115,trace 2119,TMDecidableVSAcceptable,0,FALSE,TRUE,0.0625,3.213333333
Normal,5137,trace 2120,LanguagesFS,0,FALSE,TRUE,0.02173913,41.00444444
Credit Seeking,5137,trace 2121,PDA,0,FALSE,FALSE,0.677419355,4.606666667
Normal,5137,trace 2122,PDATransitionsFF,0,FALSE,TRUE,0.043478261,9.781818182
Normal,5137,trace 2123,PDAAcceptanceFF,0,FALSE,TRUE,0.108695652,8.026666667
Normal,5137,trace 2124,PDAAcceptanceEquivalenceFF,0,FALSE,FALSE,0,1213.183333
Normal,5137,trace 2125,PDACFLFF,0,FALSE,TRUE,0.043478261,16.60444444
Normal,5137,trace 2126,PDAEmptyStackAcceptanceFF,0,FALSE,TRUE,0,7.816216216
Normal,5137,trace 2127,PDAAcceptanceEquivalenceFF,1,FALSE,TRUE,0,9.213333333
Normal,5137,trace 2128,GrammarIntroFS,0,FALSE,TRUE,0.128205128,20.37368421
Normal,5137,trace 2129,SetDefFS,0,FALSE,TRUE,0.090909091,14.21
Normal,5137,trace 2130,SetNotationFS,0,FALSE,TRUE,0.166666667,16.55862069
Credit Seeking,5137,trace 2131,RelationsFS,0,FALSE,TRUE,0.529411765,24.36969697
Normal,5137,trace 2132,EquivFS,0,FALSE,TRUE,0,8.457142857
Credit Seeking,5137,trace 2133,DFAintroFS,0,FALSE,FALSE,0.805555556,7.234285714
Normal,5137,trace 2134,DFAadvancedFS,0,FALSE,TRUE,0,10.51428571
Normal,5137,trace 2135,DFAintroFS,1,FALSE,FALSE,0.25,5.4
Normal,5137,trace 2136,NFAFS,0,FALSE,TRUE,0.24137931,16.9
Normal,5137,trace 2137,NFAequivFS,0,FALSE,TRUE,0.2,3.05
Normal,5137,trace 2138,NFA2DFAlargeExFS,0,FALSE,TRUE,0.192307692,16.568
Normal,5137,trace 2139,DFAMinFS,0,FALSE,TRUE,0.05,35.01052632
Normal,5137,trace 2140,DFAMinEx1FS,0,FALSE,TRUE,0.057142857,5.358823529
Normal,5137,trace 2141,DFAMinEx2FS,0,FALSE,TRUE,0.11627907,2.695238095
Normal,5137,trace 2142,TMGeneralModel,0,FALSE,FALSE,0,7.566666667
Normal,5137,trace 2143,TMInterpreting,0,FALSE,FALSE,0,7.033333333
Normal,5137,trace 2144,PairToSortCONPI,0,FALSE,FALSE,0.125,27.72857143
Normal,5137,trace 2145,DFAMinEx1FS,1,FALSE,FALSE,0,10.55
Normal,5137,trace 2146,RegExFS,0,FALSE,FALSE,0.125,1694.585714
Credit Seeking,5137,trace 2147,RegularGrammarFF,0,FALSE,FALSE,0.461538462,2.766666667
Normal,5137,trace 2148,REtoFAExampleFF,0,FALSE,FALSE,0.25,3.585714286
Normal,5137,trace 2149,PDATransitionsFF,1,FALSE,FALSE,0,4.366666667
Normal,5137,trace 2150,PDA,1,FALSE,TRUE,0,1.366666667
Normal,5153,trace 2151,PLExample4FF,0,FALSE,TRUE,0.028571429,70.24117647
Normal,5153,trace 2152,PLExample5FF,0,FALSE,TRUE,0.035714286,56.97037037
Normal,5153,trace 2153,ContextFreeLanguagesFF,0,FALSE,TRUE,0.2,1062.594872
Normal,5153,trace 2154,CFGDerivationsFF,0,FALSE,TRUE,0.035087719,191.8071429
Normal,5153,trace 2155,DerivationTreesFF,0,FALSE,TRUE,0,715.88
Normal,5153,trace 2156,MembershipProblemFF,0,FALSE,FALSE,0,20.02
Credit Seeking,5153,trace 2157,AmbiguityFF,0,FALSE,TRUE,0.5,11.83404255
Normal,5153,trace 2158,CFGDerivationsFF,1,FALSE,FALSE,0,1.05
Normal,5153,trace 2159,MajorConceptsFF,0,FALSE,TRUE,0.222222222,12.28679245
Normal,5153,trace 2160,GrammarIntroFF,0,FALSE,TRUE,0.095238095,33.39512195
Normal,5153,trace 2161,ClosureConceptFF,0,FALSE,TRUE,0,6.62
Normal,5153,trace 2162,ClosureRegularLangFF,0,FALSE,TRUE,0,17.11
Normal,5153,trace 2163,HomomorphismFF,0,FALSE,TRUE,0,9.22
Normal,5153,trace 2164,ContextFreeLanguagesFF,1,TRUE,TRUE,0.210526316,6.733333333
Credit Seeking,5153,trace 2166,MajorConceptsFF,1,TRUE,TRUE,0.416666667,12.01818182
Normal,5153,trace 2167,TransformGrammarsFF,0,FALSE,TRUE,0,15.07333333
Credit Seeking,5153,trace 2169,PDA,0,FALSE,TRUE,0.6,66.59487179
Normal,5153,trace 2170,PDATransitionsFF,0,FALSE,TRUE,0.04,24.63333333
Normal,5153,trace 2171,PDAAcceptanceFF,0,FALSE,TRUE,0.065217391,15.93777778
Normal,5153,trace 2172,PDAEmptyStackAcceptanceFF,0,FALSE,TRUE,0.025641026,29.92631579
Normal,5153,trace 2173,PDAAcceptanceEquivalenceFF,0,FALSE,FALSE,0.142857143,10.35
Normal,5153,trace 2174,PDACFLFF,0,FALSE,TRUE,0.046875,9361.495238
Normal,5153,trace 2175,PDAAcceptanceEquivalenceFF,1,FALSE,TRUE,0,43.91428571
Normal,5153,trace 2176,SetDefFF,0,FALSE,TRUE,0,10.91111111
Normal,5153,trace 2177,SetCommonSymbolsFF,0,FALSE,TRUE,0.074074074,36.16153846
Normal,5153,trace 2178,RelationsFF,0,FALSE,TRUE,0.269230769,58.488
Normal,5153,trace 2179,DFAFF,0,FALSE,FALSE,0,14200.1375
Normal,5153,trace 2180,CFLClosurePropertiesFF,0,FALSE,TRUE,0,1397.408
Normal,5153,trace 2181,CFLPumpingLemmaFF,0,FALSE,TRUE,0,148.1777778
Credit Seeking,5153,trace 2182,CFLPumpingLemmaExample1FF,0,FALSE,FALSE,0.701754386,7.003571429
Normal,5153,trace 2183,CFLPumpingLemmaExample2FF,0,FALSE,FALSE,0,5.775
Credit Seeking,5153,trace 2184,CFLPumpingLemmaExample1FF,1,FALSE,TRUE,0.285714286,726.7111111
Normal,5153,trace 2185,CFLPumpingLemmaExample2FF,1,FALSE,TRUE,0.034482759,38.72142857
Normal,5153,trace 2186,ClosureRegularLangFF,1,FALSE,FALSE,0,14.05
Credit Seeking,5153,trace 2187,TMGeneralModel,0,FALSE,TRUE,0.45631068,519.4431373
Normal,5153,trace 2188,TMInterpreting,0,FALSE,TRUE,0,91.95555556
Normal,5153,trace 2189,TMDecidableVSAcceptable,0,FALSE,TRUE,0,2188.776923
Normal,5153,trace 2190,DPDAFF,0,FALSE,FALSE,0,9.42
Normal,5153,trace 2191,TransformGrammarsFF,1,FALSE,FALSE,0,23.00416667
Credit Seeking,5153,trace 2192,RemoveUselessFF,0,FALSE,TRUE,0.292682927,14.63
Normal,5153,trace 2193,RemoveLambdaFF,0,FALSE,TRUE,0.208333333,18.83478261
Credit Seeking,5153,trace 2194,RemoveUnitFF,0,FALSE,TRUE,0.32,17.67755102
Normal,5153,trace 2195,ChomskyNormalFormFF,0,FALSE,TRUE,0,26.63076923
Normal,5153,trace 2196,GreibachNormalFormFF,0,FALSE,TRUE,0.033333333,12.14482759
Normal,5153,trace 2197,CFLPumpingLemmaExample3FF,0,FALSE,TRUE,0,30.15555556
Normal,5153,trace 2199,CFLClosurePropertiesFF,1,TRUE,TRUE,0,6.275
Normal,5153,trace 2200,RemoveLambdaFF,1,FALSE,FALSE,0,3.05
Credit Seeking,5153,trace 2201,TravelSalesman,0,FALSE,TRUE,0.323529412,1954.824242
Normal,5153,trace 2202,PairToSortCONPI,0,FALSE,FALSE,0,1092.775
Normal,5153,trace 2203,UnsolveableProblems1,0,FALSE,TRUE,0,171.4
Normal,5153,trace 2204,UnsolveableProblems2,0,FALSE,TRUE,0,164.3142857
Normal,5153,trace 2205,KClique,0,FALSE,TRUE,0,56.52
Normal,5153,trace 2206,SATProof,0,FALSE,FALSE,0.142857143,5.85
Normal,5153,trace 2207,NPCCoping,0,FALSE,TRUE,0.277777778,162.4235294
Normal,5153,trace 2208,PairToSortCONPI,1,FALSE,TRUE,0.076923077,32.35
Credit Seeking,5153,trace 2209,LowerBound,0,FALSE,TRUE,0.285714286,16.16923077
Normal,5153,trace 2210,TwoMulExample,0,FALSE,TRUE,0,14.09230769
Normal,5153,trace 2211,UnsolveableProblems1,1,FALSE,FALSE,0,1.55
Normal,5153,trace 2212,TravelSalesman,1,FALSE,FALSE,0,0.55
Credit Seeking,5153,trace 2213,DPDAFF,1,FALSE,FALSE,0.571428571,3.35
Normal,5157,trace 2214,LanguagesFS,0,FALSE,TRUE,0,33.0969697
Normal,5157,trace 2215,GrammarIntroFS,0,FALSE,TRUE,0.034482759,41.00714286
Normal,5157,trace 2216,SetDefFS,0,FALSE,TRUE,0,12.7
Normal,5157,trace 2217,SetNotationFS,0,FALSE,TRUE,0.148148148,13.93076923
Normal,5157,trace 2218,RelationsFS,0,FALSE,TRUE,0.1875,26.68
Normal,5157,trace 2219,EquivFS,0,FALSE,TRUE,0,22.36666667
Normal,5157,trace 2220,DFAintroFS,0,FALSE,TRUE,0,38.88
Normal,5157,trace 2221,DFAadvancedFS,0,FALSE,TRUE,0,31.43333333
Normal,5157,trace 2222,NFAFS,0,FALSE,TRUE,0.130434783,22.19090909
Normal,5157,trace 2223,NFAequivFS,0,FALSE,TRUE,0,5.733333333
Normal,5157,trace 2224,NFA2DFAlargeExFS,0,FALSE,TRUE,0,16.43157895
Normal,5157,trace 2225,DFAMinFS,0,FALSE,TRUE,0.055555556,23.07058824
Normal,5157,trace 2226,DFAMinEx1FS,0,FALSE,TRUE,0,25.57391304
Normal,5157,trace 2227,DFAMinEx2FS,0,FALSE,TRUE,0,10337.168
Normal,5157,trace 2228,RegExFS,0,FALSE,TRUE,0,38.175
Normal,5157,trace 2229,RegEx2NFA1FS,0,FALSE,TRUE,0,14.92727273
Normal,5157,trace 2230,RegEx2NFAorFS,0,FALSE,TRUE,0,18.17142857
Normal,5157,trace 2231,RegEx2NFAcatFS,0,FALSE,TRUE,0,15.24444444
Normal,5157,trace 2232,RegEx2NFAstarFS,0,FALSE,TRUE,0,9.275
Normal,5157,trace 2233,RegEXtoNFAExampleFF,0,FALSE,TRUE,0.133333333,18.01428571
Normal,5157,trace 2234,ConvertRLREFF,0,FALSE,TRUE,0,19.73333333
Normal,5157,trace 2235,RegularGrammarFF,0,FALSE,TRUE,0.047619048,12.21
Normal,5157,trace 2236,NFAToREFF,0,FALSE,TRUE,0,19.37142857
Normal,5157,trace 2237,RightLinearRGFF,0,TRUE,TRUE,0,9.013333333
Normal,5157,trace 2238,LeftLinearGrammarFF,0,FALSE,FALSE,0,19.9
Normal,5157,trace 2239,RegEXtoRegGrammarFF,0,FALSE,TRUE,0,19.21
Normal,5157,trace 2240,RegEXtoLeftRegGrammarFF,0,FALSE,TRUE,0,13.55454545
Normal,5157,trace 2241,STA,0,FALSE,TRUE,0,5.12
Normal,5157,trace 2242,ClosureConceptFF,0,FALSE,TRUE,0.083333333,6.381818182
Normal,5157,trace 2243,ClosureRegularLangFF,0,FALSE,TRUE,0.238095238,16.66
Normal,5157,trace 2244,RegularLangClosedInterFF,0,FALSE,TRUE,0.035714286,12.71111111
Normal,5157,trace 2245,RightQuotientFF,0,FALSE,TRUE,0.03030303,14.06875
Normal,5157,trace 2246,HomomorphismFF,0,FALSE,TRUE,0,14.68888889
Normal,5157,trace 2247,introToNonRegularFF,0,FALSE,TRUE,0,8.784615385
Normal,5157,trace 2248,introToPumpingFF,0,FALSE,TRUE,0,8.275
Normal,5157,trace 2249,PLExample1FF,0,FALSE,TRUE,0.040816327,55.35833333
Normal,5157,trace 2250,PLExample2FF,0,FALSE,TRUE,0,10.675
Normal,5157,trace 2251,PLExample3FF,0,FALSE,TRUE,0,8.208
Normal,5157,trace 2252,PLExample4FF,0,FALSE,TRUE,0,6.591666667
Normal,5157,trace 2253,PLExample5FF,0,FALSE,TRUE,0,10.01
Normal,5157,trace 2254,PLExample6FF,0,FALSE,TRUE,0,11.47142857
Normal,5157,trace 2255,ClosurePropertiesFF,0,FALSE,TRUE,0.142857143,8.2
Normal,5157,trace 2256,ClosurePropertiesExample1FF,0,FALSE,TRUE,0,8.92
Normal,5157,trace 2257,ClosurePropertiesExample2FF,0,FALSE,TRUE,0,27.02857143
Normal,5157,trace 2258,ClosurePropertiesExample3FF,0,FALSE,TRUE,0,21.9
Normal,5157,trace 2259,ContextFreeLanguagesFF,0,FALSE,TRUE,0.194444444,12.06285714
Normal,5157,trace 2260,CFGDerivationsFF,0,FALSE,TRUE,0,10.5787234
Normal,5157,trace 2261,DerivationTreesFF,0,FALSE,TRUE,0,10.47692308
Normal,5157,trace 2262,MembershipProblemFF,0,FALSE,TRUE,0,28.64210526
Credit Seeking,5157,trace 2263,AmbiguityFF,0,FALSE,TRUE,0.3125,15.71612903
Normal,5157,trace 2264,TransformGrammarsFF,0,FALSE,TRUE,0,29.08461538
Normal,5157,trace 2265,RemoveUselessFF,0,FALSE,TRUE,0.21875,16.32903226
Normal,5157,trace 2266,RemoveLambdaFF,0,FALSE,TRUE,0,13.87142857
Normal,5157,trace 2267,RemoveUnitFF,0,FALSE,TRUE,0,17.52121212
Normal,5157,trace 2268,ChomskyNormalFormFF,0,FALSE,TRUE,0,34.01428571
Normal,5157,trace 2269,GreibachNormalFormFF,0,FALSE,TRUE,0.03030303,18.13125
Normal,5157,trace 2270,PDA,0,FALSE,TRUE,0,14.6
Normal,5157,trace 2271,PDATransitionsFF,0,FALSE,TRUE,0,17.42352941
Normal,5157,trace 2272,PDAAcceptanceFF,0,FALSE,TRUE,0,11.40571429
Normal,5157,trace 2273,PDAEmptyStackAcceptanceFF,0,FALSE,TRUE,0,9.505882353
Normal,5157,trace 2274,PDAAcceptanceEquivalenceFF,0,FALSE,TRUE,0,14.67777778
Normal,5157,trace 2275,CFLClosurePropertiesFF,0,FALSE,TRUE,0,15.37272727
Normal,5157,trace 2276,CFLPumpingLemmaFF,0,FALSE,TRUE,0,14.78888889
Normal,5157,trace 2277,CFLPumpingLemmaExample1FF,0,FALSE,TRUE,0.058823529,9.278787879
Normal,5157,trace 2278,CFLPumpingLemmaExample2FF,0,FALSE,FALSE,0,6.396428571
Normal,5157,trace 2279,PDACFLFF,0,FALSE,TRUE,0.093023256,3875.338095
Normal,5157,trace 2280,DPDAFF,0,FALSE,TRUE,0,16.6
Normal,5157,trace 2281,NCFLProofFF,0,FALSE,TRUE,0,22.46666667
Normal,5157,trace 2282,NCFLversusDCFLFF,0,FALSE,TRUE,0,3.244444444
Normal,5157,trace 2283,GrammarsForDCFLFF,0,FALSE,TRUE,0,21.85
Normal,5157,trace 2284,CFLPumpingLemmaExample3FF,0,FALSE,TRUE,0,8.776923077
Normal,5157,trace 2285,CFLPumpingLemmaExample4FF,0,FALSE,TRUE,0,7.843243243
Normal,5157,trace 2286,CFLPumpingLemmaExample5FF,0,FALSE,TRUE,0,7.262857143
Normal,5157,trace 2287,TMGeneralModel,0,FALSE,TRUE,0.037735849,13.1
Normal,5157,trace 2288,TMInterpreting,0,FALSE,TRUE,0,30.30588235
Normal,5157,trace 2289,TMDecidableVSAcceptable,0,FALSE,TRUE,0,13.22
Normal,5157,trace 2290,TMComplicatedMachine3,0,FALSE,TRUE,0,10.43157895
Normal,5157,trace 2291,PairToSortCONPI,0,FALSE,TRUE,0,30.10909091
Normal,5157,trace 2292,LowerBound,0,FALSE,TRUE,0,60.2
Normal,5157,trace 2293,TwoMulExample,0,FALSE,TRUE,0,55.86153846
Normal,5157,trace 2294,TravelSalesman,0,FALSE,TRUE,0,39.41333333
Normal,5157,trace 2295,KClique,0,FALSE,TRUE,0,29.32
Normal,5157,trace 2296,SATProof,0,FALSE,TRUE,0,37.68888889
Normal,5157,trace 2297,NPCCoping,0,FALSE,TRUE,0,45.47272727
Normal,5157,trace 2298,UnsolveableProblems1,0,FALSE,TRUE,0,51.65
Normal,5157,trace 2299,UnsolveableProblems2,0,FALSE,TRUE,0,81.03333333
Normal,5168,trace 2301,LanguagesFS,0,FALSE,TRUE,0.127659574,12174.35217
Normal,5168,trace 2302,GrammarIntroFS,0,FALSE,TRUE,0.170731707,9.03
Normal,5168,trace 2303,SetDefFS,0,FALSE,TRUE,0,12.88571429
Normal,5168,trace 2304,SetNotationFS,0,FALSE,TRUE,0.171428571,8.976470588
Credit Seeking,5168,trace 2305,RelationsFS,0,FALSE,TRUE,0.384615385,9.688
Credit Seeking,5168,trace 2306,EquivFS,0,FALSE,TRUE,0.384615385,9.266666667
Normal,5168,trace 2307,DFAintroFS,0,FALSE,TRUE,0.225806452,25.40666667
Normal,5168,trace 2308,LanguagesFS,1,FALSE,FALSE,0,7.281818182
Normal,5168,trace 2309,RelationsFS,1,TRUE,TRUE,0.227272727,26.86666667
Normal,5168,trace 2310,DFAadvancedFS,0,FALSE,TRUE,0,25.08
Normal,5168,trace 2311,NFAFS,0,FALSE,TRUE,0.083333333,30.57391304
Normal,5168,trace 2312,NFAequivFS,0,FALSE,TRUE,0,0.1
Credit Seeking,5168,trace 2313,NFA2DFAlargeExFS,0,FALSE,TRUE,0.47826087,14.51555556
Normal,5168,trace 2314,DFAMinFS,0,FALSE,TRUE,0.086956522,7.645454545
Normal,5168,trace 2315,DFAMinEx1FS,0,FALSE,TRUE,0.033333333,6.006896552
Normal,5168,trace 2316,DFAMinEx2FS,0,FALSE,TRUE,0,2.388235294
Credit Seeking,5168,trace 2317,RegExFS,0,FALSE,TRUE,0.672897196,6.237735849
Normal,5168,trace 2318,RegEx2NFA1FS,0,FALSE,TRUE,0,15.42
Normal,5168,trace 2319,RegEx2NFAorFS,0,FALSE,TRUE,0,27.92
Normal,5168,trace 2320,RegEx2NFAcatFS,0,FALSE,TRUE,0,4.683333333
Normal,5168,trace 2321,RegEx2NFAstarFS,0,FALSE,TRUE,0,4.9
Credit Seeking,5168,trace 2322,RegEXtoNFAExampleFF,0,FALSE,TRUE,0.347826087,8.827272727
Normal,5168,trace 2323,ConvertRLREFF,0,FALSE,TRUE,0,3.168421053
Credit Seeking,5168,trace 2324,RegularGrammarFF,0,FALSE,TRUE,0.632352941,15.06268657
Normal,5168,trace 2325,STA,0,FALSE,TRUE,0,2.8
Normal,5168,trace 2326,ClosureConceptFF,0,FALSE,TRUE,0.277777778,3.305882353
Normal,5168,trace 2327,ClosureRegularLangFF,0,FALSE,FALSE,0,2.55
Normal,5168,trace 2328,PDA,0,FALSE,TRUE,0.071428571,6.015384615
Normal,5168,trace 2329,PDAAcceptanceFF,0,FALSE,FALSE,0,3.35
Normal,5168,trace 2330,PDATransitionsFF,0,FALSE,FALSE,0,1.55
Normal,5168,trace 2331,PDAAcceptanceEquivalenceFF,0,FALSE,TRUE,0,71.524
Normal,5168,trace 2332,NFAequivFS,1,TRUE,TRUE,0,0.1
Normal,5168,trace 2333,introToNonRegularFF,0,FALSE,TRUE,0.15,10.95789474
Normal,5168,trace 2334,introToPumpingFF,0,FALSE,TRUE,0.235294118,2.6375
Normal,5168,trace 2335,PLExample1FF,0,FALSE,TRUE,0.079365079,2.793548387
Normal,5168,trace 2336,PLExample2FF,0,FALSE,TRUE,0.146341463,2.18
Normal,5168,trace 2337,PLExample3FF,0,FALSE,TRUE,0.105263158,1.924324324
Normal,5168,trace 2338,PLExample4FF,0,FALSE,TRUE,0.078947368,2.032432432
Normal,5168,trace 2339,PLExample5FF,0,FALSE,TRUE,0.034482759,1.792857143
Normal,5168,trace 2340,PLExample6FF,0,FALSE,TRUE,0.119047619,2.004878049
Normal,5168,trace 2341,ClosurePropertiesFF,0,FALSE,TRUE,0.142857143,1.7
Normal,5168,trace 2342,ClosurePropertiesExample1FF,0,FALSE,TRUE,0.176470588,1.45
Normal,5168,trace 2343,ClosurePropertiesExample2FF,0,FALSE,TRUE,0.1,1.577777778
Normal,5168,trace 2344,ClosurePropertiesExample3FF,0,FALSE,TRUE,0,1.466666667
Credit Seeking,5168,trace 2345,ContextFreeLanguagesFF,0,FALSE,TRUE,0.492753623,10.31176471
Credit Seeking,5168,trace 2346,CFGDerivationsFF,0,FALSE,TRUE,0.380952381,1.8576
Normal,5168,trace 2347,DerivationTreesFF,0,FALSE,TRUE,0.052631579,1.733333333
Credit Seeking,5168,trace 2348,MembershipProblemFF,0,FALSE,TRUE,0.297297297,9.338888889
Normal,5168,trace 2349,AmbiguityFF,0,FALSE,TRUE,0.096774194,2.94
Normal,5168,trace 2350,TransformGrammarsFF,0,FALSE,TRUE,0.052631579,2.572972973
Credit Seeking,5168,trace 2351,RemoveUselessFF,0,FALSE,FALSE,0.766129032,12.31056911
Credit Seeking,5168,trace 2352,RemoveLambdaFF,0,FALSE,TRUE,0.441860465,1.814285714
Credit Seeking,5168,trace 2353,RemoveUnitFF,0,FALSE,TRUE,0.404761905,4.122891566
Normal,5168,trace 2354,ChomskyNormalFormFF,0,FALSE,TRUE,0.047619048,1.96
Credit Seeking,5168,trace 2355,GreibachNormalFormFF,0,FALSE,FALSE,0.898305085,1.702564103
Normal,5168,trace 2356,PDATransitionsFF,1,TRUE,TRUE,0.107142857,1.711111111
Credit Seeking,5168,trace 2357,PDAAcceptanceFF,1,FALSE,TRUE,0.414893617,4.507526882
Normal,5168,trace 2358,PDAEmptyStackAcceptanceFF,0,FALSE,FALSE,0.264705882,1.609090909
Normal,5168,trace 2359,GreibachNormalFormFF,1,FALSE,FALSE,0,0.1
Credit Seeking,5168,trace 2360,PDAEmptyStackAcceptanceFF,1,FALSE,TRUE,0.456140351,1.682142857
Credit Seeking,5168,trace 2361,PDACFLFF,0,FALSE,TRUE,0.470588235,2.552542373
Credit Seeking,5168,trace 2362,DPDAFF,0,FALSE,TRUE,0.596153846,1.88627451
Normal,5168,trace 2363,NCFLProofFF,0,FALSE,TRUE,0,1.613333333
Normal,5168,trace 2364,NCFLversusDCFLFF,0,FALSE,TRUE,0,1.4
Normal,5168,trace 2365,GrammarsForDCFLFF,0,FALSE,TRUE,0,2.871428571
Normal,5168,trace 2366,CFLClosurePropertiesFF,0,FALSE,TRUE,0.114285714,2.829411765
Normal,5168,trace 2367,CFLPumpingLemmaFF,0,FALSE,TRUE,0.125,1.486956522
Normal,5168,trace 2368,CFLPumpingLemmaExample1FF,0,FALSE,TRUE,0.25862069,2.266666667
Normal,5168,trace 2369,CFLPumpingLemmaExample2FF,0,FALSE,FALSE,0.130434783,2.357777778
Normal,5168,trace 2370,CFLPumpingLemmaExample3FF,0,FALSE,TRUE,0.097560976,2.105
Normal,5168,trace 2371,CFLPumpingLemmaExample4FF,0,FALSE,TRUE,0.220779221,1.871052632
Normal,5168,trace 2372,CFLPumpingLemmaExample5FF,0,FALSE,FALSE,0.25,0.066666667
Normal,5168,trace 2373,GreibachNormalFormFF,1,FALSE,FALSE,0,0.1
Normal,5168,trace 2374,CFLPumpingLemmaExample5FF,1,FALSE,TRUE,0.06122449,2.608333333
Normal,5168,trace 2375,TMGeneralModel,0,FALSE,TRUE,0.277777778,2.226168224
Normal,5168,trace 2376,TMInterpreting,0,FALSE,TRUE,0.161290323,2.373333333
Normal,5168,trace 2377,TMDecidableVSAcceptable,0,FALSE,TRUE,0.25,1.946666667
Normal,5168,trace 2378,TMComplicatedMachine3,0,FALSE,TRUE,0.064516129,2.14
Credit Seeking,5168,trace 2379,PairToSortCONPI,0,FALSE,TRUE,0.564102564,2.347368421
Credit Seeking,5168,trace 2380,LowerBound,0,FALSE,TRUE,0.388888889,9.364705882
Normal,5168,trace 2381,TwoMulExample,0,FALSE,TRUE,0,2.168421053
Credit Seeking,5168,trace 2382,TravelSalesman,0,FALSE,TRUE,0.395348837,1.838095238
Normal,5168,trace 2383,KClique,0,FALSE,TRUE,0.176470588,1.8875
Normal,5168,trace 2384,SATProof,0,FALSE,TRUE,0.1875,1.613333333
Normal,5168,trace 2385,NPCCoping,0,FALSE,TRUE,0.19047619,1.66
Normal,5168,trace 2386,UnsolveableProblems1,0,FALSE,TRUE,0,2.244444444
Normal,5168,trace 2387,UnsolveableProblems2,0,FALSE,TRUE,0.1,1.8
Normal,5168,trace 2388,NFAequivFS,1,TRUE,TRUE,0,0.1
Credit Seeking,5168,trace 2389,NFAToREFF,0,FALSE,TRUE,0.365853659,1.705
Normal,5168,trace 2390,REtoFAExampleFF,0,FALSE,TRUE,0,1.35
Normal,5168,trace 2391,RightLinearRGFF,0,FALSE,TRUE,0.086956522,1.736363636
Normal,5168,trace 2392,NFAToReExampleFF,0,FALSE,TRUE,0.176470588,2.075
Normal,5168,trace 2393,LeftLinearGrammarFF,0,FALSE,TRUE,0.125,2.056410256
Credit Seeking,5168,trace 2394,RegEXtoRegGrammarFF,0,FALSE,TRUE,0.612903226,2.089130435
Credit Seeking,5168,trace 2395,RegEXtoLeftRegGrammarFF,0,FALSE,TRUE,0.8125,2.413452915
Normal,5168,trace 2396,ClosureRegularLangFF,1,FALSE,TRUE,0.130434783,1.918181818
Credit Seeking,5168,trace 2397,RegularLangClosedInterFF,0,FALSE,TRUE,0.35,1.66440678
Credit Seeking,5168,trace 2398,RightQuotientFF,0,TRUE,TRUE,0.426966292,2.661363636
Credit Seeking,5168,trace 2399,HomomorphismFF,0,FALSE,TRUE,0.413793103,1.435714286
Credit Seeking,5168,trace 2400,RemoveUselessFF,1,FALSE,TRUE,0.466666667,1.731034483
Credit Seeking,5168,trace 2401,GreibachNormalFormFF,1,FALSE,TRUE,0.288888889,1.618181818
Normal,5202,trace 2402,CFGDerivationsFF,0,FALSE,FALSE,0.166666667,1.62
Credit Seeking,5202,trace 2403,introToNonRegularFF,0,FALSE,FALSE,0.625,1.6
Credit Seeking,5202,trace 2404,RelationsFF,0,FALSE,TRUE,0.461538462,2.347368421
Normal,5202,trace 2405,UnsolveableProblems1,0,FALSE,TRUE,0,2.42
Normal,5202,trace 2406,NFA2DFAFrames,0,FALSE,FALSE,0.166666667,6.44
Credit Seeking,5202,trace 2407,NFA,0,FALSE,FALSE,0.648148148,1309.567925
Credit Seeking,5202,trace 2408,NFA2DFAFrames,1,FALSE,TRUE,0.5375,6.217721519
Credit Seeking,5202,trace 2409,NFA,1,FALSE,FALSE,0.863636364,3.676190476
Normal,5202,trace 2410,MinimizationWithQuestionsFF,0,FALSE,FALSE,0,1.05
Normal,5207,trace 2411,MajorConceptsFF,0,FALSE,TRUE,0.105263158,58.35675676
Normal,5207,trace 2412,GrammarIntroFF,0,FALSE,TRUE,0.125,11.00512821
Normal,5207,trace 2413,SetDefFF,0,FALSE,TRUE,0,4.355555556
Normal,5207,trace 2414,SetCommonSymbolsFF,0,FALSE,TRUE,0,7.819047619
Normal,5207,trace 2415,RelationsFF,0,FALSE,TRUE,0.055555556,10.36470588
Normal,5207,trace 2416,MathProofFF,0,FALSE,TRUE,0,13.31304348
Normal,5207,trace 2417,DFAFF,0,FALSE,TRUE,0.068965517,15.86428571
Normal,5207,trace 2418,FADefinitionsFF,0,FALSE,TRUE,0,11.65454545
Normal,5207,trace 2419,NFA,0,FALSE,TRUE,0.043478261,8.827272727
Normal,5207,trace 2420,NFA2DFAFrames,0,FALSE,TRUE,0.047619048,21.01
Normal,5207,trace 2421,NFAtoDFAFF,0,FALSE,TRUE,0,6.775
Normal,5207,trace 2422,DFAMinimizationFF,0,FALSE,TRUE,0.205882353,11.79393939
Normal,5207,trace 2423,MinimizationWithQuestionsFF,0,FALSE,TRUE,0,9.617391304
Normal,5207,trace 2424,MinimizationWithQuestions2FF,0,FALSE,TRUE,0,10.08461538
Normal,5207,trace 2425,RegularExpressionsFF,0,FALSE,TRUE,0.25,16.95813953
Normal,5207,trace 2426,RegEXandRegLangFF,0,FALSE,TRUE,0.090909091,7.533333333
Normal,5207,trace 2427,RegEXandRegLangORFF,0,FALSE,TRUE,0,8.018181818
Normal,5207,trace 2428,RegEXandRegLangConcatFF,0,FALSE,TRUE,0,6.62
Normal,5207,trace 2429,RegEXandRegLangStarFF,0,FALSE,TRUE,0,5.577777778
Normal,5207,trace 2430,RegEXtoNFAExampleFF,0,FALSE,TRUE,0.117647059,10.5125
Normal,5207,trace 2431,ConvertRLREFF,0,FALSE,TRUE,0,9.894117647
Normal,5207,trace 2432,RegularGrammarFF,0,FALSE,TRUE,0.222222222,8.007692308
Normal,5207,trace 2433,NFAToREFF,0,FALSE,TRUE,0,11.41333333
Normal,5207,trace 2434,REtoFAExampleFF,0,FALSE,TRUE,0,4.65
Normal,5207,trace 2435,RightLinearRGFF,0,FALSE,TRUE,0,9.553846154
Normal,5207,trace 2436,NFAToReExampleFF,0,FALSE,TRUE,0,4.92
Normal,5207,trace 2437,LeftLinearGrammarFF,0,FALSE,TRUE,0.03030303,10.4125
Normal,5207,trace 2438,RegEXtoRegGrammarFF,0,FALSE,TRUE,0,17.09565217
Normal,5207,trace 2439,RegEXtoLeftRegGrammarFF,0,FALSE,TRUE,0,13.96666667
Normal,5207,trace 2440,STA,0,FALSE,TRUE,0,3.12
Normal,5207,trace 2441,ClosureConceptFF,0,FALSE,TRUE,0,4.244444444
Normal,5207,trace 2442,ClosureRegularLangFF,0,FALSE,TRUE,0,16.18823529
Normal,5207,trace 2443,RegularLangClosedInterFF,0,FALSE,TRUE,0.03125,9.55483871
Normal,5207,trace 2444,RightQuotientFF,0,FALSE,TRUE,0.028571429,11.15294118
Normal,5207,trace 2445,HomomorphismFF,0,FALSE,TRUE,0,8.133333333
Normal,5207,trace 2446,introToNonRegularFF,0,FALSE,TRUE,0,6.1375
Normal,5207,trace 2447,introToPumpingFF,0,FALSE,TRUE,0,4.52
Normal,5207,trace 2448,PLExample1FF,0,FALSE,TRUE,0.020833333,7.45106383
Normal,5207,trace 2449,PLExample2FF,0,FALSE,TRUE,0.034482759,5.221428571
Normal,5207,trace 2450,PLExample3FF,0,FALSE,TRUE,0,4.448
Normal,5207,trace 2451,PLExample4FF,0,FALSE,TRUE,0,3.568
Normal,5207,trace 2452,PLExample5FF,0,FALSE,TRUE,0,5.31
Normal,5207,trace 2453,PLExample6FF,0,FALSE,TRUE,0,8.697222222
Normal,5207,trace 2454,ClosurePropertiesFF,0,FALSE,TRUE,0,0.05
Normal,5207,trace 2455,ClosurePropertiesExample1FF,0,FALSE,TRUE,0.083333333,5.109090909
Normal,5207,trace 2456,ClosurePropertiesExample2FF,0,FALSE,TRUE,0,12.74285714
Normal,5207,trace 2457,ClosurePropertiesExample3FF,0,FALSE,TRUE,0,5.775
Normal,5207,trace 2458,PDA,0,FALSE,TRUE,0,22.01538462
Normal,5207,trace 2459,PDATransitionsFF,0,FALSE,TRUE,0.041666667,40.44347826
Normal,5207,trace 2460,PDAAcceptanceFF,0,FALSE,TRUE,0.018518519,7.473584906
Normal,5207,trace 2461,PDAEmptyStackAcceptanceFF,0,FALSE,TRUE,0,16.47777778
Credit Seeking,5207,trace 2462,PDACFLFF,0,TRUE,TRUE,0.325581395,58.62588235
Normal,5207,trace 2463,PDAAcceptanceEquivalenceFF,0,FALSE,TRUE,0.192307692,13.048
Normal,5207,trace 2464,TransformGrammarsFF,0,FALSE,FALSE,0,8.425
Normal,5207,trace 2465,RemoveLambdaFF,0,FALSE,FALSE,0.058823529,6.38125
Credit Seeking,5207,trace 2466,RemoveUselessFF,0,FALSE,TRUE,0.632352941,6.226865672
Normal,5207,trace 2467,GreibachNormalFormFF,0,FALSE,FALSE,0.2,6.455555556
Normal,5207,trace 2468,ChomskyNormalFormFF,0,FALSE,TRUE,0,6.95
Normal,5207,trace 2469,RemoveUnitFF,0,FALSE,TRUE,0.073170732,8.455
Normal,5207,trace 2470,GreibachNormalFormFF,1,FALSE,TRUE,0.137931034,22.57857143
Normal,5207,trace 2471,TMGeneralModel,0,FALSE,FALSE,0,0.55
Normal,5207,trace 2472,TMInterpreting,0,FALSE,FALSE,0,7.11
Normal,5207,trace 2473,TMGeneralModel,1,FALSE,FALSE,0.25,2.281818182
Normal,5207,trace 2474,introToNonRegularFF,1,TRUE,TRUE,0,14.28
Normal,5207,trace 2475,introToPumpingFF,1,TRUE,TRUE,0,6.9
Normal,5207,trace 2476,PLExample1FF,1,FALSE,FALSE,0.04,12.50416667
Credit Seeking,5207,trace 2477,ClosurePropertiesFF,1,TRUE,TRUE,0.461538462,5.35
Normal,5207,trace 2478,ClosurePropertiesExample1FF,1,TRUE,TRUE,0,14.6
Credit Seeking,5207,trace 2479,ContextFreeLanguagesFF,0,FALSE,TRUE,0.297297297,9.088888889
Normal,5207,trace 2480,CFGDerivationsFF,0,FALSE,TRUE,0.053571429,22.09454545
Normal,5207,trace 2481,DerivationTreesFF,0,FALSE,TRUE,0,9.8
Normal,5207,trace 2482,MembershipProblemFF,0,FALSE,TRUE,0.086956522,23.87272727
Normal,5207,trace 2483,AmbiguityFF,0,FALSE,TRUE,0.172413793,27.79285714
Normal,5207,trace 2484,TransformGrammarsFF,1,FALSE,TRUE,0,55.45
Normal,5207,trace 2485,RemoveUselessFF,1,FALSE,FALSE,0,9.91
Normal,5207,trace 2486,RemoveLambdaFF,1,FALSE,TRUE,0,8.938461538
Normal,5207,trace 2487,RemoveUnitFF,1,FALSE,FALSE,0.125,10.60666667
Normal,5207,trace 2489,PDATransitionsFF,1,TRUE,TRUE,0,8.745454545
Normal,5207,trace 2490,PDAAcceptanceFF,1,FALSE,FALSE,0.1,38.34444444
Normal,5207,trace 2491,PDAEmptyStackAcceptanceFF,1,TRUE,TRUE,0,16.86666667
Normal,5207,trace 2492,PDACFLFF,1,TRUE,FALSE,0,5.525
Normal,5207,trace 2493,CFLPumpingLemmaFF,0,FALSE,TRUE,0,12.06666667
Normal,5207,trace 2494,CFLPumpingLemmaExample1FF,0,FALSE,TRUE,0,6.74
Normal,5207,trace 2495,CFLPumpingLemmaExample3FF,0,FALSE,TRUE,0,8.584615385
Normal,5207,trace 2496,CFLClosurePropertiesFF,0,FALSE,FALSE,0,2.366666667
Normal,5207,trace 2497,PDATransitionsFF,1,TRUE,FALSE,0,1.55
Normal,5207,trace 2498,TMInterpreting,1,FALSE,FALSE,0.125,2.585714286
Normal,5207,trace 2499,TMGeneralModel,1,FALSE,TRUE,0.206349206,5.277419355
Normal,5207,trace 2500,TMDecidableVSAcceptable,0,FALSE,TRUE,0,17.91111111
Normal,5207,trace 2501,TMComplicatedMachine3,0,FALSE,FALSE,0.111111111,1.8875
Credit Seeking,5207,trace 2502,PDA,1,FALSE,FALSE,0.4,1.05
Normal,5207,trace 2503,UnsolveableProblems1,0,FALSE,FALSE,0,9.55
Normal,5207,trace 2504,PairToSortCONPI,0,FALSE,TRUE,0,38.2
Normal,5207,trace 2505,LowerBound,0,FALSE,TRUE,0,107.5333333
Normal,5207,trace 2506,TwoMulExample,0,FALSE,TRUE,0,26.0125
Normal,5207,trace 2507,TravelSalesman,0,FALSE,TRUE,0,49.6375
Normal,5207,trace 2508,KClique,0,FALSE,TRUE,0,24.72
Normal,5207,trace 2509,SATProof,0,FALSE,TRUE,0,28.275
Normal,5207,trace 2510,NPCCoping,0,FALSE,TRUE,0,161.8363636
Normal,5207,trace 2511,UnsolveableProblems1,1,FALSE,TRUE,0,65.7
Normal,5207,trace 2512,UnsolveableProblems2,0,FALSE,TRUE,0,38.86666667
Normal,5207,trace 2513,TMInterpreting,1,FALSE,FALSE,0,2.22
Normal,5230,trace 2514,DFAintroFS,0,FALSE,FALSE,0,2.05
Credit Seeking,5230,trace 2515,DFAadvancedFS,0,FALSE,FALSE,0.866666667,25.76206897
Credit Seeking,5230,trace 2516,DFAintroFS,1,FALSE,FALSE,0.5,32.93846154
Credit Seeking,5230,trace 2517,LanguagesFS,0,FALSE,FALSE,0.469387755,9.48125
Normal,5230,trace 2518,GrammarIntroFS,0,FALSE,FALSE,0.142857143,16.01666667
Credit Seeking,5230,trace 2519,LanguagesFS,1,FALSE,FALSE,0.4,0.55
Credit Seeking,5230,trace 2520,ContextFreeLanguagesFF,0,FALSE,FALSE,0.888888889,7.6
Credit Seeking,5230,trace 2521,CFGDerivationsFF,0,FALSE,FALSE,0.509259259,6.356074766
Normal,5283,trace 2522,MajorConceptsFF,0,FALSE,FALSE,0,2.775
Credit Seeking,5283,trace 2525,RegularExpressionsFF,0,TRUE,TRUE,0.381818182,23.33703704
Normal,5283,trace 2526,InductionProofExample1FF,0,FALSE,FALSE,0,16.01666667
Normal,5283,trace 2527,RegEXandRegLangFF,0,FALSE,TRUE,0.047619048,27.91
Normal,5283,trace 2528,RegEXandRegLangORFF,0,FALSE,TRUE,0,45.29090909
Normal,5283,trace 2529,RegEXandRegLangConcatFF,0,FALSE,TRUE,0.076923077,10.18333333
Normal,5283,trace 2530,RegEXandRegLangStarFF,0,FALSE,TRUE,0,4.577777778
Normal,5283,trace 2531,RegEXtoNFAExampleFF,0,FALSE,TRUE,0,2418.183333
Normal,5283,trace 2532,ConvertRLREFF,0,FALSE,TRUE,0,97.07058824
Credit Seeking,5283,trace 2533,RegularGrammarFF,0,TRUE,TRUE,0.597701149,986.1767442
Normal,5283,trace 2534,NFAToREFF,0,FALSE,TRUE,0.1,19.69473684
Normal,5283,trace 2535,REtoFAExampleFF,0,FALSE,TRUE,0.214285714,3.169230769
Normal,5283,trace 2536,RightLinearRGFF,0,FALSE,TRUE,0,131.3714286
Normal,5283,trace 2537,NFAToReExampleFF,0,FALSE,TRUE,0,9.745454545
Normal,5283,trace 2538,LeftLinearGrammarFF,0,FALSE,TRUE,0.029411765,385.1878788
Normal,5283,trace 2539,STA,0,FALSE,TRUE,0,69.65454545
Credit Seeking,5283,trace 2540,RegEXtoRegGrammarFF,0,FALSE,FALSE,0.672413793,65.63333333
Credit Seeking,5283,trace 2541,RegEXtoLeftRegGrammarFF,0,FALSE,FALSE,0.291666667,229.0913043
Normal,5283,trace 2542,ClosureConceptFF,0,FALSE,TRUE,0.1,343.2736842
Normal,5283,trace 2543,ClosureRegularLangFF,0,FALSE,FALSE,0.25,1.7
Credit Seeking,5283,trace 2544,RegEXtoRegGrammarFF,1,FALSE,TRUE,0.692307692,7.557894737
Normal,5283,trace 2545,RegEXtoLeftRegGrammarFF,1,FALSE,FALSE,0.28,24.9625
Normal,5283,trace 2546,RegEXtoRegGrammarFF,1,FALSE,FALSE,0,13.025
Credit Seeking,5283,trace 2547,RegEXtoLeftRegGrammarFF,1,FALSE,TRUE,0.333333333,65.38181818
Normal,5283,trace 2548,ClosureRegularLangFF,1,FALSE,TRUE,0.142857143,710.76
Normal,5283,trace 2550,introToNonRegularFF,0,FALSE,TRUE,0.052631579,165.7333333
Normal,5283,trace 2551,introToPumpingFF,0,FALSE,TRUE,0,138.0222222
Normal,5283,trace 2552,PLExample1FF,0,FALSE,TRUE,0.080645161,143.3639344
Normal,5283,trace 2553,PLExample2FF,0,FALSE,TRUE,0.054054054,71.14444444
Normal,5283,trace 2554,PLExample3FF,0,FALSE,TRUE,0.033333333,16.86896552
Normal,5283,trace 2555,PLExample4FF,0,FALSE,FALSE,0,3.85
Normal,5283,trace 2558,PLExample4FF,1,FALSE,TRUE,0.041666667,4.095652174
Normal,5283,trace 2559,PLExample5FF,0,FALSE,TRUE,0,17.74782609
Normal,5283,trace 2560,PLExample6FF,0,FALSE,TRUE,0,4.651612903
Normal,5283,trace 2561,ClosurePropertiesFF,0,FALSE,TRUE,0,47.05
Normal,5283,trace 2562,ClosurePropertiesExample1FF,0,FALSE,TRUE,0,155.0181818
Normal,5283,trace 2563,ClosurePropertiesExample2FF,0,FALSE,TRUE,0,5.314285714
Normal,5283,trace 2564,ClosurePropertiesExample3FF,0,FALSE,TRUE,0,5.133333333
Normal,5283,trace 2565,RegularLangClosedInterFF,0,FALSE,TRUE,0.19047619,36.5902439
Normal,5283,trace 2566,RightQuotientFF,0,TRUE,TRUE,0.088888889,33.95909091
Normal,5283,trace 2567,HomomorphismFF,0,FALSE,TRUE,0,28.82
Normal,5283,trace 2568,ContextFreeLanguagesFF,0,FALSE,TRUE,0.270833333,9132.938298
Normal,5283,trace 2569,CFGDerivationsFF,0,FALSE,TRUE,0.125,280.447619
Normal,5283,trace 2570,DerivationTreesFF,0,FALSE,FALSE,0.055555556,3875.829412
Credit Seeking,5283,trace 2571,MembershipProblemFF,0,FALSE,TRUE,0.294117647,132.1272727
Normal,5283,trace 2572,AmbiguityFF,0,FALSE,FALSE,0,19.55
Normal,5283,trace 2573,MembershipProblemFF,1,TRUE,TRUE,0,0.1
Normal,5283,trace 2574,AmbiguityFF,1,TRUE,TRUE,0.054054054,249.725
Normal,5283,trace 2575,PLExample1FF,1,FALSE,FALSE,0,51.55
Credit Seeking,5283,trace 2576,PDA,0,FALSE,TRUE,0.318181818,74.48571429
Normal,5283,trace 2577,PDATransitionsFF,0,TRUE,TRUE,0,538.5916667
Normal,5283,trace 2578,PDAAcceptanceFF,0,FALSE,TRUE,0,28.38974359
Normal,5283,trace 2579,PDAEmptyStackAcceptanceFF,0,FALSE,TRUE,0,33.86666667
Normal,5283,trace 2580,PDAAcceptanceEquivalenceFF,0,FALSE,TRUE,0.222222222,357.5171429
Normal,5283,trace 2581,RelationsFF,0,FALSE,FALSE,0,0.1
Credit Seeking,5283,trace 2582,PDACFLFF,0,FALSE,TRUE,0.303030303,31.91076923
Normal,5283,trace 2583,DPDAFF,0,FALSE,FALSE,0.2,6.275
Normal,5283,trace 2584,NCFLversusDCFLFF,0,FALSE,TRUE,0.076923077,2.516666667
Normal,5283,trace 2585,DPDAFF,1,FALSE,TRUE,0,38.48
Normal,5283,trace 2586,NCFLProofFF,0,FALSE,TRUE,0,11.8
Normal,5283,trace 2587,GrammarsForDCFLFF,0,FALSE,TRUE,0,13.42
Normal,5283,trace 2588,TMGeneralModel,0,FALSE,TRUE,0.154929577,1577.888571
Normal,5283,trace 2589,TMInterpreting,0,FALSE,TRUE,0.161290323,476.4733333
Normal,5283,trace 2590,TMDecidableVSAcceptable,0,FALSE,TRUE,0,34.74545455
Normal,5283,trace 2591,TransformGrammarsFF,0,FALSE,TRUE,0.027777778,5.634285714
Normal,5283,trace 2592,RemoveUselessFF,0,FALSE,FALSE,0.071428571,14.77692308
Normal,5283,trace 2593,RemoveLambdaFF,0,FALSE,TRUE,0.095238095,111.76
Normal,5283,trace 2594,RemoveUnitFF,0,FALSE,FALSE,0,1.7
Credit Seeking,5283,trace 2595,RemoveUselessFF,1,FALSE,FALSE,0.421052632,393.0111111
Normal,5283,trace 2596,PairToSortCONPI,0,FALSE,TRUE,0,197.5166667
Normal,5283,trace 2597,LowerBound,0,FALSE,TRUE,0.166666667,410.0181818
Normal,5283,trace 2598,TwoMulExample,0,FALSE,TRUE,0.052631579,424.2333333
Normal,5283,trace 2599,TravelSalesman,0,FALSE,FALSE,0.25,137.5222222
Credit Seeking,5696,trace 2600,MajorConceptsFF,0,FALSE,TRUE,0.28125,20.66984127
Credit Seeking,5696,trace 2601,SetDefFF,0,FALSE,TRUE,0.416666667,9.018181818
Normal,5696,trace 2602,SetCommonSymbolsFF,0,FALSE,FALSE,0,13.525
Normal,5696,trace 2603,CFLClosurePropertiesFF,0,FALSE,FALSE,0,32.42
Normal,5764,trace 2604,PDA,0,FALSE,FALSE,0,10.72857143
Credit Seeking,5764,trace 2605,RegularGrammarFF,0,FALSE,FALSE,0.525,21.28461538
Normal,5764,trace 2606,MajorConceptsFF,0,FALSE,TRUE,0.051282051,7112.715789
Normal,5764,trace 2607,GrammarIntroFF,0,FALSE,TRUE,0.081081081,11.22777778
Normal,5764,trace 2608,SetDefFF,0,FALSE,TRUE,0,6.033333333
Normal,5764,trace 2609,SetCommonSymbolsFF,0,FALSE,TRUE,0.08,24.84166667
Normal,5764,trace 2610,RelationsFF,0,FALSE,TRUE,0.090909091,142.7238095
Normal,5764,trace 2611,CFLClosurePropertiesFF,0,FALSE,FALSE,0,22.15714286
Normal,5770,trace 2612,MajorConceptsFF,0,FALSE,FALSE,0,4.683333333
Normal,5770,trace 2613,ContextFreeLanguagesFF,0,FALSE,FALSE,0.25,0.4
Normal,5770,trace 2614,CFGDerivationsFF,0,FALSE,FALSE,0,22.50833333
Normal,5770,trace 2615,DerivationTreesFF,0,FALSE,TRUE,0,9.657142857
Normal,5770,trace 2616,CFGDerivationsFF,1,FALSE,FALSE,0,6.05
Normal,5770,trace 2617,MajorConceptsFF,1,FALSE,TRUE,0.119047619,76.66341463
Normal,5770,trace 2618,SetDefFF,0,FALSE,TRUE,0,12.7
Normal,5770,trace 2619,SetCommonSymbolsFF,0,FALSE,TRUE,0,12.57391304
Credit Seeking,5770,trace 2620,ContextFreeLanguagesFF,1,FALSE,FALSE,0.285714286,2.533333333
Normal,5770,trace 2621,TMGeneralModel,0,FALSE,TRUE,0.088235294,33.19701493
Normal,5770,trace 2622,TMInterpreting,0,FALSE,FALSE,0.066666667,44.07857143
Normal,5770,trace 2623,TMDecidableVSAcceptable,0,FALSE,TRUE,0,13.52
Normal,5770,trace 2624,TMInterpreting,1,FALSE,TRUE,0.230769231,2.266666667
Normal,5866,trace 2625,LanguagesFS,0,FALSE,TRUE,0.090909091,221.2372093
Normal,5866,trace 2626,GrammarIntroFS,0,FALSE,TRUE,0.153846154,39.53157895
Credit Seeking,5866,trace 2627,LanguagesFS,1,FALSE,FALSE,0.5,8595.122222
Credit Seeking,5866,trace 2628,RelationsFS,0,FALSE,FALSE,0.625,2.585714286
Normal,5866,trace 2629,DFAadvancedFS,0,FALSE,FALSE,0.25,1.033333333
Credit Seeking,5866,trace 2630,SetDefFS,0,FALSE,TRUE,0.375,33.21333333
Credit Seeking,5866,trace 2631,SetNotationFS,0,FALSE,TRUE,0.59375,4.622222222
Normal,5866,trace 2632,DFAintroFS,0,FALSE,TRUE,0.090909091,11.15238095
Normal,5866,trace 2633,DFAadvancedFS,1,FALSE,TRUE,0,9.371428571
Normal,6497,trace 2635,RegularGrammarFF,0,FALSE,TRUE,0.083333333,10.79130435
Normal,6497,trace 2636,NFAToREFF,0,FALSE,TRUE,0,19.15714286
Normal,6497,trace 2637,REtoFAExampleFF,0,FALSE,TRUE,0,5.15
Normal,6497,trace 2638,RightLinearRGFF,0,FALSE,TRUE,0,12.08571429
Normal,6497,trace 2639,NFAToReExampleFF,0,FALSE,TRUE,0,7.92
Normal,6497,trace 2640,LeftLinearGrammarFF,0,FALSE,TRUE,0,17.22962963
Credit Seeking,6497,trace 2641,RegEXtoRegGrammarFF,0,FALSE,TRUE,0.361111111,18.72
Normal,6497,trace 2642,RegEXtoLeftRegGrammarFF,0,FALSE,TRUE,0,16.38333333
Normal,6497,trace 2643,STA,0,FALSE,TRUE,0,3.927272727
Normal,6497,trace 2644,ClosureConceptFF,0,FALSE,TRUE,0,7.927272727
Normal,6497,trace 2645,ClosureRegularLangFF,0,FALSE,TRUE,0,10.07058824
Normal,6497,trace 2646,RegularLangClosedInterFF,0,FALSE,TRUE,0,12.48888889
Normal,6497,trace 2647,RightQuotientFF,0,FALSE,TRUE,0.028571429,13.32941176
Normal,6497,trace 2648,HomomorphismFF,0,FALSE,TRUE,0,9.8
Normal,6497,trace 2649,introToNonRegularFF,0,FALSE,TRUE,0,8.553846154
Normal,6497,trace 2650,introToPumpingFF,0,FALSE,TRUE,0,7.15
Normal,6497,trace 2651,PLExample1FF,0,FALSE,TRUE,0.023809524,12.4195122
Normal,6497,trace 2652,PLExample2FF,0,FALSE,TRUE,0,8.55
Normal,6497,trace 2653,PLExample3FF,0,FALSE,TRUE,0,9.276923077
Normal,6497,trace 2654,PLExample4FF,0,FALSE,TRUE,0,8.341666667
Normal,6497,trace 2655,PLExample5FF,0,FALSE,TRUE,0,7.76
Normal,6497,trace 2656,PLExample6FF,0,FALSE,TRUE,0.032258065,9.34
Normal,6497,trace 2657,ClosurePropertiesFF,0,FALSE,TRUE,0,10.55
Normal,6497,trace 2658,ClosurePropertiesExample1FF,0,FALSE,TRUE,0,7.62
Normal,6497,trace 2659,ClosurePropertiesExample2FF,0,FALSE,TRUE,0,8.171428571
Normal,6497,trace 2660,ClosurePropertiesExample3FF,0,FALSE,TRUE,0,7.6
Normal,6497,trace 2661,PLExample1FF,1,FALSE,FALSE,0,16.51666667
Normal,6497,trace 2662,PLExample4FF,1,FALSE,FALSE,0,32.56956522
Normal,6497,trace 2663,PLExample5FF,1,FALSE,FALSE,0,40.32272727
Normal,6497,trace 2664,ClosurePropertiesExample3FF,1,FALSE,FALSE,0,15.62
Normal,6497,trace 2666,ClosurePropertiesFF,1,TRUE,TRUE,0,5.05
Normal,6497,trace 2667,ClosurePropertiesExample1FF,1,FALSE,FALSE,0,0.1
Normal,6497,trace 2668,ContextFreeLanguagesFF,0,FALSE,TRUE,0.035714286,11.93333333
Normal,6497,trace 2669,CFGDerivationsFF,0,FALSE,TRUE,0,7.248979592
Normal,6497,trace 2670,DerivationTreesFF,0,FALSE,FALSE,0,8.31
Normal,6497,trace 2671,MembershipProblemFF,0,FALSE,TRUE,0.090909091,17.77142857
Normal,6497,trace 2672,AmbiguityFF,0,FALSE,TRUE,0.2,9.972413793
Normal,6497,trace 2673,LeftLinearGrammarFF,1,TRUE,TRUE,0,42.96923077
Normal,6497,trace 2674,TransformGrammarsFF,0,FALSE,TRUE,0,35.90344828
Normal,6497,trace 2675,RemoveUselessFF,0,FALSE,TRUE,0,21.13333333
Normal,6497,trace 2676,RemoveLambdaFF,0,FALSE,TRUE,0.111111111,11.36470588
Normal,6497,trace 2677,RemoveUnitFF,0,FALSE,TRUE,0.19047619,15.88292683
Normal,6497,trace 2678,ChomskyNormalFormFF,0,FALSE,TRUE,0,52.86153846
Normal,6497,trace 2679,GreibachNormalFormFF,0,FALSE,TRUE,0.032258065,13.57333333
Normal,6497,trace 2680,PDA,0,FALSE,TRUE,0,22.47692308
Normal,6497,trace 2681,PDATransitionsFF,0,FALSE,TRUE,0,15.07058824
Normal,6497,trace 2682,PDAAcceptanceFF,0,FALSE,TRUE,0,11.64444444
Normal,6497,trace 2683,PDAEmptyStackAcceptanceFF,0,FALSE,TRUE,0,10.03529412
Normal,6497,trace 2684,PDAAcceptanceEquivalenceFF,0,TRUE,TRUE,0.196078431,2073.304
Normal,6497,trace 2685,PDACFLFF,0,FALSE,TRUE,0.16,1300.759184
Normal,6497,trace 2686,DPDAFF,0,FALSE,TRUE,0,18.825
Normal,6497,trace 2687,NCFLProofFF,0,FALSE,TRUE,0,48.02
Normal,6497,trace 2688,NCFLversusDCFLFF,0,FALSE,TRUE,0,3.885714286
Normal,6497,trace 2689,GrammarsForDCFLFF,0,FALSE,TRUE,0.076923077,13.93333333
Normal,6497,trace 2690,CFLClosurePropertiesFF,0,FALSE,TRUE,0.178571429,37.19259259
Normal,6497,trace 2691,CFLPumpingLemmaFF,0,FALSE,TRUE,0,22.61333333
Normal,6497,trace 2692,CFLPumpingLemmaExample1FF,0,FALSE,TRUE,0,43.61935484
Normal,6497,trace 2693,CFLPumpingLemmaExample2FF,0,FALSE,TRUE,0,71.97419355
Normal,6497,trace 2694,CFLPumpingLemmaExample3FF,0,FALSE,TRUE,0,16.888
Normal,6497,trace 2695,CFLPumpingLemmaExample4FF,0,FALSE,TRUE,0.024390244,30.105
Normal,6497,trace 2696,CFLPumpingLemmaExample5FF,0,FALSE,TRUE,0.159090909,27.4
Normal,6497,trace 2697,GrammarsForDCFLFF,1,TRUE,TRUE,0,919.0222222
Normal,6497,trace 2698,TMGeneralModel,0,FALSE,TRUE,0.037037037,11.2490566
Normal,6497,trace 2699,TMInterpreting,0,FALSE,FALSE,0,14.46363636
Credit Seeking,6497,trace 2700,TMComplicatedMachine1,0,FALSE,TRUE,0.307692308,15.68333333
Normal,6497,trace 2701,CFLPumpingLemmaExample4FF,1,FALSE,FALSE,0,8.42
Normal,6497,trace 2702,PairToSortCONPI,0,FALSE,TRUE,0,81.01818182
Normal,6497,trace 2703,LowerBound,0,FALSE,TRUE,0,63.53333333
Normal,6497,trace 2704,TwoMulExample,0,FALSE,TRUE,0,44.32307692
Normal,6497,trace 2705,TravelSalesman,0,FALSE,TRUE,0,42.41333333
Normal,6497,trace 2706,KClique,0,FALSE,TRUE,0,30.82
Normal,6497,trace 2707,SATProof,0,FALSE,TRUE,0,36.775
Normal,6497,trace 2708,NPCCoping,0,FALSE,TRUE,0,42.1
Normal,6497,trace 2709,UnsolveableProblems1,0,FALSE,TRUE,0,52.91111111
Normal,6497,trace 2710,UnsolveableProblems2,0,FALSE,TRUE,0,29.74285714
Normal,6523,trace 2711,LanguagesFS,0,FALSE,TRUE,0.14893617,16.54782609
Credit Seeking,6523,trace 2712,RelationsFS,0,FALSE,TRUE,0.407407407,9.430769231
Credit Seeking,6523,trace 2713,EquivFS,0,FALSE,TRUE,0.3,15.24444444
Credit Seeking,6523,trace 2714,GrammarIntroFS,0,FALSE,TRUE,0.396226415,15.61923077
Normal,6523,trace 2715,LanguagesFS,1,FALSE,FALSE,0,950.3666667
Credit Seeking,6523,trace 2716,NFAFS,0,FALSE,FALSE,0.714285714,33.36376812
Normal,6523,trace 2717,DFAMinFS,0,FALSE,TRUE,0.259259259,7.238461538
Normal,6523,trace 2718,DFAMinEx1FS,0,FALSE,TRUE,0,9.637037037
Normal,6523,trace 2719,DFAMinEx2FS,0,FALSE,TRUE,0,10.488
Normal,6523,trace 2720,DFAMinEx1FS,1,TRUE,TRUE,0,0.1
Normal,6523,trace 2721,RegEXtoNFAExampleFF,0,FALSE,TRUE,0,26.16923077
Normal,6523,trace 2722,ConvertRLREFF,0,FALSE,TRUE,0.2,13.25833333
Normal,6523,trace 2723,DFAadvancedFS,0,FALSE,TRUE,0,25.68333333
Normal,6523,trace 2724,RegExFS,0,FALSE,FALSE,0,3.55
Normal,6523,trace 2725,RegEx2NFA1FS,0,FALSE,TRUE,0,4.12
Normal,6523,trace 2726,RegEx2NFAorFS,0,FALSE,FALSE,0,2.775
Normal,6523,trace 2727,RegEx2NFAstarFS,0,FALSE,TRUE,0,5.8
Normal,6523,trace 2728,RegularGrammarFF,0,FALSE,FALSE,0.142857143,4.2
Normal,6523,trace 2730,ClosureConceptFF,0,FALSE,FALSE,0.2,2.025
Credit Seeking,6523,trace 2731,ClosureRegularLangFF,0,FALSE,FALSE,0.363636364,12.1952381
Normal,6523,trace 2732,RegularLangClosedInterFF,0,FALSE,FALSE,0.279069767,4.073809524
Credit Seeking,6523,trace 2733,RegEx2NFAorFS,1,FALSE,TRUE,0.611111111,2.364705882
Credit Seeking,6523,trace 2734,RegExFS,1,FALSE,FALSE,0.5,1019.338462
Normal,6523,trace 2735,RegEx2NFAcatFS,0,FALSE,TRUE,0,4.871428571
Normal,6523,trace 2736,RegEx2NFA1FS,1,FALSE,FALSE,0,103.05
Normal,6523,trace 2737,RegExFS,1,FALSE,TRUE,0,45.32
Normal,6523,trace 2738,ClosurePropertiesFF,0,FALSE,TRUE,0,23.55
Normal,6523,trace 2739,ClosureRegularLangFF,1,FALSE,TRUE,0,47.7
Normal,6523,trace 2740,ClosurePropertiesExample1FF,0,FALSE,TRUE,0,4.42
Normal,6523,trace 2742,PLExample1FF,0,FALSE,TRUE,0,6.76097561
Normal,6523,trace 2743,PLExample2FF,0,FALSE,TRUE,0,4.525925926
Normal,6523,trace 2744,ClosurePropertiesExample2FF,0,FALSE,TRUE,0,11.31428571
Normal,6523,trace 2745,ClosurePropertiesExample3FF,0,FALSE,TRUE,0.1,6.466666667
Credit Seeking,6523,trace 2746,ClosureConceptFF,1,FALSE,FALSE,0.4,1.05
Normal,6523,trace 2747,RegularGrammarFF,1,FALSE,TRUE,0.148148148,6523.276923
Normal,6523,trace 2748,NFAToREFF,0,FALSE,TRUE,0,8.157142857
Normal,6523,trace 2749,REtoFAExampleFF,0,FALSE,TRUE,0,3.8
Normal,6523,trace 2750,RightLinearRGFF,0,FALSE,TRUE,0,7.88
Normal,6523,trace 2751,NFAToReExampleFF,0,FALSE,TRUE,0,5.72
Normal,6523,trace 2752,LeftLinearGrammarFF,0,FALSE,TRUE,0.111111111,119.2914286
Normal,6523,trace 2753,RegEXtoRegGrammarFF,0,FALSE,TRUE,0.133333333,14.97241379
Normal,6523,trace 2754,RegEXtoLeftRegGrammarFF,0,FALSE,TRUE,0.038461538,11.048
Normal,6523,trace 2755,STA,0,FALSE,TRUE,0,4.244444444
Normal,6523,trace 2756,AmbiguityFF,0,FALSE,TRUE,0.166666667,14.44347826
Normal,6523,trace 2757,ContextFreeLanguagesFF,0,FALSE,TRUE,0,6.716666667
Normal,6523,trace 2758,SetNotationFS,0,FALSE,FALSE,0.142857143,5.623076923
Normal,6523,trace 2759,LanguagesFS,1,FALSE,FALSE,0.142857143,5.683333333
Normal,6523,trace 2760,ClosureConceptFF,1,FALSE,TRUE,0.181818182,2.62
Credit Seeking,6523,trace 2762,SetDefFS,0,FALSE,TRUE,0.333333333,5.018181818
Normal,6523,trace 2763,SetNotationFS,1,FALSE,TRUE,0,5.8
Normal,6523,trace 2764,ContextFreeLanguagesFF,1,FALSE,FALSE,0,4.366666667
Normal,6523,trace 2765,CFGDerivationsFF,0,FALSE,TRUE,0.054545455,8.374074074
Normal,6523,trace 2766,DerivationTreesFF,0,FALSE,FALSE,0,5.21
Credit Seeking,6523,trace 2767,MembershipProblemFF,0,FALSE,FALSE,0.333333333,22.29090909
Normal,6523,trace 2768,DFAintroFS,0,FALSE,TRUE,0,13.36470588
Normal,6523,trace 2769,NFAFS,1,FALSE,TRUE,0.2,11.05
Normal,6523,trace 2770,NFAequivFS,0,FALSE,TRUE,0,0.1
Normal,6523,trace 2771,NFA2DFAlargeExFS,0,FALSE,TRUE,0,10.62857143
Normal,6523,trace 2772,RegularLangClosedInterFF,1,FALSE,TRUE,0.0625,10.88
Normal,6523,trace 2773,RightQuotientFF,0,FALSE,FALSE,0.071428571,18.23846154
Normal,6523,trace 2774,introToNonRegularFF,0,FALSE,TRUE,0,6.728571429
Normal,6523,trace 2775,introToPumpingFF,0,FALSE,TRUE,0,4.82
Normal,6523,trace 2776,RightQuotientFF,1,FALSE,TRUE,0,11.22105263
Normal,6523,trace 2777,HomomorphismFF,0,FALSE,TRUE,0,11.8
Normal,6523,trace 2779,MembershipProblemFF,1,FALSE,TRUE,0.066666667,25.37142857
Normal,6523,trace 2780,PLExample3FF,0,FALSE,TRUE,0,8.373333333
Normal,6523,trace 2781,PLExample4FF,0,FALSE,TRUE,0,7.168
Normal,6523,trace 2782,NFAequivFS,1,TRUE,TRUE,0,5.24
Normal,6523,trace 2783,PLExample5FF,0,FALSE,TRUE,0,4.872727273
Normal,6523,trace 2784,NFAequivFS,1,TRUE,TRUE,0,0.1
Normal,6523,trace 2785,PLExample6FF,0,FALSE,TRUE,0.03030303,13.975
Normal,6523,trace 2786,PDATransitionsFF,0,TRUE,TRUE,0,6.344444444
Normal,6523,trace 2787,PDAAcceptanceFF,0,FALSE,TRUE,0,6.255555556
Normal,6523,trace 2788,PDAEmptyStackAcceptanceFF,0,FALSE,TRUE,0,7.148571429
Normal,6523,trace 2789,PDAAcceptanceEquivalenceFF,0,FALSE,FALSE,0,3.82
Normal,6523,trace 2790,RemoveUselessFF,0,FALSE,TRUE,0.216216216,15.11666667
Normal,6523,trace 2791,RemoveLambdaFF,0,FALSE,TRUE,0,28.67777778
Normal,6523,trace 2792,RemoveUnitFF,0,FALSE,TRUE,0.03030303,87.7875
Normal,6523,trace 2793,PDA,0,FALSE,TRUE,0,4.784615385
Normal,6523,trace 2794,PDACFLFF,0,FALSE,FALSE,0,5.6375
Normal,6523,trace 2795,TransformGrammarsFF,0,FALSE,TRUE,0,24.06666667
Normal,6523,trace 2796,ChomskyNormalFormFF,0,FALSE,TRUE,0,8.553846154
Normal,6523,trace 2797,GreibachNormalFormFF,0,FALSE,TRUE,0.147058824,14.18787879
Normal,6523,trace 2798,PDACFLFF,1,FALSE,TRUE,0.170731707,25.38
Normal,6523,trace 2799,PDAAcceptanceEquivalenceFF,1,FALSE,TRUE,0,22.26842105
Normal,6523,trace 2800,PDAEmptyStackAcceptanceFF,1,TRUE,TRUE,0,0.1
Normal,6523,trace 2801,PDAAcceptanceEquivalenceFF,1,FALSE,FALSE,0,3.033333333
Normal,6523,trace 2802,DPDAFF,0,FALSE,TRUE,0,12.6
Normal,6523,trace 2803,NCFLProofFF,0,FALSE,TRUE,0,26.43333333
Normal,6523,trace 2804,NCFLversusDCFLFF,0,FALSE,TRUE,0,2.314285714
Normal,6523,trace 2805,GrammarsForDCFLFF,0,FALSE,TRUE,0,22.10909091
Normal,6523,trace 2806,CFLPumpingLemmaFF,0,FALSE,TRUE,0,10.075
Normal,6523,trace 2807,CFLClosurePropertiesFF,0,FALSE,TRUE,0,10.93333333
Normal,6523,trace 2808,CFLPumpingLemmaExample1FF,0,FALSE,TRUE,0.045454545,19.30465116
Normal,6523,trace 2809,CFLPumpingLemmaExample2FF,0,FALSE,TRUE,0,8.225
Normal,6523,trace 2810,GrammarsForDCFLFF,1,TRUE,TRUE,0,0.1
Normal,6523,trace 2811,CFLPumpingLemmaExample3FF,0,FALSE,TRUE,0,13.39230769
Normal,6523,trace 2812,CFLPumpingLemmaExample4FF,0,FALSE,FALSE,0,11.86818182
Normal,6523,trace 2813,CFLClosurePropertiesFF,1,TRUE,TRUE,0,3.533333333
Normal,6523,trace 2814,CFLPumpingLemmaExample4FF,1,FALSE,TRUE,0.052631579,31.56666667
Normal,6523,trace 2815,TMGeneralModel,0,FALSE,TRUE,0.066666667,17.88305085
Normal,6523,trace 2816,TMComplicatedMachine3,0,FALSE,TRUE,0,9.326315789
Normal,6523,trace 2817,CFLPumpingLemmaExample5FF,0,FALSE,TRUE,0,12.03333333
Normal,6523,trace 2818,TMInterpreting,0,FALSE,TRUE,0.041666667,14.00869565
Normal,6523,trace 2819,TMDecidableVSAcceptable,0,FALSE,TRUE,0,12.29090909
Normal,6523,trace 2820,PDACFLFF,1,FALSE,FALSE,0,17.05
Normal,6523,trace 2821,TMDecidableVSAcceptable,1,TRUE,TRUE,0,4.24
Normal,6523,trace 2822,TMGeneralModel,1,TRUE,TRUE,0,2.733333333
Normal,6523,trace 2823,PairToSortCONPI,0,FALSE,TRUE,0,27.51666667
Normal,6523,trace 2824,LowerBound,0,FALSE,TRUE,0,283.2
Normal,6523,trace 2825,TwoMulExample,0,FALSE,TRUE,0,1817.092308
Normal,6523,trace 2826,TravelSalesman,0,FALSE,TRUE,0,70.54117647
Normal,6523,trace 2827,KClique,0,FALSE,TRUE,0,21.74545455
Normal,6523,trace 2828,SATProof,0,FALSE,TRUE,0,47.57777778
Normal,6523,trace 2829,NPCCoping,0,FALSE,TRUE,0,148.9272727
Normal,6523,trace 2830,UnsolveableProblems1,0,FALSE,TRUE,0,117.525
Normal,6523,trace 2831,UnsolveableProblems2,0,FALSE,TRUE,0,131.4571429
Credit Seeking,6523,trace 2832,NFAequivFS,1,TRUE,TRUE,0.428571429,1.533333333
Credit Seeking,6536,trace 2833,SetNotationFS,0,FALSE,FALSE,0.555555556,5.305882353
Credit Seeking,6536,trace 2834,SetDefFS,0,FALSE,FALSE,0.333333333,7.918181818
Normal,6536,trace 2835,SetNotationFS,1,FALSE,TRUE,0.041666667,9.660869565
Normal,6536,trace 2836,RelationsFS,0,FALSE,FALSE,0.25,2.033333333
Credit Seeking,6536,trace 2837,LanguagesFS,0,FALSE,TRUE,0.411764706,14.50238095
Normal,6536,trace 2838,DFAintroFS,0,FALSE,FALSE,0,22.36666667
Normal,6536,trace 2839,introToNonRegularFF,0,FALSE,FALSE,0,4.008333333
Normal,6536,trace 2840,ContextFreeLanguagesFF,0,FALSE,FALSE,0.21875,8441.970968
Normal,6536,trace 2841,PDACFLFF,0,FALSE,FALSE,0.025,88.46410256
Credit Seeking,6536,trace 2842,RelationsFS,1,FALSE,TRUE,0.538461538,4.347368421
Credit Seeking,6536,trace 2843,EquivFS,0,FALSE,TRUE,0.526315789,2.788888889
Normal,6536,trace 2844,UnsolveableProblems1,0,FALSE,TRUE,0,2.766666667
Credit Seeking,6536,trace 2845,DFAintroFS,1,FALSE,FALSE,0.666666667,3.9
Normal,6536,trace 2846,DFAadvancedFS,0,FALSE,TRUE,0,6.8875
Credit Seeking,6536,trace 2847,DFAintroFS,1,FALSE,FALSE,0.769230769,3.6
Normal,6536,trace 2848,ContextFreeLanguagesFF,1,FALSE,TRUE,0.25,3.885714286
Normal,6536,trace 2849,CFGDerivationsFF,0,FALSE,TRUE,0.104477612,4.654545455
Normal,6536,trace 2850,DerivationTreesFF,0,FALSE,FALSE,0,2.073333333
Normal,6536,trace 2851,MembershipProblemFF,0,FALSE,TRUE,0.148148148,5.661538462
Credit Seeking,6536,trace 2852,AmbiguityFF,0,FALSE,FALSE,0.593220339,4.537931034
Credit Seeking,6536,trace 2853,GrammarIntroFS,0,FALSE,TRUE,0.346153846,72.90588235
Normal,6536,trace 2854,SetDefFS,1,FALSE,TRUE,0,0.733333333
Normal,6536,trace 2855,DFAintroFS,1,FALSE,TRUE,0,4.188235294
Credit Seeking,6536,trace 2856,NFAFS,0,FALSE,FALSE,0.307692308,11.128
Normal,6536,trace 2857,NFAequivFS,0,FALSE,TRUE,0.2,0.8
Credit Seeking,6536,trace 2858,NFAFS,1,FALSE,TRUE,0.787234043,8.830434783
Credit Seeking,6536,trace 2859,NFAequivFS,1,TRUE,TRUE,0.333333333,0.64
Normal,6536,trace 2860,NFA2DFAlargeExFS,0,FALSE,TRUE,0.16,7.341666667
Normal,6536,trace 2861,DFAMinFS,0,FALSE,TRUE,0,2.342857143
Normal,6536,trace 2862,DFAMinEx1FS,0,FALSE,TRUE,0.25,1.825641026
Normal,6536,trace 2863,DFAMinEx2FS,0,FALSE,TRUE,0.078947368,1.735135135
Credit Seeking,6536,trace 2864,RegExFS,0,FALSE,FALSE,0.666666667,3.008695652
Normal,6536,trace 2865,RegEx2NFA1FS,0,FALSE,TRUE,0,1.683333333
Normal,6536,trace 2866,RegEXtoNFAExampleFF,0,FALSE,TRUE,0.176470588,2.7625
Normal,6536,trace 2867,RegEx2NFAstarFS,0,FALSE,TRUE,0.083333333,1.745454545
Normal,6536,trace 2868,RegEx2NFAcatFS,0,FALSE,TRUE,0.176470588,2.2625
Normal,6536,trace 2869,RegEx2NFAorFS,0,FALSE,TRUE,0,2.02
Normal,6536,trace 2870,ConvertRLREFF,0,FALSE,TRUE,0.045454545,1.961904762
Credit Seeking,6536,trace 2871,RegExFS,1,FALSE,TRUE,0.710144928,5.091176471
Credit Seeking,6536,trace 2872,RegularGrammarFF,0,FALSE,TRUE,0.5,3.298039216
Normal,6536,trace 2873,NFAToREFF,0,FALSE,TRUE,0,18.66
Normal,6536,trace 2874,REtoFAExampleFF,0,FALSE,TRUE,0.125,2.013333333
Normal,6536,trace 2875,RightLinearRGFF,0,TRUE,TRUE,0.083333333,5.530434783
Normal,6536,trace 2876,NFAToReExampleFF,0,FALSE,TRUE,0.15,2.326315789
Normal,6536,trace 2877,LeftLinearGrammarFF,0,FALSE,TRUE,0.212765957,1.939130435
Credit Seeking,6536,trace 2878,RegEXtoRegGrammarFF,0,FALSE,TRUE,0.403508772,2.521428571
Credit Seeking,6536,trace 2879,RegEXtoLeftRegGrammarFF,0,FALSE,TRUE,0.291666667,2.727659574
Normal,6536,trace 2880,STA,0,FALSE,TRUE,0,2.466666667
Normal,6536,trace 2881,ClosureConceptFF,0,FALSE,TRUE,0.235294118,2.2625
Normal,6536,trace 2882,ClosureRegularLangFF,0,FALSE,TRUE,0.090909091,2.342857143
Credit Seeking,6536,trace 2883,RegularLangClosedInterFF,0,FALSE,TRUE,0.391891892,3.906849315
Credit Seeking,6536,trace 2884,RightQuotientFF,0,FALSE,FALSE,0.652173913,3.281818182
Normal,6536,trace 2885,HomomorphismFF,0,FALSE,TRUE,0.176470588,1.6375
Credit Seeking,6536,trace 2886,RightQuotientFF,1,TRUE,TRUE,0.396551724,5.757894737
Normal,6536,trace 2887,introToNonRegularFF,1,FALSE,TRUE,0,1.05
Normal,6536,trace 2888,introToPumpingFF,0,FALSE,TRUE,0.117647059,1.6375
Normal,6536,trace 2889,PLExample1FF,0,FALSE,TRUE,0.06,2.065306122
Normal,6536,trace 2890,PLExample2FF,0,FALSE,TRUE,0.159090909,1.655813953
Normal,6536,trace 2891,PLExample3FF,0,FALSE,TRUE,0.055555556,1.891428571
Normal,6536,trace 2892,PLExample4FF,0,FALSE,TRUE,0,3.1
Normal,6536,trace 2893,PLExample5FF,0,FALSE,TRUE,0.09375,1.812903226
Normal,6536,trace 2894,PLExample6FF,0,FALSE,TRUE,0.212765957,1.852173913
Normal,6536,trace 2895,ClosurePropertiesFF,0,FALSE,TRUE,0,1.55
Normal,6536,trace 2896,ClosurePropertiesExample1FF,0,FALSE,TRUE,0,1.563636364
Normal,6536,trace 2897,ClosurePropertiesExample2FF,0,FALSE,TRUE,0,1.466666667
Normal,6536,trace 2898,ClosurePropertiesExample3FF,0,FALSE,TRUE,0,1.4
Normal,6536,trace 2899,AmbiguityFF,1,FALSE,TRUE,0,2.033333333
Normal,6536,trace 2900,TransformGrammarsFF,0,FALSE,TRUE,0.03030303,2.06875
Credit Seeking,6536,trace 2901,RemoveUselessFF,0,FALSE,FALSE,0.597402597,14.67236842
Credit Seeking,6536,trace 2902,RemoveLambdaFF,0,FALSE,TRUE,0.421052632,2.113513514
Credit Seeking,6536,trace 2903,RemoveUnitFF,0,FALSE,TRUE,0.412698413,3.712903226
Normal,6536,trace 2904,ChomskyNormalFormFF,0,FALSE,TRUE,0,2.0125
Credit Seeking,6536,trace 2905,GreibachNormalFormFF,0,FALSE,TRUE,0.347826087,5.16
Credit Seeking,6536,trace 2906,PDA,0,FALSE,TRUE,0.481481481,2.776923077
Normal,6536,trace 2907,PDATransitionsFF,0,FALSE,TRUE,0.05,3.378947368
Credit Seeking,6536,trace 2908,PDAAcceptanceFF,0,FALSE,TRUE,0.321428571,6.809638554
Credit Seeking,6536,trace 2909,PDAEmptyStackAcceptanceFF,0,FALSE,TRUE,0.346153846,1.846753247
Normal,6536,trace 2910,PDAAcceptanceEquivalenceFF,0,FALSE,TRUE,0,1.758333333
Credit Seeking,6536,trace 2911,PDACFLFF,1,FALSE,TRUE,0.416666667,1.486956522
Normal,6536,trace 2912,DPDAFF,0,FALSE,TRUE,0.045454545,2.247619048
Normal,6536,trace 2913,NCFLProofFF,0,FALSE,TRUE,0.076923077,2.1
Normal,6536,trace 2914,NCFLversusDCFLFF,0,FALSE,TRUE,0,1.65
Normal,6536,trace 2915,GrammarsForDCFLFF,0,FALSE,TRUE,0,1.746666667
Normal,6536,trace 2916,CFLClosurePropertiesFF,0,FALSE,TRUE,0.171428571,1.741176471
Normal,6536,trace 2917,CFLPumpingLemmaFF,0,FALSE,TRUE,0,2.51
Normal,6536,trace 2918,CFLPumpingLemmaExample1FF,0,FALSE,TRUE,0.155172414,2.178947368
Normal,6536,trace 2919,CFLPumpingLemmaExample2FF,0,FALSE,FALSE,0.068181818,2.258139535
Normal,6536,trace 2920,CFLPumpingLemmaExample3FF,0,FALSE,TRUE,0.05,1.902564103
Normal,6536,trace 2921,CFLPumpingLemmaExample4FF,0,FALSE,TRUE,0.169230769,1.925
Normal,6536,trace 2922,CFLPumpingLemmaExample5FF,0,FALSE,TRUE,0.122807018,1.914285714
Normal,6536,trace 2923,TMGeneralModel,0,FALSE,TRUE,0.273584906,2.192380952
Normal,6536,trace 2924,TMInterpreting,0,FALSE,TRUE,0.228571429,1.888235294
Normal,6536,trace 2925,TMDecidableVSAcceptable,0,FALSE,TRUE,0.0625,1.746666667
Normal,6536,trace 2926,TMComplicatedMachine3,0,FALSE,TRUE,0.04,2.05
Normal,6536,trace 2927,PairToSortCONPI,0,FALSE,TRUE,0.25,2.269565217
Credit Seeking,6536,trace 2928,LowerBound,0,FALSE,TRUE,0.4,2.728571429
Normal,6536,trace 2929,TwoMulExample,0,FALSE,TRUE,0,2.45
Credit Seeking,6536,trace 2930,TravelSalesman,0,FALSE,TRUE,0.394736842,13.24864865
Normal,6536,trace 2931,KClique,0,FALSE,TRUE,0.117647059,2.1375
Normal,6536,trace 2932,SATProof,0,FALSE,TRUE,0,2.52
Credit Seeking,6536,trace 2933,NPCCoping,0,FALSE,TRUE,0.3,2.589473684
Normal,6536,trace 2934,UnsolveableProblems2,0,FALSE,TRUE,0,2.15
Credit Seeking,6536,trace 2935,NFAequivFS,1,TRUE,TRUE,0.461538462,2445.766667
Normal,6545,trace 2936,LanguagesFS,0,FALSE,TRUE,0.176470588,6997.264
Credit Seeking,6545,trace 2937,GrammarIntroFS,0,TRUE,TRUE,0.357142857,756.0385542
Credit Seeking,6545,trace 2938,SetDefFS,0,FALSE,TRUE,0.523809524,9.86
Credit Seeking,6545,trace 2939,SetNotationFS,0,FALSE,TRUE,0.573529412,316.4059701
Credit Seeking,6545,trace 2940,RelationsFS,0,FALSE,TRUE,0.357142857,6.340740741
Credit Seeking,6545,trace 2941,EquivFS,0,FALSE,TRUE,0.720930233,4.814285714
Credit Seeking,6545,trace 2942,DFAintroFS,0,FALSE,FALSE,0.575,8.387179487
Normal,6545,trace 2943,DFAadvancedFS,0,FALSE,TRUE,0.0625,65.48
Credit Seeking,6545,trace 2944,NFAFS,0,FALSE,TRUE,0.823529412,8444.527811
Normal,6545,trace 2945,NFAequivFS,0,FALSE,TRUE,0,0.1
Credit Seeking,6545,trace 2946,NFA2DFAlargeExFS,0,FALSE,FALSE,0.625,2.457142857
Normal,6545,trace 2947,NFAequivFS,1,TRUE,TRUE,0,0.1
Credit Seeking,6545,trace 2948,NFA2DFAlargeExFS,1,FALSE,TRUE,0.4,14.31282051
Normal,6545,trace 2949,NFAequivFS,1,TRUE,TRUE,0.2,1.8
Normal,6545,trace 2950,DFAMinFS,0,FALSE,TRUE,0,40391.68
Normal,6545,trace 2951,DFAMinEx1FS,0,FALSE,TRUE,0.088235294,15.52121212
Normal,6545,trace 2952,DFAMinEx2FS,0,FALSE,TRUE,0.035714286,44.07636364
Normal,6545,trace 2953,LanguagesFS,1,FALSE,FALSE,0.090909091,65.51
Normal,6545,trace 2954,GrammarIntroFS,1,TRUE,FALSE,0.25,28.63684211
Normal,6545,trace 2955,SetNotationFS,1,TRUE,TRUE,0.181818182,79.42
Normal,6545,trace 2956,DFAintroFS,1,FALSE,FALSE,0,0.1
Credit Seeking,6545,trace 2957,NFAequivFS,1,TRUE,TRUE,0.333333333,2.44
Credit Seeking,6545,trace 2958,RegExFS,0,FALSE,TRUE,0.6875,6.578378378
Normal,6545,trace 2959,RegEx2NFA1FS,0,FALSE,TRUE,0,4.32
Normal,6545,trace 2960,RegEx2NFAorFS,0,FALSE,TRUE,0,85.65
Normal,6545,trace 2961,RegEx2NFAcatFS,0,FALSE,TRUE,0.1875,5.08
Normal,6545,trace 2962,RegEx2NFAstarFS,0,FALSE,TRUE,0.142857143,4.4
Normal,6545,trace 2963,RegEXtoNFAExampleFF,0,FALSE,TRUE,0.260869565,8.327272727
Normal,6545,trace 2964,ConvertRLREFF,0,FALSE,TRUE,0,25.16842105
Credit Seeking,6545,trace 2965,RegularGrammarFF,0,FALSE,FALSE,0.690140845,16.74428571
Normal,6545,trace 2966,NFAToREFF,0,FALSE,TRUE,0.111111111,8.658823529
Normal,6545,trace 2967,REtoFAExampleFF,0,FALSE,TRUE,0,4.911111111
Normal,6545,trace 2968,RightLinearRGFF,0,FALSE,TRUE,0,5.3
Normal,6545,trace 2969,NFAToReExampleFF,0,FALSE,TRUE,0.25,7.746666667
Credit Seeking,6545,trace 2970,LeftLinearGrammarFF,0,FALSE,TRUE,0.396551724,5.073684211
Normal,6545,trace 2971,STA,0,FALSE,TRUE,0,3.1
Normal,6545,trace 2972,ClosureConceptFF,0,FALSE,TRUE,0,3.133333333
Normal,6545,trace 2973,ClosureRegularLangFF,0,FALSE,TRUE,0.181818182,4.580952381
Credit Seeking,6545,trace 2974,RegularLangClosedInterFF,0,FALSE,FALSE,0.4,1.025
Normal,6545,trace 2975,RegEXtoRegGrammarFF,0,FALSE,TRUE,0.256410256,54.11052632
Credit Seeking,6545,trace 2976,RegEXtoLeftRegGrammarFF,0,FALSE,TRUE,0.347826087,10.27111111
Credit Seeking,6545,trace 2977,RegularLangClosedInterFF,1,FALSE,TRUE,0.414285714,2.742028986
Normal,6545,trace 2978,RightQuotientFF,0,FALSE,TRUE,0.166666667,3.966037736
Normal,6545,trace 2979,HomomorphismFF,0,FALSE,TRUE,0.071428571,4.4
Normal,6545,trace 2980,introToNonRegularFF,0,FALSE,TRUE,0,3.871428571
Normal,6545,trace 2981,introToPumpingFF,0,FALSE,TRUE,0.263157895,3.122222222
Normal,6545,trace 2982,PLExample1FF,0,FALSE,TRUE,0.098360656,18.97
Normal,6545,trace 2983,PLExample2FF,0,FALSE,TRUE,0.027777778,2.72
Normal,6545,trace 2984,PLExample3FF,0,FALSE,TRUE,0.108108108,2.45
Normal,6545,trace 2985,PLExample4FF,0,FALSE,TRUE,0,34.94193548
Normal,6545,trace 2986,PLExample5FF,0,FALSE,TRUE,0.071428571,2.637037037
Normal,6545,trace 2987,PLExample6FF,0,FALSE,TRUE,0.195652174,3.382222222
Credit Seeking,6545,trace 2988,ClosurePropertiesFF,0,FALSE,TRUE,0.375,3.171428571
Credit Seeking,6545,trace 2989,ClosurePropertiesExample1FF,0,FALSE,TRUE,0.44,2.591666667
Normal,6545,trace 2990,ClosurePropertiesExample2FF,0,FALSE,TRUE,0.083333333,2.2
Normal,6545,trace 2991,ClosurePropertiesExample3FF,0,FALSE,TRUE,0,1.9
Credit Seeking,6545,trace 2992,ContextFreeLanguagesFF,0,FALSE,TRUE,0.594594595,5.331506849
Credit Seeking,6545,trace 2993,CFGDerivationsFF,0,FALSE,TRUE,0.444444444,2.240298507
Normal,6545,trace 2994,DerivationTreesFF,0,FALSE,TRUE,0,2.129411765
Credit Seeking,6545,trace 2995,MembershipProblemFF,0,FALSE,TRUE,0.476190476,5.273170732
Credit Seeking,6545,trace 2996,AmbiguityFF,0,FALSE,TRUE,0.481481481,4.154716981
Normal,6545,trace 2997,TransformGrammarsFF,0,FALSE,TRUE,0,5.652941176
Credit Seeking,6545,trace 2998,RemoveUselessFF,0,FALSE,TRUE,0.578947368,13.56266667
Normal,6545,trace 2999,RemoveLambdaFF,0,FALSE,TRUE,0.1,5.536842105
Credit Seeking,6545,trace 3000,RemoveUnitFF,0,FALSE,TRUE,0.649484536,3.116666667
Normal,6545,trace 3001,ChomskyNormalFormFF,0,FALSE,TRUE,0,3.758333333
Credit Seeking,6545,trace 3002,GreibachNormalFormFF,0,FALSE,TRUE,0.492753623,3.252941176
Credit Seeking,6545,trace 3003,PDA,0,FALSE,TRUE,0.5,3.812903226
Normal,6545,trace 3004,PDATransitionsFF,0,TRUE,TRUE,0.038461538,10984.048
Normal,6545,trace 3005,TMComplicatedMachine3,0,FALSE,FALSE,0,0.1
Normal,6545,trace 3006,PDAAcceptanceFF,0,FALSE,TRUE,0.12,9.616326531
Normal,6545,trace 3007,PDAEmptyStackAcceptanceFF,0,FALSE,TRUE,0.042553191,18.59130435
Normal,6545,trace 3008,PDAAcceptanceEquivalenceFF,0,FALSE,TRUE,0,2.356521739
Credit Seeking,6545,trace 3009,PDACFLFF,0,FALSE,TRUE,0.389473684,3.00212766
Normal,6545,trace 3010,DPDAFF,0,FALSE,TRUE,0.05,3.326315789
Normal,6545,trace 3011,NCFLProofFF,0,FALSE,TRUE,0,2.157142857
Normal,6545,trace 3012,NCFLversusDCFLFF,0,FALSE,TRUE,0,2.4
Normal,6545,trace 3013,GrammarsForDCFLFF,0,FALSE,TRUE,0.066666667,2.657142857
Normal,6545,trace 3014,CFLClosurePropertiesFF,0,FALSE,TRUE,0.071428571,2.192592593
Normal,6545,trace 3015,CFLPumpingLemmaFF,0,FALSE,TRUE,0.043478261,2.372727273
Normal,6545,trace 3016,CFLPumpingLemmaExample1FF,0,FALSE,TRUE,0.153846154,2.298039216
Normal,6545,trace 3017,CFLPumpingLemmaExample2FF,0,FALSE,FALSE,0.226415094,3.886538462
Normal,6545,trace 3018,CFLPumpingLemmaExample4FF,0,FALSE,FALSE,0,0.1
Normal,6545,trace 3019,CFLPumpingLemmaExample3FF,0,FALSE,FALSE,0,0.55
Normal,6545,trace 3020,CFLPumpingLemmaExample4FF,1,FALSE,FALSE,0,1.275
Normal,6545,trace 3021,CFLPumpingLemmaExample3FF,1,FALSE,FALSE,0,1.275
Normal,6545,trace 3022,CFLPumpingLemmaExample4FF,1,FALSE,FALSE,0,1.42
Normal,6545,trace 3023,CFLPumpingLemmaExample3FF,1,FALSE,FALSE,0,2.025
Normal,6545,trace 3025,CFLPumpingLemmaExample3FF,1,FALSE,FALSE,0.25,1.366666667
Normal,6545,trace 3027,CFLPumpingLemmaExample3FF,1,FALSE,FALSE,0,0.55
Normal,6545,trace 3028,CFLPumpingLemmaExample4FF,1,FALSE,FALSE,0,1.05
Credit Seeking,6545,trace 3031,CFLPumpingLemmaExample3FF,1,FALSE,FALSE,0.466666667,1.721428571
Credit Seeking,6545,trace 3032,CFLPumpingLemmaExample4FF,1,FALSE,FALSE,0.454545455,1.719047619
Credit Seeking,6545,trace 3033,CFLPumpingLemmaExample3FF,1,FALSE,FALSE,0.85,1.063157895
Normal,6545,trace 3034,CFLPumpingLemmaExample4FF,1,FALSE,FALSE,0,0.1
Normal,6545,trace 3035,CFLPumpingLemmaExample3FF,1,FALSE,TRUE,0.055555556,2.011764706
Normal,6545,trace 3036,CFLPumpingLemmaExample4FF,1,FALSE,TRUE,0.147058824,2.096969697
Normal,6545,trace 3037,CFLPumpingLemmaExample5FF,0,FALSE,TRUE,0.155172414,3.126315789
Credit Seeking,6545,trace 3038,TMGeneralModel,0,FALSE,TRUE,0.32,5.678787879
Normal,6545,trace 3039,TMInterpreting,0,FALSE,TRUE,0.268292683,1.88
Normal,6545,trace 3040,TMDecidableVSAcceptable,0,FALSE,TRUE,0.0625,1.946666667
Normal,6545,trace 3041,TMComplicatedMachine3,1,FALSE,TRUE,0.0625,2.038709677
Normal,6545,trace 3042,PairToSortCONPI,0,FALSE,TRUE,0.05,146.8
Credit Seeking,6545,trace 3043,LowerBound,0,FALSE,TRUE,0.64516129,2.673333333
Normal,6545,trace 3044,TwoMulExample,0,FALSE,TRUE,0.047619048,2.36
Credit Seeking,6545,trace 3045,TravelSalesman,0,FALSE,TRUE,0.52173913,2.293333333
Normal,6545,trace 3046,KClique,0,FALSE,TRUE,0.166666667,2.129411765
Normal,6545,trace 3047,SATProof,0,FALSE,TRUE,0.214285714,2.323076923
Normal,6545,trace 3048,NPCCoping,0,FALSE,TRUE,0.210526316,2.122222222
Normal,6545,trace 3049,UnsolveableProblems1,0,FALSE,TRUE,0,2.1
Normal,6545,trace 3050,UnsolveableProblems2,0,FALSE,TRUE,0,1.92
Normal,6555,trace 3051,SetDefFS,0,FALSE,TRUE,0,69.31428571
Credit Seeking,6555,trace 3052,SetNotationFS,0,FALSE,TRUE,0.573770492,14.93666667
Normal,6555,trace 3053,RelationsFS,0,FALSE,TRUE,0.161290323,16.50666667
Normal,6555,trace 3054,EquivFS,0,FALSE,TRUE,0.181818182,26.32
Credit Seeking,6555,trace 3055,LanguagesFS,0,FALSE,TRUE,0.328125,9.66984127
Credit Seeking,6555,trace 3056,GrammarIntroFS,0,FALSE,TRUE,0.696,5.090322581
Credit Seeking,6555,trace 3057,LanguagesFS,1,FALSE,FALSE,0.6,1719.182051
Credit Seeking,6555,trace 3059,DFAintroFS,0,FALSE,TRUE,0.35483871,20.14
Normal,6555,trace 3060,DFAadvancedFS,0,FALSE,TRUE,0,9.442857143
Credit Seeking,6555,trace 3061,NFAFS,0,FALSE,TRUE,0.333333333,5666.144828
Credit Seeking,6555,trace 3062,NFAequivFS,0,FALSE,TRUE,0.5,6.6
Credit Seeking,6555,trace 3063,NFA2DFAlargeExFS,0,FALSE,TRUE,0.310344828,7.971428571
Normal,6555,trace 3064,NFAequivFS,1,TRUE,TRUE,0,0.1
Normal,6555,trace 3065,DFAMinFS,0,FALSE,TRUE,0,5.61
Normal,6555,trace 3066,DFAMinEx1FS,0,FALSE,TRUE,0.029411765,3.642424242
Normal,6555,trace 3067,DFAMinEx2FS,0,FALSE,TRUE,0.047619048,2.76097561
Credit Seeking,6555,trace 3068,RegExFS,0,FALSE,TRUE,0.786259542,7.809230769
Normal,6555,trace 3069,DFAMinFS,1,FALSE,FALSE,0,1.55
Normal,6555,trace 3070,DFAMinEx1FS,1,TRUE,TRUE,0,15.09230769
Normal,6555,trace 3071,RegEx2NFA1FS,0,FALSE,TRUE,0,4.82
Normal,6555,trace 3072,RegEx2NFAorFS,0,FALSE,TRUE,0.071428571,0.084615385
Normal,6555,trace 3073,RegEx2NFAcatFS,0,FALSE,TRUE,0.066666667,0.085714286
Normal,6555,trace 3074,RegEx2NFAstarFS,0,FALSE,TRUE,0.090909091,0.01
Credit Seeking,6555,trace 3075,RegEXtoNFAExampleFF,0,FALSE,TRUE,0.444444444,0.007692308
Normal,6555,trace 3076,ConvertRLREFF,0,FALSE,TRUE,0.038461538,0.328
Credit Seeking,6555,trace 3077,RegularGrammarFF,0,FALSE,TRUE,0.703125,4.304761905
Normal,6555,trace 3078,NFAToREFF,0,FALSE,TRUE,0.173913043,5.190909091
Normal,6555,trace 3079,REtoFAExampleFF,0,FALSE,TRUE,0,6.275
Normal,6555,trace 3080,RightLinearRGFF,0,TRUE,TRUE,0,5.26
Normal,6555,trace 3081,LeftLinearGrammarFF,0,FALSE,TRUE,0.052631579,4.194594595
Credit Seeking,6555,trace 3082,RegEXtoRegGrammarFF,0,FALSE,TRUE,0.355932203,6.175862069
Normal,6555,trace 3083,STA,0,FALSE,TRUE,0.066666667,2.585714286
Normal,6555,trace 3084,RegEXtoLeftRegGrammarFF,0,FALSE,TRUE,0.195121951,4.855
Credit Seeking,6555,trace 3085,ClosureConceptFF,0,FALSE,TRUE,0.36,3.341666667
Normal,6555,trace 3086,ClosureRegularLangFF,0,FALSE,TRUE,0.16,4.55
Credit Seeking,6555,trace 3087,RegularLangClosedInterFF,0,FALSE,TRUE,0.290909091,3.762962963
Credit Seeking,6555,trace 3088,RightQuotientFF,0,FALSE,TRUE,0.359375,4.844444444
Normal,6555,trace 3089,HomomorphismFF,0,FALSE,TRUE,0.176470588,3.3875
Normal,6555,trace 3090,introToNonRegularFF,0,FALSE,TRUE,0.105263158,37109.78889
Normal,6555,trace 3091,introToPumpingFF,0,FALSE,TRUE,0.083333333,4.018181818
Normal,6555,trace 3092,PLExample1FF,0,FALSE,TRUE,0.130434783,3.767647059
Normal,6555,trace 3093,PLExample2FF,0,FALSE,TRUE,0.186046512,3.766666667
Normal,6555,trace 3094,PLExample3FF,0,FALSE,TRUE,0,3.824242424
Normal,6555,trace 3095,PLExample4FF,0,FALSE,TRUE,0.108108108,2.588888889
Normal,6555,trace 3096,PLExample5FF,0,FALSE,TRUE,0,2.328
Normal,6555,trace 3097,PLExample6FF,0,FALSE,TRUE,0.03030303,2.75625
Normal,6555,trace 3098,ClosurePropertiesFF,0,FALSE,TRUE,0,2.44
Normal,6555,trace 3099,ClosurePropertiesExample1FF,0,FALSE,TRUE,0.2,3.014285714
Normal,6555,trace 3100,ClosurePropertiesExample2FF,0,FALSE,TRUE,0,1.4
Normal,6555,trace 3101,ClosurePropertiesExample3FF,0,FALSE,TRUE,0.142857143,1.553846154
Credit Seeking,6555,trace 3102,ContextFreeLanguagesFF,0,FALSE,TRUE,0.679245283,27.9352381
Normal,6555,trace 3103,DerivationTreesFF,0,FALSE,TRUE,0.055555556,1.482352941
Credit Seeking,6555,trace 3104,CFGDerivationsFF,0,FALSE,TRUE,0.4,1.699280576
Credit Seeking,6555,trace 3105,MembershipProblemFF,0,FALSE,FALSE,0.333333333,1.585714286
Normal,6555,trace 3106,ClosurePropertiesExample2FF,1,TRUE,TRUE,0,26.43333333
Normal,6555,trace 3107,MembershipProblemFF,1,FALSE,TRUE,0.19047619,3.91
Normal,6555,trace 3108,AmbiguityFF,0,FALSE,TRUE,0,4.372727273
Normal,6555,trace 3109,TransformGrammarsFF,0,FALSE,TRUE,0,3.866666667
Credit Seeking,6555,trace 3110,RemoveUselessFF,0,FALSE,TRUE,0.52173913,4.752941176
Credit Seeking,6555,trace 3111,RemoveLambdaFF,0,FALSE,TRUE,0.456521739,2.604444444
Credit Seeking,6555,trace 3112,RemoveUnitFF,0,FALSE,TRUE,0.703125,2.930708661
Normal,6555,trace 3113,ChomskyNormalFormFF,0,FALSE,TRUE,0.045454545,2.342857143
Credit Seeking,6555,trace 3114,GreibachNormalFormFF,0,FALSE,TRUE,0.35,2.223728814
Normal,6555,trace 3115,NFAToReExampleFF,0,FALSE,TRUE,0,5.62
Normal,6555,trace 3116,PDA,0,FALSE,TRUE,0.28,2.216666667
Normal,6555,trace 3117,PDATransitionsFF,0,TRUE,TRUE,0.074074074,1.815384615
Normal,6555,trace 3118,PDAAcceptanceFF,0,FALSE,TRUE,0.202898551,4.223529412
Normal,6555,trace 3119,PDAEmptyStackAcceptanceFF,0,FALSE,TRUE,0.06,3.779591837
Normal,6555,trace 3120,PDAAcceptanceEquivalenceFF,0,FALSE,TRUE,0.071428571,2.6
Credit Seeking,6555,trace 3121,PDACFLFF,0,FALSE,TRUE,0.336956522,9.595604396
Normal,6555,trace 3122,DPDAFF,0,FALSE,TRUE,0.2,1.841666667
Normal,6555,trace 3123,NCFLProofFF,0,FALSE,TRUE,0,1.933333333
Normal,6555,trace 3124,NCFLversusDCFLFF,0,FALSE,TRUE,0,3.15
Normal,6555,trace 3125,GrammarsForDCFLFF,0,FALSE,TRUE,0.111111111,1.6
Normal,6555,trace 3126,CFLClosurePropertiesFF,0,FALSE,TRUE,0.222222222,194.5272727
Normal,6555,trace 3127,CFLPumpingLemmaFF,0,FALSE,TRUE,0,1.660869565
Normal,6555,trace 3128,CFLPumpingLemmaExample1FF,0,FALSE,TRUE,0.242424242,1.664615385
Credit Seeking,6555,trace 3129,CFLPumpingLemmaExample2FF,0,FALSE,TRUE,0.375,1.863291139
Normal,6555,trace 3130,CFLPumpingLemmaExample3FF,0,FALSE,TRUE,0.1875,1.812765957
Credit Seeking,6555,trace 3131,CFLPumpingLemmaExample4FF,0,FALSE,FALSE,0.608108108,1.742465753
Normal,6555,trace 3133,CFLPumpingLemmaExample4FF,1,FALSE,TRUE,0.166666667,1.443902439
Credit Seeking,6555,trace 3134,CFLPumpingLemmaExample5FF,0,FALSE,TRUE,0.28358209,1.806060606
Credit Seeking,6555,trace 3135,TMGeneralModel,0,FALSE,TRUE,0.425373134,1.655639098
Credit Seeking,6555,trace 3136,TMInterpreting,0,FALSE,TRUE,0.433962264,1.561538462
Normal,6555,trace 3137,TMDecidableVSAcceptable,0,FALSE,TRUE,0.076923077,1.683333333
Normal,6555,trace 3138,TMComplicatedMachine3,0,FALSE,TRUE,0.060606061,13.31875
Credit Seeking,6555,trace 3139,PairToSortCONPI,0,FALSE,TRUE,0.454545455,2.9125
Normal,6555,trace 3140,LowerBound,0,FALSE,TRUE,0.25,2.290909091
Normal,6555,trace 3141,TwoMulExample,0,FALSE,TRUE,0.047619048,1.96
Normal,6555,trace 3142,TravelSalesman,0,FALSE,TRUE,0.212121212,1.88125
Credit Seeking,6555,trace 3143,KClique,0,FALSE,TRUE,0.285714286,1.91
Normal,6555,trace 3144,SATProof,0,FALSE,TRUE,0,2.12
Normal,6555,trace 3145,NPCCoping,0,FALSE,TRUE,0.125,2.213333333
Normal,6555,trace 3146,UnsolveableProblems1,0,FALSE,TRUE,0,2.65
Normal,6555,trace 3147,UnsolveableProblems2,0,FALSE,TRUE,0.111111111,2.025
Credit Seeking,6555,trace 3148,RemoveUselessFF,1,TRUE,TRUE,0.35,13.74736842
Normal,6555,trace 3149,PDA,1,FALSE,FALSE,0,1.05
Normal,6555,trace 3151,PDACFLFF,1,FALSE,FALSE,0,199.2625
Credit Seeking,6555,trace 3153,ContextFreeLanguagesFF,1,FALSE,FALSE,0.772413793,445.05625
Normal,6555,trace 3154,AmbiguityFF,1,FALSE,FALSE,0,1.05
Normal,6555,trace 3156,RemoveUselessFF,1,TRUE,FALSE,0,21.44285714
Normal,6555,trace 3157,PDA,1,FALSE,FALSE,0,34.67777778
Normal,6555,trace 3158,PDATransitionsFF,1,TRUE,TRUE,0.2,1.05
Credit Seeking,6555,trace 3159,PDAAcceptanceFF,1,FALSE,FALSE,0.352941176,7.69375
Normal,6555,trace 3160,TMGeneralModel,1,FALSE,FALSE,0.204545455,9876.955814
Normal,6555,trace 3161,TMInterpreting,1,TRUE,TRUE,0,5.2
Normal,6555,trace 3164,UnsolveableProblems1,1,FALSE,FALSE,0,32.05
Normal,6555,trace 3165,PairToSortCONPI,1,FALSE,FALSE,0,65.05
Normal,6557,trace 3167,introToNonRegularFF,0,FALSE,TRUE,0,13.16923077
Normal,6557,trace 3168,introToPumpingFF,0,FALSE,TRUE,0,5.466666667
Normal,6557,trace 3169,PLExample1FF,0,FALSE,FALSE,0,209.8882353
Normal,6557,trace 3170,MajorConceptsFF,0,FALSE,TRUE,0.117647059,11.084
Normal,6557,trace 3171,GrammarIntroFF,0,FALSE,TRUE,0.230769231,7.592156863
Normal,6557,trace 3173,RegEXandRegLangFF,0,FALSE,TRUE,0,9.81
Normal,6557,trace 3174,RegEXandRegLangORFF,0,FALSE,TRUE,0.066666667,10.15714286
Normal,6557,trace 3175,RegEXandRegLangConcatFF,0,FALSE,TRUE,0.117647059,28.0125
Credit Seeking,6557,trace 3176,RegularExpressionsFF,0,FALSE,FALSE,0.357142857,121.0407407
Normal,6557,trace 3177,RegEXandRegLangStarFF,0,FALSE,TRUE,0.076923077,3.766666667
Normal,6557,trace 3178,RegEXtoNFAExampleFF,0,FALSE,TRUE,0.117647059,31.45
Normal,6557,trace 3179,ConvertRLREFF,0,FALSE,TRUE,0,2.894117647
Credit Seeking,6557,trace 3180,RegularGrammarFF,0,FALSE,TRUE,0.325581395,23.14761905
Normal,6557,trace 3181,NFAToREFF,0,TRUE,TRUE,0.052631579,33.95555556
Normal,6557,trace 3182,REtoFAExampleFF,0,FALSE,TRUE,0,6.92
Normal,6557,trace 3183,RightLinearRGFF,0,FALSE,TRUE,0,12.65714286
Normal,6557,trace 3184,NFAToReExampleFF,0,FALSE,TRUE,0.076923077,30.76666667
Normal,6557,trace 3185,LeftLinearGrammarFF,0,FALSE,TRUE,0,145.85
Credit Seeking,6557,trace 3186,RegEXtoRegGrammarFF,0,FALSE,TRUE,0.492537313,27.76060606
Normal,6557,trace 3187,STA,0,FALSE,TRUE,0,2.472727273
Normal,6557,trace 3188,RegEXtoLeftRegGrammarFF,0,FALSE,TRUE,0.108108108,8.922222222
Normal,6557,trace 3189,ClosureConceptFF,0,FALSE,TRUE,0,22.3
Normal,6557,trace 3190,ClosureRegularLangFF,0,FALSE,TRUE,0.047619048,13.31
Normal,6557,trace 3191,RegularLangClosedInterFF,0,FALSE,TRUE,0.208333333,8.940425532
Normal,6557,trace 3192,RightQuotientFF,0,TRUE,TRUE,0.14,13.31020408
Normal,6557,trace 3193,HomomorphismFF,0,FALSE,TRUE,0.125,5.613333333
Normal,6557,trace 3194,introToNonRegularFF,1,FALSE,FALSE,0,3.258333333
Credit Seeking,6557,trace 3195,ContextFreeLanguagesFF,0,FALSE,FALSE,0.714285714,35.63076923
Normal,6557,trace 3196,CFGDerivationsFF,0,FALSE,TRUE,0.228915663,16.05121951
Normal,6557,trace 3197,DerivationTreesFF,0,FALSE,FALSE,0,15.46363636
Credit Seeking,6557,trace 3198,MembershipProblemFF,0,FALSE,FALSE,0.428571429,27.36
Normal,6557,trace 3199,AmbiguityFF,0,FALSE,FALSE,0,3.344444444
Normal,6557,trace 3200,SetDefFF,0,FALSE,TRUE,0,3.366666667
Normal,6557,trace 3201,SetCommonSymbolsFF,0,FALSE,TRUE,0,4.292857143
Normal,6557,trace 3202,TransformGrammarsFF,0,FALSE,FALSE,0,11.03333333
Normal,6557,trace 3203,AmbiguityFF,1,FALSE,TRUE,0,10.51428571
Normal,6557,trace 3204,MembershipProblemFF,1,FALSE,TRUE,0.1,2.747368421
Normal,6557,trace 3205,PDA,0,FALSE,TRUE,0,9398.733333
Normal,6557,trace 3206,PDATransitionsFF,0,FALSE,TRUE,0.12,35.42083333
Normal,6557,trace 3207,PDAAcceptanceFF,0,FALSE,TRUE,0.063829787,328.873913
Normal,6557,trace 3208,PDAEmptyStackAcceptanceFF,0,FALSE,TRUE,0,56.38
Credit Seeking,6557,trace 3209,PDAAcceptanceEquivalenceFF,0,FALSE,FALSE,0.375,129.7478261
Credit Seeking,6557,trace 3210,PDACFLFF,0,FALSE,FALSE,0.305084746,23.34827586
Normal,6557,trace 3211,PDAAcceptanceEquivalenceFF,1,TRUE,TRUE,0.032258065,122.9366667
Normal,6557,trace 3212,DPDAFF,0,FALSE,TRUE,0,914.5545455
Normal,6557,trace 3213,NCFLProofFF,0,FALSE,TRUE,0,178.12
Normal,6557,trace 3214,NCFLversusDCFLFF,0,FALSE,TRUE,0,7.775
Credit Seeking,6557,trace 3215,GrammarsForDCFLFF,0,FALSE,TRUE,0.458333333,34.35652174
Normal,6557,trace 3217,GrammarsForDCFLFF,1,TRUE,TRUE,0,116.3555556
Credit Seeking,6557,trace 3218,CFLClosurePropertiesFF,0,FALSE,TRUE,0.344262295,167.1866667
Normal,6557,trace 3219,CFLPumpingLemmaFF,0,FALSE,TRUE,0.04,6776.3
Normal,6557,trace 3220,CFLPumpingLemmaExample1FF,0,FALSE,FALSE,0.136363636,148.2904762
Normal,6557,trace 3222,CFLPumpingLemmaExample1FF,1,TRUE,TRUE,0.03030303,5213.596875
Normal,6557,trace 3223,CFLPumpingLemmaExample2FF,0,FALSE,FALSE,0.0625,9.406666667
Normal,6557,trace 3224,TMGeneralModel,0,FALSE,TRUE,0.164556962,865.5923077
Normal,6557,trace 3225,TMInterpreting,0,FALSE,TRUE,0.041666667,168.4
Normal,6557,trace 3226,TMDecidableVSAcceptable,0,FALSE,TRUE,0,115.4666667
Normal,6557,trace 3227,TMComplicatedMachine3,0,FALSE,FALSE,0,2.55
Normal,6557,trace 3228,PairToSortCONPI,0,FALSE,TRUE,0.117647059,33.575
Normal,6557,trace 3229,LowerBound,0,FALSE,TRUE,0.083333333,60537.92727
Normal,6557,trace 3230,TwoMulExample,0,FALSE,TRUE,0,211.7466667
Normal,6557,trace 3231,TravelSalesman,0,FALSE,TRUE,0,4414.95
Normal,6557,trace 3232,KClique,0,FALSE,TRUE,0,298.62
Normal,6557,trace 3233,SATProof,0,FALSE,TRUE,0.142857143,134.0153846
Normal,6557,trace 3234,UnsolveableProblems1,0,FALSE,TRUE,0,2.133333333
Normal,6557,trace 3236,UnsolveableProblems1,1,TRUE,TRUE,0,0.733333333
Normal,6557,trace 3237,NPCCoping,0,FALSE,TRUE,0,4900.016667
Normal,6557,trace 3238,UnsolveableProblems1,1,TRUE,TRUE,0,1385.72
Normal,6557,trace 3239,UnsolveableProblems2,0,FALSE,TRUE,0,145.1714286
Credit Seeking,6558,trace 3240,ClosureConceptFF,0,FALSE,TRUE,0.428571429,3.86
Normal,6558,trace 3241,ClosureRegularLangFF,0,FALSE,TRUE,0.185185185,24.12307692
Normal,6558,trace 3242,introToNonRegularFF,0,FALSE,TRUE,0,14.6375
Normal,6558,trace 3243,introToPumpingFF,0,FALSE,TRUE,0,6.775
Normal,6558,trace 3244,PLExample1FF,0,FALSE,TRUE,0.056603774,50.86923077
Normal,6558,trace 3245,PLExample2FF,0,FALSE,TRUE,0.027777778,15.14857143
Normal,6558,trace 3246,PLExample3FF,0,FALSE,TRUE,0,25.10666667
Normal,6558,trace 3247,PLExample4FF,0,FALSE,TRUE,0,2212.213793
Normal,6558,trace 3248,PLExample5FF,0,FALSE,TRUE,0.04,3.216666667
Normal,6558,trace 3249,PLExample6FF,0,FALSE,TRUE,0.085714286,2.770588235
Normal,6558,trace 3250,ClosurePropertiesFF,0,FALSE,TRUE,0,563.35
Normal,6558,trace 3251,ClosurePropertiesExample1FF,0,FALSE,TRUE,0,25.02
Normal,6558,trace 3252,ClosurePropertiesExample2FF,0,FALSE,TRUE,0,50.65
Normal,6558,trace 3253,ClosurePropertiesExample3FF,0,FALSE,TRUE,0,9.911111111
Normal,6558,trace 3254,DFAFF,0,FALSE,TRUE,0,22.04285714
Normal,6558,trace 3255,FADefinitionsFF,0,FALSE,TRUE,0,30.68333333
Normal,6558,trace 3256,RegularLangClosedInterFF,0,FALSE,TRUE,0.265625,1766.431746
Credit Seeking,6558,trace 3257,RightQuotientFF,0,FALSE,FALSE,0.522727273,25.04883721
Credit Seeking,6558,trace 3258,RegularExpressionsFF,0,FALSE,TRUE,0.448979592,1027.483333
Credit Seeking,6558,trace 3259,ContextFreeLanguagesFF,0,FALSE,TRUE,0.542168675,35.68536585
Normal,6558,trace 3260,CFGDerivationsFF,0,FALSE,TRUE,0.109375,12.90793651
Normal,6558,trace 3261,DerivationTreesFF,0,FALSE,FALSE,0,71.22777778
Credit Seeking,6558,trace 3262,MembershipProblemFF,0,FALSE,FALSE,0.64,40.25833333
Normal,6558,trace 3263,AmbiguityFF,0,FALSE,TRUE,0,18.3
Normal,6558,trace 3264,SetDefFF,0,FALSE,TRUE,0.222222222,7.4
Normal,6558,trace 3265,SetCommonSymbolsFF,0,FALSE,TRUE,0.148148148,18.85384615
Normal,6558,trace 3266,RelationsFF,0,FALSE,FALSE,0.25,9.847368421
Normal,6558,trace 3267,RegEXandRegLangFF,0,FALSE,FALSE,0,14.6375
Normal,6558,trace 3268,SetCommonSymbolsFF,1,FALSE,FALSE,0,1.05
Normal,6558,trace 3269,NFA,0,FALSE,FALSE,0.166666667,2.02
Normal,6558,trace 3271,TransformGrammarsFF,0,TRUE,TRUE,0,202.8096774
Normal,6558,trace 3272,RemoveUselessFF,0,FALSE,FALSE,0,5.42
Normal,6558,trace 3273,PDACFLFF,0,FALSE,FALSE,0,2.62
Credit Seeking,6558,trace 3275,PDACFLFF,1,FALSE,FALSE,0.3,2.466666667
Credit Seeking,6558,trace 3276,PDA,0,FALSE,TRUE,0.727272727,88.62105263
Normal,6558,trace 3277,PDATransitionsFF,0,FALSE,FALSE,0,7.871428571
Normal,6558,trace 3278,PDAAcceptanceFF,0,FALSE,TRUE,0.06,351.8
Normal,6558,trace 3280,MajorConceptsFF,0,FALSE,TRUE,0.160714286,5.167272727
Normal,6558,trace 3281,GrammarIntroFF,0,FALSE,TRUE,0.236363636,4.8
Normal,6558,trace 3282,RelationsFF,1,FALSE,TRUE,0.166666667,1.84
Credit Seeking,6558,trace 3283,MathProofFF,0,FALSE,FALSE,0.357142857,3.476923077
Credit Seeking,6558,trace 3284,MembershipProblemFF,1,FALSE,FALSE,0.5,1.44
Normal,6558,trace 3285,PDA,1,TRUE,TRUE,0,77.3862069
Normal,6558,trace 3286,PDATransitionsFF,1,TRUE,TRUE,0.075471698,24.69615385
Normal,6558,trace 3287,PDAAcceptanceFF,1,TRUE,TRUE,0.065217391,4.493333333
Normal,6558,trace 3288,PDAEmptyStackAcceptanceFF,0,FALSE,TRUE,0.021276596,5.265217391
Normal,6558,trace 3289,PDAAcceptanceEquivalenceFF,0,FALSE,TRUE,0,3.39047619
Normal,6558,trace 3290,PDAAcceptanceFF,1,TRUE,TRUE,0.034482759,7.756140351
Normal,6558,trace 3291,PDAEmptyStackAcceptanceFF,1,TRUE,TRUE,0.071428571,20.00487805
Normal,6558,trace 3292,PDAAcceptanceEquivalenceFF,1,FALSE,FALSE,0,622.025
Credit Seeking,6558,trace 3293,PDACFLFF,1,FALSE,TRUE,0.348484848,31.38769231
Normal,6558,trace 3294,DPDAFF,0,FALSE,TRUE,0.24,120.2583333
Normal,6558,trace 3295,NCFLProofFF,0,FALSE,TRUE,0,51.56363636
Normal,6558,trace 3296,NCFLversusDCFLFF,0,FALSE,TRUE,0,2.65
Normal,6558,trace 3297,GrammarsForDCFLFF,0,FALSE,FALSE,0,5.033333333
Credit Seeking,6558,trace 3298,CFLClosurePropertiesFF,0,FALSE,FALSE,0.681818182,3.152380952
Normal,6558,trace 3299,GrammarsForDCFLFF,1,FALSE,TRUE,0,6.577777778
Normal,6558,trace 3300,CFLPumpingLemmaExample1FF,0,FALSE,FALSE,0.217391304,4.872727273
Normal,6558,trace 3301,CFLClosurePropertiesFF,1,FALSE,TRUE,0,21.86666667
Normal,6558,trace 3302,CFLPumpingLemmaFF,0,FALSE,TRUE,0,12.425
Normal,6558,trace 3303,CFLPumpingLemmaExample1FF,1,FALSE,TRUE,0.105263158,5.066666667
Normal,6558,trace 3304,CFLPumpingLemmaExample2FF,0,FALSE,TRUE,0,7.329032258
Normal,6558,trace 3305,CFLPumpingLemmaExample3FF,0,FALSE,TRUE,0.033333333,13.90344828
Normal,6558,trace 3306,CFLPumpingLemmaExample4FF,0,FALSE,TRUE,0.022727273,8.748837209
Credit Seeking,6558,trace 3307,CFLPumpingLemmaExample5FF,0,FALSE,FALSE,0.62962963,5.892307692
Credit Seeking,6558,trace 3308,TMGeneralModel,0,FALSE,TRUE,0.308510638,29.38924731
Normal,6558,trace 3309,TMInterpreting,0,FALSE,TRUE,0.041666667,40.53043478
Normal,6558,trace 3310,TMDecidableVSAcceptable,0,TRUE,TRUE,0,81.58571429
Normal,6558,trace 3312,TransformGrammarsFF,1,TRUE,FALSE,0,15.00909091
Normal,6558,trace 3313,DPDAFF,1,FALSE,FALSE,0,7.516666667
Normal,6558,trace 3315,NFA2DFAFrames,0,FALSE,FALSE,0.153846154,35.804
Normal,6558,trace 3316,DFAMinimizationFF,0,FALSE,FALSE,0,1.55
Normal,6558,trace 3317,MinimizationWithQuestionsFF,0,FALSE,FALSE,0.142857143,29.355
Normal,6558,trace 3318,PairToSortCONPI,0,FALSE,TRUE,0,85.63076923
Normal,6558,trace 3319,LowerBound,0,FALSE,TRUE,0,1187.525
Normal,6558,trace 3320,TwoMulExample,0,FALSE,FALSE,0,20.82
Normal,6558,trace 3321,TravelSalesman,0,FALSE,TRUE,0,27.86
Normal,6558,trace 3322,KClique,0,FALSE,TRUE,0,24.68333333
Normal,6558,trace 3323,TravelSalesman,1,FALSE,FALSE,0,291.55
Normal,6558,trace 3324,SATProof,0,FALSE,FALSE,0,358.8875
Normal,6558,trace 3325,NPCCoping,0,FALSE,FALSE,0,159.3666667
Normal,6558,trace 3326,UnsolveableProblems1,0,FALSE,TRUE,0,636.8
Normal,6558,trace 3327,UnsolveableProblems2,0,FALSE,TRUE,0.083333333,11.92727273
Normal,6559,trace 3328,LanguagesFS,0,FALSE,TRUE,0.267857143,58.18545455
Credit Seeking,6559,trace 3329,GrammarIntroFS,0,FALSE,TRUE,0.339285714,1359.710909
Normal,6559,trace 3330,SetDefFS,0,FALSE,TRUE,0,8.866666667
Normal,6559,trace 3331,SetNotationFS,0,FALSE,TRUE,0.176470588,6.915151515
Credit Seeking,6559,trace 3332,RelationsFS,0,FALSE,TRUE,0.297297297,13.75277778
Credit Seeking,6559,trace 3333,EquivFS,0,FALSE,TRUE,0.3,9.688888889
Credit Seeking,6559,trace 3335,DFAintroFS,0,TRUE,TRUE,0.371428571,14.97647059
Normal,6559,trace 3336,DFAadvancedFS,0,TRUE,TRUE,0,26.54117647
Credit Seeking,6559,trace 3337,NFAFS,0,FALSE,TRUE,0.566037736,1029.888462
Normal,6559,trace 3338,NFAequivFS,0,FALSE,TRUE,0,0.1
Normal,6559,trace 3339,NFA2DFAlargeExFS,0,FALSE,TRUE,0.041666667,14.09565217
Normal,6559,trace 3340,DFAMinFS,0,FALSE,TRUE,0.095238095,8.66
Normal,6559,trace 3341,DFAMinEx1FS,0,FALSE,TRUE,0,11.675
Normal,6559,trace 3342,DFAMinEx2FS,0,FALSE,TRUE,0,8.933333333
Credit Seeking,6559,trace 3343,RegExFS,0,FALSE,FALSE,0.511111111,9.209090909
Credit Seeking,6559,trace 3345,RegExFS,1,FALSE,TRUE,0.428571429,9.01
Normal,6559,trace 3346,RegEx2NFA1FS,0,FALSE,TRUE,0,7.82
Normal,6559,trace 3347,RegEx2NFAorFS,0,FALSE,TRUE,0,7.171428571
Normal,6559,trace 3348,RegEx2NFAcatFS,0,FALSE,TRUE,0.076923077,5.433333333
Normal,6559,trace 3349,RegEx2NFAstarFS,0,FALSE,TRUE,0,4.911111111
Credit Seeking,6559,trace 3350,RegEXtoNFAExampleFF,0,FALSE,FALSE,0.428571429,4.183333333
Normal,6559,trace 3351,RegularGrammarFF,0,FALSE,TRUE,0.266666667,6.662068966
Normal,6559,trace 3352,NFAToREFF,0,FALSE,TRUE,0,8.0125
Normal,6559,trace 3353,REtoFAExampleFF,0,FALSE,TRUE,0,3.525
Normal,6559,trace 3354,NFAequivFS,1,TRUE,TRUE,0,0.1
Credit Seeking,6559,trace 3355,RegEXtoNFAExampleFF,1,FALSE,TRUE,0.333333333,6.011764706
Normal,6559,trace 3356,ConvertRLREFF,0,FALSE,TRUE,0,6.233333333
Normal,6559,trace 3357,RightLinearRGFF,0,TRUE,TRUE,0.05,4316.221053
Credit Seeking,6559,trace 3358,ContextFreeLanguagesFF,0,FALSE,TRUE,0.347826087,13.29333333
Normal,6559,trace 3359,CFGDerivationsFF,0,FALSE,TRUE,0,34.04150943
Normal,6559,trace 3360,DerivationTreesFF,0,TRUE,TRUE,0,3.7625
Credit Seeking,6559,trace 3361,MembershipProblemFF,0,FALSE,TRUE,0.344827586,92.43571429
Normal,6559,trace 3362,TransformGrammarsFF,0,FALSE,TRUE,0.027777778,4.462857143
Credit Seeking,6559,trace 3363,RemoveUselessFF,0,FALSE,TRUE,0.282608696,6.737777778
Normal,6559,trace 3364,SetNotationFS,1,TRUE,TRUE,0,11.8
Normal,6559,trace 3365,ContextFreeLanguagesFF,1,FALSE,FALSE,0,5.033333333
Normal,6559,trace 3366,RemoveLambdaFF,0,FALSE,FALSE,0,17.28181818
Normal,6559,trace 3367,ContextFreeLanguagesFF,1,FALSE,FALSE,0,665.7
Normal,6559,trace 3368,PDATransitionsFF,0,FALSE,TRUE,0,6.455555556
Normal,6559,trace 3369,PDAAcceptanceFF,0,FALSE,FALSE,0,2.82
Normal,6559,trace 3371,PDAAcceptanceEquivalenceFF,0,FALSE,TRUE,0,11.81904762
Normal,6559,trace 3372,PDA,0,FALSE,TRUE,0.133333333,6.014285714
Normal,6559,trace 3373,PDAAcceptanceFF,1,FALSE,FALSE,0.071428571,14.23846154
Normal,6559,trace 3374,PDAAcceptanceEquivalenceFF,1,TRUE,TRUE,0,67.87142857
Normal,6559,trace 3375,PDACFLFF,0,FALSE,TRUE,0.21875,5.653968254
Credit Seeking,6559,trace 3376,TMGeneralModel,0,FALSE,FALSE,0.380952381,3.11
Normal,6559,trace 3377,RemoveUselessFF,1,FALSE,FALSE,0,2.014285714
Normal,6559,trace 3378,RemoveLambdaFF,1,FALSE,TRUE,0,9.622222222
Credit Seeking,6559,trace 3379,RemoveUnitFF,0,FALSE,FALSE,0.475,9.38974359
Credit Seeking,6559,trace 3380,TMGeneralModel,1,FALSE,TRUE,0.281690141,36.78857143
Normal,6559,trace 3381,TMInterpreting,0,FALSE,TRUE,0.083333333,3463.747826
Normal,6559,trace 3382,TMDecidableVSAcceptable,0,FALSE,TRUE,0,10.52
Normal,6559,trace 3383,UnsolveableProblems1,0,TRUE,TRUE,0,9.933333333
Normal,6559,trace 3384,UnsolveableProblems2,0,FALSE,TRUE,0,11.36666667
Credit Seeking,6559,trace 3385,NPCCoping,0,FALSE,TRUE,0.533333333,2.972413793
Normal,6559,trace 3386,PairToSortCONPI,0,FALSE,TRUE,0,8.5125
Normal,6559,trace 3387,LowerBound,0,TRUE,TRUE,0,5.133333333
Normal,6559,trace 3388,TwoMulExample,0,FALSE,TRUE,0,2.788888889
Normal,6559,trace 3389,TravelSalesman,0,FALSE,TRUE,0,10.41
Normal,6559,trace 3390,KClique,0,FALSE,TRUE,0.076923077,3.766666667
Normal,6559,trace 3391,SATProof,0,FALSE,TRUE,0,3.22
Normal,6559,trace 3392,TMComplicatedMachine3,0,FALSE,TRUE,0.103448276,6.007142857
Normal,6559,trace 3393,UnsolveableProblems1,1,TRUE,TRUE,0,48.55
Normal,6559,trace 3394,NFAToReExampleFF,0,FALSE,TRUE,0,3.2
Normal,6559,trace 3395,LeftLinearGrammarFF,0,FALSE,TRUE,0.023255814,2.171428571
Normal,6559,trace 3396,STA,0,FALSE,TRUE,0,1.938461538
Credit Seeking,6559,trace 3397,RegEXtoLeftRegGrammarFF,0,FALSE,TRUE,0.5,4.495652174
Normal,6559,trace 3398,RegEXtoRegGrammarFF,0,FALSE,TRUE,0.176470588,3.975757576
Normal,6559,trace 3399,ClosureConceptFF,0,FALSE,TRUE,0.176470588,1.6375
Normal,6559,trace 3400,HomomorphismFF,0,FALSE,TRUE,0.117647059,1.7
Credit Seeking,6559,trace 3401,RightQuotientFF,0,FALSE,TRUE,0.376811594,4.017647059
Normal,6559,trace 3402,introToPumpingFF,0,FALSE,TRUE,0.142857143,1.861538462
Normal,6559,trace 3403,PLExample1FF,0,FALSE,TRUE,0.161764706,2.197014925
Normal,6559,trace 3404,AmbiguityFF,0,FALSE,TRUE,0,2.276923077
Credit Seeking,6559,trace 3405,RegularLangClosedInterFF,0,FALSE,TRUE,0.333333333,3.378571429
Normal,6559,trace 3406,ClosureRegularLangFF,0,FALSE,TRUE,0.217391304,3.918181818
Normal,6559,trace 3407,introToNonRegularFF,0,FALSE,TRUE,0,1.844444444
Normal,6559,trace 3408,ClosurePropertiesExample3FF,0,FALSE,TRUE,0,1.42
Normal,6559,trace 3409,ClosurePropertiesExample2FF,0,FALSE,TRUE,0.076923077,1.1
Normal,6559,trace 3410,ClosurePropertiesExample1FF,0,FALSE,TRUE,0.25,1.546666667
Credit Seeking,6559,trace 3411,RemoveUnitFF,1,FALSE,TRUE,0.333333333,4.19375
Normal,6559,trace 3412,ChomskyNormalFormFF,0,FALSE,TRUE,0,3.5125
Credit Seeking,6559,trace 3413,GreibachNormalFormFF,0,FALSE,TRUE,0.6,3.850632911
Credit Seeking,6559,trace 3414,PDAAcceptanceFF,1,FALSE,TRUE,0.413333333,1.651351351
Normal,6559,trace 3415,PDAEmptyStackAcceptanceFF,0,FALSE,TRUE,0.238095238,2.6
Normal,6559,trace 3416,GrammarsForDCFLFF,0,FALSE,TRUE,0,1.938461538
Normal,6559,trace 3417,NCFLversusDCFLFF,0,FALSE,TRUE,0.083333333,1.563636364
Normal,6559,trace 3418,NCFLProofFF,0,FALSE,TRUE,0,2.02
Normal,6559,trace 3419,DPDAFF,0,FALSE,TRUE,0.130434783,2.963636364
Normal,6559,trace 3420,CFLClosurePropertiesFF,0,FALSE,TRUE,0.103448276,1.864285714
Normal,6559,trace 3421,CFLPumpingLemmaFF,0,FALSE,TRUE,0.16,1.758333333
Normal,6559,trace 3422,CFLPumpingLemmaExample1FF,0,FALSE,TRUE,0.071428571,2.956097561
Normal,6559,trace 3423,CFLPumpingLemmaExample2FF,0,FALSE,FALSE,0.054054054,3.225
Normal,6559,trace 3424,CFLPumpingLemmaExample3FF,0,FALSE,TRUE,0.033333333,2.351724138
Normal,6559,trace 3425,CFLPumpingLemmaExample4FF,0,FALSE,TRUE,0.116666667,1.901694915
Normal,6559,trace 3426,CFLPumpingLemmaExample5FF,0,FALSE,TRUE,0.166666667,3.173584906
Normal,6559,trace 3427,PLExample2FF,0,FALSE,TRUE,0.166666667,2.291428571
Normal,6559,trace 3428,ClosurePropertiesFF,0,FALSE,TRUE,0,2.55
Normal,6559,trace 3429,GreibachNormalFormFF,1,FALSE,FALSE,0,5.025
Normal,6559,trace 3430,SATProof,1,TRUE,TRUE,0.2,9.466666667
Normal,6559,trace 3431,KClique,1,FALSE,FALSE,0,1.05
Normal,6559,trace 3432,SATProof,1,TRUE,FALSE,0,20.22
Normal,6559,trace 3433,TMGeneralModel,1,FALSE,FALSE,0,3.930769231
Normal,6559,trace 3434,PLExample6FF,0,FALSE,TRUE,0.125,1.642553191
Normal,6559,trace 3435,PLExample5FF,0,FALSE,TRUE,0.09375,1.683870968
Normal,6559,trace 3436,PLExample4FF,0,FALSE,TRUE,0.058823529,1.915151515
Normal,6559,trace 3437,PLExample3FF,0,FALSE,TRUE,0.033333333,2.144827586
Normal,6559,trace 3438,NFAequivFS,1,TRUE,TRUE,0,0.733333333
Normal,6565,trace 3439,introToNonRegularFF,0,FALSE,TRUE,0.105263158,20.62222222
Normal,6565,trace 3440,introToPumpingFF,0,FALSE,TRUE,0,27.62
Normal,6565,trace 3441,introToNonRegularFF,1,FALSE,FALSE,0.2,5.455555556
Credit Seeking,6565,trace 3442,ContextFreeLanguagesFF,0,FALSE,FALSE,0.905660377,7.830769231
Normal,6565,trace 3443,CFGDerivationsFF,0,FALSE,FALSE,0.068965517,96.03928571
Normal,6565,trace 3444,AmbiguityFF,0,FALSE,TRUE,0.133333333,25.76551724
Credit Seeking,6565,trace 3445,CFGDerivationsFF,1,FALSE,FALSE,0.5,2.157142857
Credit Seeking,6565,trace 3446,RegularExpressionsFF,0,FALSE,FALSE,0.634615385,26.13921569
Normal,6565,trace 3447,CFGDerivationsFF,1,FALSE,FALSE,0,27.005
Credit Seeking,6565,trace 3448,AmbiguityFF,1,FALSE,FALSE,0.419354839,15.43666667
Normal,6565,trace 3449,MajorConceptsFF,0,FALSE,FALSE,0,6.366666667
Normal,6565,trace 3450,RelationsFF,0,FALSE,FALSE,0,2.733333333
Credit Seeking,6565,trace 3451,PDA,0,FALSE,TRUE,0.515151515,17.7875
Normal,6565,trace 3452,PDATransitionsFF,0,FALSE,TRUE,0,34.95294118
Normal,6565,trace 3453,PDAAcceptanceFF,0,FALSE,TRUE,0.103448276,19.09122807
Credit Seeking,6565,trace 3454,PDACFLFF,0,FALSE,FALSE,0.4,119.471875
Credit Seeking,6565,trace 3456,CFGDerivationsFF,1,FALSE,FALSE,0.842105263,3.622222222
Normal,6565,trace 3458,TransformGrammarsFF,0,FALSE,FALSE,0,7.05
Normal,6565,trace 3459,TravelSalesman,0,FALSE,TRUE,0.068965517,28.57857143
Credit Seeking,6565,trace 3462,RegularExpressionsFF,1,FALSE,FALSE,0.4,1.8
Normal,6565,trace 3463,RegEXandRegLangFF,0,FALSE,FALSE,0.111111111,6.7625
Normal,6565,trace 3465,REtoFAExampleFF,0,FALSE,TRUE,0,12.775
Normal,6565,trace 3466,TMGeneralModel,0,FALSE,FALSE,0,11.1375
Credit Seeking,6565,trace 3467,TMDecidableVSAcceptable,0,FALSE,FALSE,0.454545455,7.11
Normal,6565,trace 3468,TMInterpreting,0,FALSE,TRUE,0.151515152,6.75625
Normal,6565,trace 3469,PairToSortCONPI,0,FALSE,TRUE,0.210526316,5.733333333
Normal,6565,trace 3470,MinimizationWithQuestions2FF,0,FALSE,FALSE,0.157894737,18.00555556
Normal,6565,trace 3471,SATProof,0,FALSE,TRUE,0,7.9
Normal,6565,trace 3472,NPCCoping,0,FALSE,FALSE,0,15.3
Normal,6565,trace 3473,UnsolveableProblems1,0,TRUE,TRUE,0,575.8642857
Normal,6565,trace 3474,TwoMulExample,0,FALSE,FALSE,0,39.44285714
Normal,6565,trace 3475,PDAAcceptanceEquivalenceFF,0,FALSE,FALSE,0,3.366666667
Normal,6565,trace 3476,PDAAcceptanceFF,1,FALSE,FALSE,0,1.05
Normal,6565,trace 3477,RelationsFF,1,FALSE,TRUE,0.181818182,4.104761905
Normal,6568,trace 3478,introToNonRegularFF,0,FALSE,TRUE,0,8.68
Normal,6568,trace 3479,introToPumpingFF,0,FALSE,TRUE,0.166666667,5.836363636
Normal,6568,trace 3480,PLExample1FF,0,FALSE,TRUE,0.021276596,9.026086957
Normal,6568,trace 3481,PLExample2FF,0,FALSE,TRUE,0,11.3037037
Normal,6568,trace 3482,PLExample3FF,0,FALSE,TRUE,0,8.674074074
Normal,6568,trace 3483,PLExample4FF,0,FALSE,TRUE,0,5.969230769
Normal,6568,trace 3484,PLExample5FF,0,FALSE,TRUE,0,5.06
Normal,6568,trace 3485,PLExample6FF,0,FALSE,TRUE,0,4.651612903
Normal,6568,trace 3486,ClosurePropertiesFF,0,FALSE,TRUE,0,5.44
Credit Seeking,6568,trace 3487,ClosurePropertiesExample1FF,0,FALSE,TRUE,0.368421053,5.344444444
Normal,6568,trace 3488,ClosurePropertiesExample2FF,0,FALSE,TRUE,0,8.885714286
Normal,6568,trace 3489,ClosurePropertiesExample3FF,0,FALSE,TRUE,0,5.244444444
Credit Seeking,6568,trace 3490,ContextFreeLanguagesFF,0,FALSE,TRUE,0.677777778,6.957303371
Normal,6568,trace 3491,CFGDerivationsFF,0,FALSE,TRUE,0.038461538,7.062745098
Normal,6568,trace 3492,DerivationTreesFF,0,TRUE,TRUE,0,5.070588235
Normal,6568,trace 3493,TransformGrammarsFF,0,TRUE,TRUE,0,9.644444444
Normal,6568,trace 3494,RemoveUselessFF,0,FALSE,FALSE,0,6.190909091
Normal,6568,trace 3495,AmbiguityFF,0,FALSE,FALSE,0.076923077,15.59166667
Normal,6568,trace 3496,MajorConceptsFF,0,FALSE,TRUE,0.150943396,5.273076923
Credit Seeking,6568,trace 3497,GrammarIntroFF,0,FALSE,TRUE,0.375,2.495238095
Normal,6568,trace 3498,MembershipProblemFF,0,FALSE,FALSE,0,9.42
Normal,6568,trace 3499,AmbiguityFF,1,FALSE,TRUE,0.166666667,8.6
Normal,6568,trace 3500,PDA,0,FALSE,TRUE,0.166666667,6.129411765
Normal,6568,trace 3501,PDATransitionsFF,0,TRUE,TRUE,0,6.208
Normal,6568,trace 3502,PDAAcceptanceFF,0,FALSE,TRUE,0.1,7.759183673
Normal,6568,trace 3503,PDAEmptyStackAcceptanceFF,0,FALSE,TRUE,0.11627907,4.480952381
Normal,6568,trace 3504,PDAAcceptanceEquivalenceFF,0,FALSE,TRUE,0.25,4.070967742
Credit Seeking,6568,trace 3505,PDACFLFF,0,FALSE,TRUE,0.455445545,3.982
Normal,6568,trace 3506,DPDAFF,0,FALSE,FALSE,0.1,3.005263158
Normal,6568,trace 3507,TMGeneralModel,0,FALSE,TRUE,0.191011236,4.309090909
Normal,6568,trace 3508,TMInterpreting,0,FALSE,TRUE,0.261904762,1.663414634
Normal,6568,trace 3509,TMDecidableVSAcceptable,0,FALSE,FALSE,0.25,2.14
Credit Seeking,6568,trace 3510,PairToSortCONPI,0,FALSE,TRUE,0.555555556,5.52
Normal,6568,trace 3511,LowerBound,0,FALSE,FALSE,0,13.55
Normal,6568,trace 3512,TravelSalesman,0,FALSE,TRUE,0.148148148,13.54615385
Normal,6568,trace 3513,TMDecidableVSAcceptable,1,FALSE,FALSE,0,1.05
Normal,6568,trace 3514,MinimizationWithQuestionsFF,0,FALSE,TRUE,0.054054054,6.588888889
Credit Seeking,6568,trace 3515,MembershipProblemFF,1,FALSE,TRUE,0.62745098,2.804
Credit Seeking,6568,trace 3516,SATProof,0,FALSE,FALSE,0.307692308,55.675
Normal,6568,trace 3517,NPCCoping,0,FALSE,FALSE,0,12.03333333
Normal,6568,trace 3518,SATProof,1,FALSE,TRUE,0,14.05
Normal,6572,trace 3519,LanguagesFS,0,FALSE,TRUE,0.173913043,29.09333333
Normal,6572,trace 3520,GrammarIntroFS,0,FALSE,TRUE,0.073170732,26.68
Normal,6572,trace 3521,SetDefFS,0,FALSE,TRUE,0,18.74285714
Normal,6572,trace 3522,SetNotationFS,0,FALSE,TRUE,0.04,10.59166667
Normal,6572,trace 3523,RelationsFS,0,FALSE,TRUE,0.057142857,63.8
Normal,6572,trace 3524,EquivFS,0,TRUE,TRUE,0.25,24.29090909
Normal,6572,trace 3525,DFAintroFS,0,FALSE,TRUE,0.153846154,16.408
Normal,6572,trace 3526,DFAadvancedFS,0,FALSE,TRUE,0,25.58571429
Normal,6572,trace 3527,NFAFS,0,FALSE,TRUE,0,21.84444444
Normal,6572,trace 3528,NFAequivFS,0,FALSE,TRUE,0,4.4
Normal,6572,trace 3529,NFA2DFAlargeExFS,0,FALSE,TRUE,0,20.01176471
Normal,6572,trace 3530,DFAMinFS,0,FALSE,TRUE,0.086956522,25.23636364
Normal,6572,trace 3531,DFAMinEx1FS,0,FALSE,TRUE,0.111111111,8.691428571
Normal,6572,trace 3532,DFAMinEx2FS,0,FALSE,TRUE,0,14.48888889
Credit Seeking,6572,trace 3533,RegExFS,0,FALSE,TRUE,0.339622642,2697.138462
Normal,6572,trace 3534,RegEx2NFA1FS,0,FALSE,TRUE,0,53.52
Normal,6572,trace 3535,RegEx2NFAorFS,0,FALSE,TRUE,0,7.133333333
Normal,6572,trace 3536,RegEx2NFAcatFS,0,FALSE,TRUE,0.142857143,4.707692308
Normal,6572,trace 3537,RegEx2NFAstarFS,0,FALSE,TRUE,0,5.52
Credit Seeking,6572,trace 3538,RegEXtoNFAExampleFF,0,FALSE,TRUE,0.533333333,6.110344828
Normal,6572,trace 3539,ConvertRLREFF,0,FALSE,TRUE,0.047619048,49.51
Credit Seeking,6572,trace 3540,RegularGrammarFF,0,FALSE,TRUE,0.285714286,33.65294118
Credit Seeking,6572,trace 3541,NFAToREFF,0,FALSE,TRUE,0.333333333,51.70434783
Normal,6572,trace 3542,REtoFAExampleFF,0,FALSE,TRUE,0,19.525
Normal,6572,trace 3543,RightLinearRGFF,0,FALSE,TRUE,0,20.14666667
Normal,6572,trace 3544,NFAToReExampleFF,0,FALSE,TRUE,0,6.22
Normal,6572,trace 3545,LeftLinearGrammarFF,0,FALSE,TRUE,0.058823529,11.64242424
Normal,6572,trace 3546,RegEXtoRegGrammarFF,0,FALSE,TRUE,0.115384615,58.248
Normal,6572,trace 3547,RegEXtoLeftRegGrammarFF,0,FALSE,TRUE,0.037037037,19.00769231
Normal,6572,trace 3548,STA,0,FALSE,TRUE,0,19.86153846
Normal,6572,trace 3549,ClosureConceptFF,0,FALSE,TRUE,0.142857143,6.246153846
Normal,6572,trace 3550,ClosureRegularLangFF,0,FALSE,TRUE,0.095238095,9.51
Normal,6572,trace 3551,RegularLangClosedInterFF,0,FALSE,TRUE,0.222222222,7.890909091
Normal,6572,trace 3552,RightQuotientFF,0,FALSE,TRUE,0,8.508333333
Normal,6572,trace 3553,HomomorphismFF,0,FALSE,TRUE,0,6.466666667
Normal,6572,trace 3554,introToNonRegularFF,0,FALSE,TRUE,0.05,6.168421053
Normal,6572,trace 3555,introToPumpingFF,0,FALSE,TRUE,0,6.4
Normal,6572,trace 3556,PLExample1FF,0,TRUE,TRUE,0.068965517,45.02695652
Normal,6572,trace 3557,PLExample2FF,0,FALSE,TRUE,0.051282051,21.79210526
Normal,6572,trace 3558,PLExample3FF,0,FALSE,TRUE,0,4.471428571
Normal,6572,trace 3559,PLExample4FF,0,FALSE,FALSE,0,32.94864865
Normal,6572,trace 3560,PLExample3FF,1,FALSE,FALSE,0,21.36666667
Normal,6572,trace 3561,PLExample4FF,1,FALSE,FALSE,0,2.7
Normal,6572,trace 3563,PLExample4FF,1,FALSE,TRUE,0,42156.15
Normal,6572,trace 3564,PLExample5FF,0,FALSE,FALSE,0,38.37
Normal,6572,trace 3565,PLExample4FF,1,FALSE,FALSE,0.111111111,5.2625
Normal,6572,trace 3566,PLExample3FF,1,FALSE,FALSE,0.125,77.3
Normal,6572,trace 3568,PLExample5FF,1,FALSE,TRUE,0,17.35555556
Normal,6572,trace 3570,PLExample6FF,0,FALSE,TRUE,0.060606061,3.69375
Normal,6572,trace 3571,ClosurePropertiesFF,0,FALSE,TRUE,0,3.314285714
Normal,6572,trace 3572,ClosurePropertiesExample1FF,0,FALSE,TRUE,0.235294118,14.45
Normal,6572,trace 3573,ClosurePropertiesExample2FF,0,FALSE,TRUE,0,8.65
Normal,6572,trace 3574,ClosurePropertiesExample3FF,0,FALSE,TRUE,0,6.275
Normal,6572,trace 3575,ClosurePropertiesFF,1,TRUE,TRUE,0,3.55
Normal,6572,trace 3577,ClosurePropertiesExample3FF,1,TRUE,TRUE,0,6.314285714
Normal,6572,trace 3578,ClosurePropertiesFF,1,TRUE,TRUE,0,3.8
Normal,6572,trace 3579,introToNonRegularFF,1,FALSE,FALSE,0,4.683333333
Credit Seeking,6572,trace 3580,ContextFreeLanguagesFF,0,FALSE,TRUE,0.523076923,10.253125
Normal,6572,trace 3581,CFGDerivationsFF,0,FALSE,TRUE,0.035087719,10.94821429
Normal,6572,trace 3582,DerivationTreesFF,0,FALSE,TRUE,0,10.575
Normal,6572,trace 3583,MembershipProblemFF,0,FALSE,TRUE,0.172413793,57.32857143
Normal,6572,trace 3584,AmbiguityFF,0,FALSE,TRUE,0.193548387,757.4033333
Normal,6572,trace 3585,SetDefFS,1,TRUE,TRUE,0,3.84
Credit Seeking,6572,trace 3586,NFAequivFS,1,TRUE,TRUE,0.666666667,1.745454545
Normal,6572,trace 3587,DFAMinFS,1,FALSE,FALSE,0,1.05
Normal,6572,trace 3588,SetDefFS,1,TRUE,TRUE,0,3.733333333
Normal,6572,trace 3589,DFAMinFS,1,TRUE,TRUE,0,6.482352941
Normal,6572,trace 3590,DFAMinEx1FS,1,FALSE,FALSE,0,2.05
Normal,6572,trace 3591,RegEXtoNFAExampleFF,1,FALSE,FALSE,0,8.22
Credit Seeking,6572,trace 3593,ContextFreeLanguagesFF,1,FALSE,FALSE,0.5,5.157142857
Normal,6572,trace 3594,SetNotationFS,1,FALSE,FALSE,0,6.157142857
Normal,6572,trace 3595,introToNonRegularFF,1,TRUE,TRUE,0,3.813333333
Normal,6572,trace 3596,PLExample4FF,1,FALSE,FALSE,0,9.3875
Normal,6572,trace 3597,SetNotationFS,1,TRUE,TRUE,0,8.02
Credit Seeking,6572,trace 3598,ContextFreeLanguagesFF,1,FALSE,FALSE,0.636363636,33.14761905
Normal,6572,trace 3599,SetNotationFS,1,TRUE,FALSE,0,13.05
Normal,6572,trace 3601,PLExample4FF,1,FALSE,FALSE,0,1.05
Normal,6572,trace 3602,TransformGrammarsFF,0,FALSE,TRUE,0.032258065,10.60666667
Credit Seeking,6572,trace 3603,RemoveUselessFF,0,FALSE,TRUE,0.407407407,6.569811321
Normal,6572,trace 3604,RemoveLambdaFF,0,FALSE,TRUE,0.115384615,32.848
Credit Seeking,6572,trace 3605,RemoveUnitFF,0,FALSE,TRUE,0.505494505,11.05777778
Normal,6572,trace 3606,ChomskyNormalFormFF,0,FALSE,TRUE,0,38695.48
Credit Seeking,6572,trace 3607,GreibachNormalFormFF,0,FALSE,TRUE,0.351851852,2.494339623
Normal,6572,trace 3608,ChomskyNormalFormFF,1,FALSE,FALSE,0,1.05
Normal,6572,trace 3609,RemoveLambdaFF,1,FALSE,FALSE,0,2.35
Normal,6572,trace 3610,RemoveUnitFF,1,FALSE,FALSE,0.170212766,15.26304348
Credit Seeking,6572,trace 3611,PDA,0,FALSE,TRUE,0.540540541,5.255555556
Normal,6572,trace 3612,PDATransitionsFF,0,FALSE,TRUE,0,12.77142857
Normal,6572,trace 3613,PDAAcceptanceFF,0,FALSE,TRUE,0.137254902,33.584
Normal,6572,trace 3614,PDA,1,FALSE,FALSE,0,22.42
Normal,6572,trace 3615,PDATransitionsFF,1,FALSE,FALSE,0,10.03333333
Normal,6572,trace 3616,PDAAcceptanceFF,1,FALSE,FALSE,0,10.15714286
Normal,6572,trace 3618,PDAAcceptanceFF,1,FALSE,FALSE,0,72.79285714
Normal,6572,trace 3619,PDAEmptyStackAcceptanceFF,0,FALSE,TRUE,0.093023256,13.6
Normal,6572,trace 3620,PDAAcceptanceEquivalenceFF,0,FALSE,TRUE,0,377.05
Normal,6572,trace 3621,PDAEmptyStackAcceptanceFF,1,FALSE,FALSE,0,1.05
Normal,6572,trace 3622,PDAAcceptanceFF,1,FALSE,FALSE,0,1.05
Normal,6572,trace 3624,PDAAcceptanceFF,1,FALSE,FALSE,0,68355.675
Credit Seeking,6572,trace 3625,PDACFLFF,0,FALSE,TRUE,0.301204819,12.66097561
Normal,6572,trace 3626,DPDAFF,0,FALSE,TRUE,0.043478261,2.918181818
Normal,6572,trace 3627,NCFLProofFF,0,FALSE,TRUE,0,1.4
Normal,6572,trace 3628,NCFLversusDCFLFF,0,FALSE,TRUE,0,1.4
Normal,6572,trace 3629,GrammarsForDCFLFF,0,FALSE,TRUE,0,1.707692308
Normal,6572,trace 3630,CFLClosurePropertiesFF,0,FALSE,TRUE,0.225,2.005128205
Normal,6572,trace 3631,CFLPumpingLemmaFF,0,FALSE,TRUE,0,2.054545455
Credit Seeking,6572,trace 3632,CFLPumpingLemmaExample1FF,0,FALSE,TRUE,0.704918033,2.495604396
Normal,6572,trace 3633,CFLPumpingLemmaExample2FF,0,FALSE,FALSE,0.166666667,9675.353521
Normal,6572,trace 3634,CFLPumpingLemmaExample1FF,1,FALSE,FALSE,0,0.05
Normal,6572,trace 3635,CFLPumpingLemmaExample2FF,1,FALSE,FALSE,0.114285714,407.65
Normal,6572,trace 3636,CFLPumpingLemmaExample3FF,0,FALSE,TRUE,0.234042553,53.58913043
Normal,6572,trace 3637,CFLPumpingLemmaExample1FF,1,FALSE,FALSE,0,0.05
Normal,6572,trace 3638,CFLPumpingLemmaExample4FF,0,TRUE,TRUE,0.125,152.462069
Normal,6572,trace 3639,DPDAFF,1,FALSE,FALSE,0,25.0047619
Normal,6572,trace 3640,CFLClosurePropertiesFF,1,FALSE,FALSE,0,19.84736842
Normal,6572,trace 3641,ContextFreeLanguagesFF,1,FALSE,FALSE,0,5.016666667
Normal,6572,trace 3643,CFLPumpingLemmaExample2FF,1,FALSE,FALSE,0,3.02
Normal,6572,trace 3644,CFLPumpingLemmaExample3FF,1,FALSE,FALSE,0.25,1.366666667
Normal,6572,trace 3645,CFLPumpingLemmaExample2FF,1,FALSE,FALSE,0.111111111,20.6375
Credit Seeking,6572,trace 3646,CFLPumpingLemmaExample5FF,0,FALSE,TRUE,0.390243902,3.101234568
Normal,6572,trace 3647,TMGeneralModel,0,FALSE,TRUE,0.238938053,1306.840179
Normal,6572,trace 3648,TMInterpreting,0,FALSE,TRUE,0.148148148,36.50769231
Normal,6572,trace 3649,TMDecidableVSAcceptable,0,FALSE,FALSE,0,4.033333333
Normal,6572,trace 3650,TMInterpreting,1,FALSE,FALSE,0,3.82
Credit Seeking,6572,trace 3651,TMDecidableVSAcceptable,1,FALSE,FALSE,0.416666667,188.5545455
Normal,6572,trace 3652,TMGeneralModel,1,FALSE,FALSE,0,16.775
Normal,6572,trace 3653,TMComplicatedMachine3,0,FALSE,FALSE,0,1.7
Normal,6572,trace 3654,TMGeneralModel,1,FALSE,FALSE,0,1.05
Normal,6572,trace 3655,PairToSortCONPI,0,TRUE,TRUE,0.047619048,67.66
Normal,6572,trace 3656,LowerBound,0,TRUE,TRUE,0.083333333,148.3818182
Normal,6572,trace 3657,TwoMulExample,0,FALSE,TRUE,0,92.425
Normal,6572,trace 3658,TravelSalesman,0,FALSE,TRUE,0.086956522,3.736363636
Normal,6572,trace 3659,KClique,0,FALSE,TRUE,0.0625,4.213333333
Normal,6572,trace 3660,SATProof,0,FALSE,TRUE,0,1.766666667
Normal,6572,trace 3661,NPCCoping,0,FALSE,TRUE,0.176470588,2.0125
Normal,6572,trace 3664,LowerBound,1,TRUE,TRUE,0,0.1
Normal,6572,trace 3665,TMInterpreting,1,FALSE,FALSE,0,3.05
Normal,6572,trace 3666,TMDecidableVSAcceptable,1,TRUE,TRUE,0.1,11.11578947
Normal,6572,trace 3667,UnsolveableProblems1,0,TRUE,TRUE,0,45.81904762
Normal,6572,trace 3668,UnsolveableProblems2,0,FALSE,TRUE,0,2.457142857
Normal,6572,trace 3669,UnsolveableProblems1,1,TRUE,TRUE,0,59.68888889
Normal,6572,trace 3670,NFAequivFS,1,TRUE,TRUE,0.142857143,3.2
Normal,6572,trace 3671,TMComplicatedMachine3,1,FALSE,TRUE,0.064516129,2.073333333
Normal,6572,trace 3672,TravelSalesman,1,TRUE,TRUE,0,25.525
Normal,6572,trace 3673,TMGeneralModel,1,FALSE,FALSE,0.142857143,11.01666667
Credit Seeking,6572,trace 3675,NFAequivFS,1,TRUE,TRUE,0.428571429,0.7
Normal,6572,trace 3676,TravelSalesman,1,TRUE,TRUE,0,26.22173913
Normal,6572,trace 3677,PairToSortCONPI,1,TRUE,FALSE,0,7.4
Normal,6572,trace 3679,TMGeneralModel,1,FALSE,FALSE,0.153846154,148.5916667
Normal,6582,trace 3680,LanguagesFS,0,FALSE,TRUE,0,21.73513514
Normal,6582,trace 3681,GrammarIntroFS,0,FALSE,TRUE,0,28.85925926
Normal,6582,trace 3682,SetDefFS,0,FALSE,TRUE,0,386.7
Normal,6582,trace 3683,SetNotationFS,0,FALSE,TRUE,0,19.67619048
Normal,6582,trace 3684,DFAintroFS,0,FALSE,TRUE,0,21665.18824
Normal,6582,trace 3685,DFAadvancedFS,0,FALSE,TRUE,0,81.3
Normal,6582,trace 3686,NFAFS,0,FALSE,TRUE,0.192307692,19.808
Credit Seeking,6582,trace 3687,NFAequivFS,0,FALSE,TRUE,0.428571429,6.866666667
Normal,6582,trace 3688,NFA2DFAlargeExFS,0,FALSE,TRUE,0,17.11578947
Normal,6582,trace 3689,RegExFS,0,FALSE,TRUE,0.090909091,20.1625
Normal,6582,trace 3690,RegEx2NFA1FS,0,FALSE,TRUE,0,11.35555556
Normal,6582,trace 3691,RegEx2NFAorFS,0,FALSE,TRUE,0,8.457142857
Normal,6582,trace 3692,RegEx2NFAcatFS,0,FALSE,TRUE,0,27.91111111
Normal,6582,trace 3693,RegEx2NFAstarFS,0,FALSE,TRUE,0,8.171428571
Normal,6582,trace 3694,RegEXtoNFAExampleFF,0,FALSE,TRUE,0.222222222,23.07058824
Normal,6582,trace 3695,ConvertRLREFF,0,FALSE,TRUE,0,47.16842105
Normal,6582,trace 3696,ClosureConceptFF,0,FALSE,TRUE,0.083333333,154.1090909
Normal,6582,trace 3697,ClosureRegularLangFF,0,FALSE,TRUE,0.105263158,13.62222222
Normal,6582,trace 3699,introToNonRegularFF,0,FALSE,TRUE,0,10.4
Normal,6582,trace 3700,introToPumpingFF,0,FALSE,TRUE,0,9.025
Normal,6582,trace 3701,RegularLangClosedInterFF,0,FALSE,TRUE,0,76.88333333
Normal,6582,trace 3702,RightQuotientFF,0,FALSE,TRUE,0,18.90666667
Normal,6582,trace 3703,HomomorphismFF,0,FALSE,TRUE,0,10.24444444
Normal,6582,trace 3704,PLExample1FF,0,FALSE,FALSE,0.103448276,10142.75357
Normal,6582,trace 3705,ClosurePropertiesFF,0,FALSE,TRUE,0,6.55
Normal,6582,trace 3706,ClosurePropertiesExample1FF,0,FALSE,TRUE,0,26.72
Normal,6582,trace 3707,ClosurePropertiesExample2FF,0,FALSE,TRUE,0,35.02857143
Normal,6582,trace 3708,ClosurePropertiesExample3FF,0,FALSE,TRUE,0,6.4
Normal,6582,trace 3709,RightQuotientFF,1,FALSE,FALSE,0,3.05
Credit Seeking,6582,trace 3710,ContextFreeLanguagesFF,0,FALSE,TRUE,0.425531915,53.78695652
Normal,6582,trace 3711,CFGDerivationsFF,0,FALSE,TRUE,0,566.5142857
Normal,6582,trace 3712,DerivationTreesFF,0,TRUE,TRUE,0.058823529,14.7625
Normal,6582,trace 3713,MembershipProblemFF,0,FALSE,TRUE,0,3516.16
Normal,6582,trace 3714,AmbiguityFF,0,FALSE,TRUE,0.045454545,16519.77143
Normal,6582,trace 3715,TransformGrammarsFF,0,FALSE,TRUE,0,55.728
Normal,6582,trace 3716,PDA,0,FALSE,TRUE,0.058823529,25.325
Normal,6582,trace 3717,PDATransitionsFF,0,FALSE,TRUE,0,15.48235294
Normal,6582,trace 3718,PDAAcceptanceFF,0,FALSE,TRUE,0,8.634285714
Normal,6582,trace 3719,PDAEmptyStackAcceptanceFF,0,FALSE,TRUE,0,34.47777778
Normal,6582,trace 3720,PDAAcceptanceEquivalenceFF,0,FALSE,TRUE,0,242.1157895
Normal,6582,trace 3721,PDACFLFF,0,FALSE,FALSE,0,76.34166667
Normal,6582,trace 3722,GreibachNormalFormFF,0,FALSE,FALSE,0,5.275
Normal,6582,trace 3724,RemoveLambdaFF,0,FALSE,TRUE,0.052631579,60.23333333
Normal,6582,trace 3725,RemoveUnitFF,0,FALSE,FALSE,0.1,18.84736842
Normal,6582,trace 3726,RemoveUselessFF,0,FALSE,FALSE,0,9.677777778
Credit Seeking,6582,trace 3727,ChomskyNormalFormFF,0,FALSE,FALSE,0.428571429,3.35
Normal,6582,trace 3728,RemoveUselessFF,1,FALSE,FALSE,0,9.683333333
Normal,6582,trace 3729,ChomskyNormalFormFF,1,FALSE,TRUE,0,19.47692308
Normal,6582,trace 3730,GreibachNormalFormFF,1,FALSE,TRUE,0.147058824,1527.063636
Normal,6582,trace 3731,PDACFLFF,1,FALSE,FALSE,0.111111111,18.47647059
Normal,6582,trace 3732,PDAAcceptanceEquivalenceFF,1,FALSE,FALSE,0,436.05
Normal,6582,trace 3733,PDACFLFF,1,FALSE,TRUE,0,8.344444444
Normal,6582,trace 3734,DPDAFF,0,FALSE,TRUE,0.05,78.16842105
Normal,6582,trace 3735,NCFLProofFF,0,FALSE,TRUE,0,13.68888889
Normal,6582,trace 3736,NCFLversusDCFLFF,0,FALSE,TRUE,0,3.457142857
Normal,6582,trace 3737,GrammarsForDCFLFF,0,FALSE,TRUE,0,59.29090909
Normal,6582,trace 3738,CFLClosurePropertiesFF,0,FALSE,TRUE,0,204.3904762
Normal,6582,trace 3739,GrammarsForDCFLFF,1,TRUE,TRUE,0,21.275
Normal,6582,trace 3740,RemoveLambdaFF,1,FALSE,FALSE,0,8.525
Normal,6582,trace 3741,RemoveUnitFF,1,FALSE,FALSE,0,30.41
Normal,6582,trace 3742,RemoveUselessFF,1,FALSE,TRUE,0,42.64210526
Normal,6582,trace 3744,CFLPumpingLemmaFF,0,FALSE,TRUE,0,2.177777778
Normal,6582,trace 3745,CFLPumpingLemmaExample1FF,0,FALSE,FALSE,0.086956522,109.0954545
Normal,6582,trace 3746,CFLPumpingLemmaExample2FF,0,FALSE,FALSE,0.041666667,5.873913043
Normal,6582,trace 3747,CFLPumpingLemmaExample1FF,1,FALSE,TRUE,0,46.6
Normal,6582,trace 3748,TMGeneralModel,0,FALSE,TRUE,0.054545455,28.63333333
Normal,6582,trace 3749,TMInterpreting,0,FALSE,TRUE,0.05,43.64210526
Normal,6582,trace 3750,TMDecidableVSAcceptable,0,FALSE,TRUE,0,11.42
Normal,6582,trace 3751,TMComplicatedMachine3,0,FALSE,TRUE,0,10.1047619
Normal,6582,trace 3752,PairToSortCONPI,0,FALSE,TRUE,0,85.10909091
Normal,6582,trace 3753,LowerBound,0,FALSE,TRUE,0.1,107.3555556
Normal,6582,trace 3754,TwoMulExample,0,FALSE,TRUE,0.055555556,14355.6
Normal,6582,trace 3755,UnsolveableProblems1,0,FALSE,TRUE,0,57.525
Normal,6582,trace 3756,TravelSalesman,0,FALSE,TRUE,0,144.1466667
Normal,6582,trace 3757,KClique,0,FALSE,TRUE,0,33.2
Normal,6582,trace 3758,SATProof,0,FALSE,TRUE,0,95743.9
Normal,6582,trace 3759,NPCCoping,0,FALSE,TRUE,0,456.92
Normal,6582,trace 3760,UnsolveableProblems2,0,FALSE,TRUE,0,63.03333333
Normal,6582,trace 3761,RelationsFS,0,FALSE,TRUE,0.0625,31590.41333
Normal,6582,trace 3762,EquivFS,0,FALSE,TRUE,0.111111111,11.775
Normal,6590,trace 3763,introToNonRegularFF,0,FALSE,FALSE,0,29.82
Normal,6609,trace 3764,introToNonRegularFF,0,FALSE,TRUE,0,17.54666667
Normal,6609,trace 3765,introToPumpingFF,0,FALSE,TRUE,0,5.275
Normal,6609,trace 3766,PLExample1FF,0,FALSE,TRUE,0.084745763,8.262068966
Normal,6609,trace 3767,PLExample2FF,0,FALSE,TRUE,0.0625,6759.03871
Normal,6609,trace 3768,PLExample3FF,0,FALSE,TRUE,0,12.79285714
Normal,6609,trace 3769,PLExample4FF,0,FALSE,FALSE,0,3.366666667
Normal,6609,trace 3770,FADefinitionsFF,0,FALSE,TRUE,0,22.01666667
Normal,6609,trace 3771,NFA,0,FALSE,FALSE,0.210526316,13.84444444
Normal,6609,trace 3773,PLExample4FF,1,FALSE,TRUE,0.033333333,5.455172414
Normal,6609,trace 3774,PLExample5FF,0,FALSE,TRUE,0,15.12307692
Normal,6609,trace 3775,PLExample6FF,0,FALSE,TRUE,0.088235294,3.642424242
Normal,6609,trace 3776,ClosurePropertiesFF,0,FALSE,TRUE,0,18.64
Credit Seeking,6609,trace 3777,ClosurePropertiesExample1FF,0,FALSE,TRUE,0.294117647,4.825
Normal,6609,trace 3778,ClosurePropertiesExample2FF,0,FALSE,TRUE,0,1.911111111
Normal,6609,trace 3779,ClosurePropertiesExample3FF,0,FALSE,TRUE,0,2.32
Normal,6609,trace 3780,DerivationTreesFF,0,FALSE,FALSE,0,7.85
Credit Seeking,6609,trace 3781,CFGDerivationsFF,0,FALSE,FALSE,0.363636364,2.61
Normal,6609,trace 3782,DerivationTreesFF,1,FALSE,FALSE,0,65.7
Normal,6609,trace 3783,TransformGrammarsFF,0,FALSE,FALSE,0,5.871428571
Normal,6609,trace 3784,RemoveUselessFF,0,FALSE,FALSE,0.076923077,5.175
Normal,6609,trace 3785,RemoveLambdaFF,0,FALSE,FALSE,0,5.871428571
Normal,6609,trace 3786,RemoveUnitFF,0,FALSE,FALSE,0,7.014285714
Credit Seeking,6609,trace 3788,DPDAFF,0,FALSE,FALSE,0.5,2.788888889
Credit Seeking,6609,trace 3789,PDA,0,FALSE,TRUE,0.514285714,64.56470588
Normal,6609,trace 3790,PDATransitionsFF,0,FALSE,TRUE,0,16.37272727
Normal,6609,trace 3791,PDAAcceptanceFF,0,FALSE,FALSE,0.111111111,5.987096774
Normal,6609,trace 3792,PDAEmptyStackAcceptanceFF,0,FALSE,FALSE,0,0.1
Normal,6609,trace 3793,PDAAcceptanceFF,1,FALSE,TRUE,0,0.066666667
Normal,6609,trace 3794,PDAEmptyStackAcceptanceFF,1,FALSE,TRUE,0.132075472,34.92692308
Normal,6609,trace 3795,PDAAcceptanceEquivalenceFF,0,FALSE,TRUE,0,2.269565217
Normal,6609,trace 3796,PDAAcceptanceFF,1,FALSE,FALSE,0,4.7
Normal,6609,trace 3797,CFLClosurePropertiesFF,0,FALSE,TRUE,0.243902439,275.4525
Normal,6609,trace 3798,CFLPumpingLemmaFF,0,FALSE,TRUE,0,49.81
Credit Seeking,6609,trace 3799,CFLPumpingLemmaExample1FF,0,FALSE,TRUE,0.390625,9.003174603
Normal,6609,trace 3800,CFLPumpingLemmaExample2FF,0,FALSE,TRUE,0.272727273,8342.911111
Normal,6609,trace 3801,CFLPumpingLemmaExample3FF,0,FALSE,TRUE,0.083333333,9.662857143
Normal,6609,trace 3802,CFLPumpingLemmaExample4FF,0,FALSE,TRUE,0.172413793,4.512280702
Normal,6609,trace 3803,CFLPumpingLemmaExample5FF,0,FALSE,TRUE,0.196078431,4.104
Normal,6609,trace 3804,TMGeneralModel,0,FALSE,TRUE,0.170731707,4.582716049
Normal,6609,trace 3805,TMInterpreting,0,FALSE,TRUE,0.194444444,3.005714286
Normal,6609,trace 3806,TMDecidableVSAcceptable,0,FALSE,TRUE,0.25,2.852631579
Credit Seeking,6609,trace 3807,CFLPumpingLemmaExample1FF,1,FALSE,FALSE,0.75,1.745454545
Credit Seeking,6609,trace 3808,PairToSortCONPI,0,FALSE,TRUE,0.407407407,9854.507692
Normal,6609,trace 3809,LowerBound,0,TRUE,TRUE,0.02173913,1.871111111
Normal,6609,trace 3810,TwoMulExample,0,FALSE,TRUE,0,2.378947368
Credit Seeking,6609,trace 3811,TravelSalesman,0,FALSE,TRUE,0.46875,4.522580645
Normal,6609,trace 3812,KClique,0,FALSE,TRUE,0,2.476923077
Normal,6609,trace 3813,SATProof,0,FALSE,TRUE,0,2.014285714
Normal,6609,trace 3814,NPCCoping,0,FALSE,TRUE,0.2,2.442857143
Normal,6609,trace 3815,UnsolveableProblems1,0,FALSE,TRUE,0,2.290909091
Normal,6609,trace 3816,UnsolveableProblems2,0,FALSE,TRUE,0,2.15
Credit Seeking,6609,trace 3817,ContextFreeLanguagesFF,0,FALSE,FALSE,0.714285714,195.0166667
Normal,6613,trace 3818,introToNonRegularFF,0,FALSE,TRUE,0.055555556,5.247058824
Normal,6613,trace 3819,introToPumpingFF,0,FALSE,TRUE,0,8.12
Normal,6613,trace 3820,PLExample1FF,0,FALSE,TRUE,0,12.79433962
Normal,6613,trace 3821,ClosureConceptFF,0,FALSE,TRUE,0.0625,4.813333333
Normal,6613,trace 3822,ClosureRegularLangFF,0,FALSE,TRUE,0,7.129411765
Normal,6613,trace 3823,RegularLangClosedInterFF,0,FALSE,TRUE,0.255813953,6.338095238
Normal,6613,trace 3824,RightQuotientFF,0,FALSE,TRUE,0.054054054,6.422222222
Normal,6613,trace 3825,PLExample2FF,0,FALSE,FALSE,0.083333333,9.308695652
Normal,6613,trace 3826,PLExample6FF,0,FALSE,FALSE,0,6.62
Normal,6613,trace 3827,PLExample4FF,0,FALSE,FALSE,0,9.321052632
Normal,6613,trace 3828,HomomorphismFF,0,FALSE,TRUE,0.133333333,6.371428571
Normal,6613,trace 3829,PLExample1FF,1,FALSE,FALSE,0,12.525
Normal,6613,trace 3830,PLExample4FF,1,FALSE,FALSE,0,94.01666667
Normal,6613,trace 3831,PLExample3FF,0,FALSE,FALSE,0,82.22777778
Normal,6613,trace 3832,ClosurePropertiesFF,0,FALSE,TRUE,0,1.4
Normal,6613,trace 3833,ClosurePropertiesExample1FF,0,FALSE,TRUE,0,3.2
Normal,6613,trace 3834,ClosurePropertiesExample3FF,0,FALSE,FALSE,0,5.016666667
Normal,6613,trace 3835,ClosurePropertiesExample2FF,0,FALSE,TRUE,0,4.885714286
Normal,6613,trace 3836,MajorConceptsFF,0,FALSE,TRUE,0.208333333,6.217021277
Credit Seeking,6613,trace 3837,GrammarIntroFF,0,FALSE,TRUE,0.357142857,3.385454545
Credit Seeking,6613,trace 3838,ContextFreeLanguagesFF,0,FALSE,TRUE,0.466666667,10.41016949
Normal,6613,trace 3839,CFGDerivationsFF,0,FALSE,TRUE,0.035087719,12.36071429
Normal,6613,trace 3840,DerivationTreesFF,0,FALSE,FALSE,0,8.01
Credit Seeking,6613,trace 3841,MembershipProblemFF,0,FALSE,FALSE,0.55,14.32631579
Normal,6613,trace 3842,AmbiguityFF,0,FALSE,TRUE,0.041666667,9.704347826
Normal,6613,trace 3843,TransformGrammarsFF,0,FALSE,TRUE,0,15.42068966
Credit Seeking,6613,trace 3844,RemoveUselessFF,0,FALSE,TRUE,0.377358491,7.85
Normal,6613,trace 3845,RemoveLambdaFF,0,TRUE,TRUE,0,7.536842105
Normal,6613,trace 3846,RemoveUnitFF,0,FALSE,TRUE,0.15,7.133333333
Normal,6613,trace 3847,ChomskyNormalFormFF,0,FALSE,TRUE,0,8.28
Credit Seeking,6613,trace 3848,GreibachNormalFormFF,0,FALSE,TRUE,0.679245283,5.325714286
Normal,6613,trace 3849,SetDefFF,0,FALSE,FALSE,0,0.55
Normal,6613,trace 3850,PLExample1FF,1,FALSE,FALSE,0,10.7
Normal,6613,trace 3852,SetCommonSymbolsFF,0,FALSE,FALSE,0.12,5.504166667
Credit Seeking,6613,trace 3853,RegularGrammarFF,0,FALSE,TRUE,0.41025641,4.952631579
Normal,6613,trace 3854,NFAToREFF,0,FALSE,TRUE,0,6.48
Normal,6613,trace 3855,REtoFAExampleFF,0,FALSE,TRUE,0,4.244444444
Normal,6613,trace 3856,RightLinearRGFF,0,FALSE,TRUE,0,5.157142857
Normal,6613,trace 3857,LeftLinearGrammarFF,0,FALSE,TRUE,0.029411765,17.00606061
Normal,6613,trace 3858,SetDefFF,1,FALSE,TRUE,0,6.033333333
Credit Seeking,6613,trace 3859,SetCommonSymbolsFF,1,FALSE,TRUE,0.523809524,4.76
Normal,6613,trace 3860,RelationsFF,0,FALSE,TRUE,0.130434783,6.918181818
Normal,6613,trace 3861,MathProofFF,0,FALSE,TRUE,0.076923077,7.048
Normal,6613,trace 3862,ContinuedMathProofFF,0,FALSE,TRUE,0.076923077,3.168
Normal,6613,trace 3863,InductionProofExample1FF,0,FALSE,TRUE,0.16,3.675
Normal,6613,trace 3864,InductionProofExample2FF,0,FALSE,FALSE,0.2,0.3
Normal,6613,trace 3866,InductionProofExample2FF,1,FALSE,TRUE,0.090909091,3.02
Normal,6613,trace 3867,PDA,0,FALSE,TRUE,0,7.683333333
Normal,6613,trace 3868,PDATransitionsFF,0,FALSE,TRUE,0,8.247619048
Normal,6613,trace 3869,PDAAcceptanceFF,0,FALSE,TRUE,0,5.262857143
Normal,6613,trace 3870,PDAEmptyStackAcceptanceFF,0,FALSE,TRUE,0,4.691428571
Normal,6613,trace 3871,PDAAcceptanceEquivalenceFF,0,FALSE,TRUE,0.25,3.044444444
Normal,6613,trace 3872,RemoveUselessFF,1,FALSE,FALSE,0,4.183333333
Normal,6613,trace 3873,RemoveLambdaFF,1,TRUE,FALSE,0,6.677777778
Credit Seeking,6613,trace 3875,GreibachNormalFormFF,1,FALSE,FALSE,0.4,1.025
Normal,6613,trace 3876,CFLClosurePropertiesFF,0,FALSE,FALSE,0,3.55
Normal,6613,trace 3877,PDACFLFF,0,FALSE,TRUE,0.065217391,7.115555556
Normal,6613,trace 3878,GrammarsForDCFLFF,0,FALSE,TRUE,0.083333333,11.2
Normal,6613,trace 3880,GrammarsForDCFLFF,1,TRUE,TRUE,0,0.1
Credit Seeking,6613,trace 3881,CFLClosurePropertiesFF,1,FALSE,FALSE,0.535714286,2.262962963
Credit Seeking,6613,trace 3882,DPDAFF,0,FALSE,FALSE,0.558823529,3.184848485
Normal,6613,trace 3883,PDACFLFF,1,FALSE,FALSE,0,5.683333333
Normal,6613,trace 3884,CFLClosurePropertiesFF,1,FALSE,TRUE,0,10.02222222
Normal,6613,trace 3885,CFLPumpingLemmaFF,0,FALSE,TRUE,0,10.22105263
Credit Seeking,6613,trace 3886,CFLPumpingLemmaExample1FF,0,FALSE,TRUE,0.339285714,347.5490909
Normal,6613,trace 3887,TMGeneralModel,0,FALSE,TRUE,0.253164557,6.438461538
Normal,6613,trace 3888,TMInterpreting,0,FALSE,TRUE,0.08,14.84166667
Normal,6613,trace 3889,TMDecidableVSAcceptable,0,FALSE,TRUE,0,9.72
Credit Seeking,6613,trace 3890,RegularExpressionsFF,0,FALSE,TRUE,0.684210526,4.682978723
Normal,6613,trace 3891,RegEXandRegLangFF,0,FALSE,TRUE,0.052631579,2.955555556
Normal,6613,trace 3892,RegEXandRegLangORFF,0,FALSE,TRUE,0.066666667,2.728571429
Normal,6613,trace 3893,RegEXandRegLangConcatFF,0,FALSE,TRUE,0.15,2.852631579
Normal,6613,trace 3894,RegEXandRegLangStarFF,0,FALSE,TRUE,0.071428571,2.553846154
Normal,6613,trace 3895,RegEXtoNFAExampleFF,0,FALSE,TRUE,0.0625,4.346666667
Normal,6613,trace 3896,ConvertRLREFF,0,FALSE,TRUE,0.1,3.694736842
Normal,6613,trace 3897,MembershipProblemFF,1,FALSE,TRUE,0.111111111,3.658823529
Normal,6613,trace 3898,NFAToReExampleFF,0,FALSE,TRUE,0.125,2.146666667
Credit Seeking,6613,trace 3899,RegEXtoRegGrammarFF,0,FALSE,TRUE,0.4,2.308474576
Normal,6613,trace 3900,RegEXtoLeftRegGrammarFF,0,FALSE,TRUE,0.2,2.209090909
Normal,6613,trace 3901,STA,0,FALSE,TRUE,0,1.346666667
Normal,6613,trace 3902,PairToSortCONPI,0,FALSE,TRUE,0,21.44285714
Normal,6613,trace 3904,CFLPumpingLemmaExample2FF,0,FALSE,TRUE,0.209302326,12.64761905
Normal,6613,trace 3905,CFLPumpingLemmaExample3FF,0,FALSE,TRUE,0,6.65
Normal,6613,trace 3906,CFLPumpingLemmaExample4FF,0,FALSE,TRUE,0,15.38974359
Normal,6613,trace 3907,CFLPumpingLemmaExample5FF,0,FALSE,TRUE,0,7.005263158
Credit Seeking,6613,trace 3908,DPDAFF,1,FALSE,TRUE,0.683333333,3.647457627
Normal,6613,trace 3909,NCFLProofFF,0,FALSE,TRUE,0,8.290909091
Normal,6613,trace 3910,NCFLversusDCFLFF,0,FALSE,TRUE,0,2.275
Normal,6613,trace 3911,GrammarsForDCFLFF,1,TRUE,TRUE,0,6.2
Normal,6613,trace 3912,CFLClosurePropertiesFF,1,FALSE,FALSE,0,7.033333333
Normal,6613,trace 3913,LowerBound,0,TRUE,TRUE,0.083333333,24.2
Normal,6613,trace 3914,TwoMulExample,0,FALSE,TRUE,0.1,3.378947368
Credit Seeking,6613,trace 3915,TravelSalesman,0,FALSE,TRUE,0.52173913,1.604444444
Normal,6613,trace 3916,KClique,0,FALSE,TRUE,0.176470588,1.95
Normal,6613,trace 3917,SATProof,0,FALSE,FALSE,0,1.05
Normal,6613,trace 3918,UnsolveableProblems1,0,FALSE,TRUE,0.083333333,47.92727273
Normal,6613,trace 3919,UnsolveableProblems2,0,FALSE,TRUE,0,401.4571429
Normal,6615,trace 3924,SetDefFF,0,FALSE,TRUE,0,5.44
Normal,6615,trace 3925,SetCommonSymbolsFF,0,FALSE,TRUE,0.115384615,6.368
Normal,6615,trace 3926,MajorConceptsFF,0,FALSE,TRUE,0.2,9.718367347
Credit Seeking,6615,trace 3927,DFAFF,0,FALSE,FALSE,0.375,31.27333333
Normal,6615,trace 3928,LeftLinearGrammarFF,0,FALSE,TRUE,0.025641026,21.37105263
Normal,6615,trace 3929,TransformGrammarsFF,0,FALSE,TRUE,0,10.00666667
Credit Seeking,6615,trace 3930,RemoveUselessFF,0,FALSE,FALSE,0.607843137,58.584
Normal,6615,trace 3931,RemoveLambdaFF,0,FALSE,TRUE,0.095238095,9.16
Normal,6615,trace 3932,ChomskyNormalFormFF,0,FALSE,FALSE,0,1.55
Normal,6615,trace 3933,RemoveUnitFF,0,FALSE,FALSE,0.1,8.057894737
Credit Seeking,6615,trace 3934,RemoveUselessFF,1,FALSE,FALSE,0.625,6.457142857
Credit Seeking,6615,trace 3935,RemoveUnitFF,1,FALSE,TRUE,0.477272727,44.84186047
Normal,6615,trace 3936,ChomskyNormalFormFF,1,FALSE,TRUE,0,7.015384615
Normal,6615,trace 3937,GreibachNormalFormFF,0,FALSE,TRUE,0.105263158,8.032432432
Normal,6615,trace 3938,TransformGrammarsFF,1,FALSE,FALSE,0,41.55
Normal,6615,trace 3939,GreibachNormalFormFF,1,FALSE,FALSE,0,87.55
Credit Seeking,6615,trace 3940,RemoveUselessFF,1,FALSE,FALSE,0.666666667,5.1375
Normal,6615,trace 3941,PDACFLFF,0,FALSE,TRUE,0.275362319,5.797058824
Normal,6615,trace 3942,GrammarsForDCFLFF,0,FALSE,TRUE,0,123.5636364
Normal,6615,trace 3944,NCFLversusDCFLFF,0,FALSE,TRUE,0,4.022222222
Credit Seeking,6615,trace 3945,DPDAFF,0,FALSE,TRUE,0.816513761,5.844444444
Normal,6615,trace 3946,CFLPumpingLemmaFF,0,FALSE,TRUE,0.115384615,25.968
Credit Seeking,6615,trace 3947,CFLPumpingLemmaExample5FF,0,FALSE,FALSE,0.565217391,25.69090909
Normal,6615,trace 3948,CFLPumpingLemmaExample3FF,0,FALSE,FALSE,0.153846154,4.008333333
Normal,6615,trace 3949,CFLPumpingLemmaExample2FF,0,FALSE,TRUE,0.130434783,15.31555556
Credit Seeking,6615,trace 3950,PairToSortCONPI,0,FALSE,TRUE,0.307692308,88.408
Normal,6615,trace 3951,SATProof,0,FALSE,FALSE,0,9.516666667
Normal,6615,trace 3952,NPCCoping,0,FALSE,FALSE,0,10.02222222
Normal,6615,trace 3953,UnsolveableProblems1,0,FALSE,FALSE,0,9.025
Normal,6615,trace 3954,NPCCoping,1,FALSE,FALSE,0,0.1
Normal,6615,trace 3955,UnsolveableProblems1,1,FALSE,TRUE,0.090909091,32790.22
Credit Seeking,6616,trace 3956,LanguagesFS,0,FALSE,TRUE,0.757763975,9.30125
Normal,6616,trace 3957,GrammarIntroFS,0,FALSE,TRUE,0.057142857,24.50588235
Normal,6616,trace 3958,LanguagesFS,1,TRUE,TRUE,0.144444444,19294.76629
Normal,6616,trace 3959,SetDefFS,0,FALSE,TRUE,0,13.8
Normal,6616,trace 3960,SetNotationFS,0,FALSE,TRUE,0.037037037,22.2
Normal,6616,trace 3961,RelationsFS,0,FALSE,TRUE,0.095238095,47.96
Normal,6616,trace 3962,EquivFS,0,TRUE,TRUE,0,42.74285714
Credit Seeking,6616,trace 3963,DFAintroFS,0,FALSE,TRUE,0.642857143,16.89454545
Normal,6616,trace 3964,DFAadvancedFS,0,FALSE,TRUE,0,22.78461538
Normal,6630,trace 3965,introToNonRegularFF,0,FALSE,TRUE,0,10.01428571
Normal,6630,trace 3966,introToPumpingFF,0,FALSE,TRUE,0,8.4
Normal,6630,trace 3967,PLExample1FF,0,FALSE,FALSE,0.076923077,6.924
Normal,6630,trace 3968,ClosurePropertiesExample1FF,0,FALSE,TRUE,0,12.62
Normal,6630,trace 3969,ClosurePropertiesExample2FF,0,FALSE,TRUE,0,25.12
Normal,6630,trace 3970,ClosurePropertiesExample3FF,0,FALSE,TRUE,0,7.025
Credit Seeking,6630,trace 3971,ContextFreeLanguagesFF,0,FALSE,FALSE,0.821428571,5.6
Normal,6630,trace 3972,CFGDerivationsFF,0,FALSE,TRUE,0.123076923,8.940625
Normal,6630,trace 3973,DerivationTreesFF,0,FALSE,FALSE,0,8.364285714
Normal,6630,trace 3974,AmbiguityFF,0,FALSE,TRUE,0.04,6.216666667
Normal,6630,trace 3975,MajorConceptsFF,0,FALSE,TRUE,0.152173913,62.42666667
Normal,6630,trace 3976,GrammarIntroFF,0,FALSE,TRUE,0,27.38823529
Normal,6630,trace 3977,SetDefFF,0,FALSE,TRUE,0,12.36666667
Normal,6630,trace 3978,SetCommonSymbolsFF,0,FALSE,TRUE,0.242424242,11.7875
Normal,6630,trace 3979,RelationsFF,0,FALSE,TRUE,0.173913043,13.78181818
Normal,6630,trace 3980,MathProofFF,0,FALSE,FALSE,0,0.55
Normal,6630,trace 3981,DFAFF,0,FALSE,TRUE,0.09375,73.00645161
Normal,6630,trace 3983,NFA,0,FALSE,TRUE,0,28.46
Normal,6630,trace 3984,NFA2DFAFrames,0,FALSE,TRUE,0,7.8
Normal,6630,trace 3985,DFAMinimizationFF,0,FALSE,FALSE,0.071428571,231.4692308
Normal,6630,trace 3986,PLExample1FF,1,FALSE,FALSE,0,7.014285714
Normal,6630,trace 3987,LeftLinearGrammarFF,0,FALSE,TRUE,0.141176471,147.5607143
Credit Seeking,6630,trace 3988,PDA,0,FALSE,FALSE,0.75,42.23428571
Normal,6630,trace 3989,PDATransitionsFF,0,FALSE,FALSE,0.136363636,17.29047619
Credit Seeking,6630,trace 3990,PDA,1,FALSE,FALSE,0.666666667,1.65
Normal,6630,trace 3991,PDATransitionsFF,1,FALSE,TRUE,0,6.05
Normal,6630,trace 3992,PDAAcceptanceFF,0,FALSE,TRUE,0.02173913,101.2266667
Normal,6630,trace 3993,PDA,1,FALSE,TRUE,0.142857143,1.7
Normal,6630,trace 3994,PDAEmptyStackAcceptanceFF,0,FALSE,TRUE,0,27.87027027
Normal,6630,trace 3995,PDAAcceptanceEquivalenceFF,0,FALSE,TRUE,0.266666667,3.420689655
Normal,6630,trace 3996,PDACFLFF,0,FALSE,FALSE,0.272727273,47.13148148
Credit Seeking,6630,trace 3997,PDA,1,TRUE,TRUE,0.444444444,21.71764706
Normal,6630,trace 3998,PDATransitionsFF,1,TRUE,TRUE,0.043478261,10.87272727
Normal,6630,trace 3999,PDAAcceptanceFF,1,TRUE,TRUE,0,11.27317073
Normal,6630,trace 4000,PDAAcceptanceEquivalenceFF,1,FALSE,FALSE,0,9.366666667
Normal,6630,trace 4001,PDACFLFF,1,FALSE,TRUE,0.132075472,17.44615385
Normal,6630,trace 4002,DPDAFF,0,FALSE,TRUE,0,17.95294118
Normal,6630,trace 4003,NCFLProofFF,0,FALSE,TRUE,0,7.12
Normal,6630,trace 4004,NCFLversusDCFLFF,0,FALSE,TRUE,0,7.15
Normal,6630,trace 4005,GrammarsForDCFLFF,0,FALSE,TRUE,0,7.861538462
Normal,6630,trace 4006,CFLClosurePropertiesFF,0,FALSE,TRUE,0,11.00833333
Normal,6630,trace 4007,CFLPumpingLemmaFF,0,FALSE,TRUE,0.125,4.269565217
Normal,6630,trace 4008,TMGeneralModel,0,FALSE,TRUE,0.171052632,17.96266667
Normal,6630,trace 4009,TMDecidableVSAcceptable,0,FALSE,TRUE,0.076923077,62.18333333
Normal,6630,trace 4010,PairToSortCONPI,0,FALSE,FALSE,0,24.82
Normal,6630,trace 4011,LowerBound,0,FALSE,FALSE,0,49.04
Normal,6630,trace 4012,TwoMulExample,0,FALSE,FALSE,0,3.02
Normal,6630,trace 4013,TravelSalesman,0,FALSE,TRUE,0.25,7.303703704
Normal,6630,trace 4014,NFA2DFAFrames,1,FALSE,FALSE,0,1034.55
Normal,6630,trace 4015,PairToSortCONPI,1,FALSE,TRUE,0.266666667,2.585714286
Normal,6630,trace 4016,LowerBound,1,FALSE,TRUE,0.166666667,4.04
Normal,6630,trace 4017,TwoMulExample,1,FALSE,TRUE,0,3.085714286
Normal,6630,trace 4018,TravelSalesman,1,TRUE,TRUE,0,13.2
Normal,6630,trace 4019,SATProof,0,FALSE,TRUE,0.133333333,8.371428571
Normal,6630,trace 4020,NPCCoping,0,FALSE,FALSE,0.153846154,14.25833333
Normal,6630,trace 4021,UnsolveableProblems1,0,FALSE,TRUE,0,20.24444444
Normal,6630,trace 4022,UnsolveableProblems2,0,FALSE,TRUE,0,13.45714286
Normal,6630,trace 4023,UnsolveableProblems1,1,TRUE,TRUE,0,0.1
Normal,6630,trace 4024,KClique,0,FALSE,FALSE,0,0.1
Normal,6630,trace 4025,UnsolveableProblems1,1,TRUE,TRUE,0,0.1
Credit Seeking,6630,trace 4026,KClique,1,FALSE,FALSE,0.75,10.56363636
Normal,6630,trace 4027,NPCCoping,1,FALSE,TRUE,0.25,3.171428571
Credit Seeking,6630,trace 4028,KClique,1,FALSE,TRUE,0.428571429,4.61
Normal,6652,trace 4029,introToNonRegularFF,0,FALSE,TRUE,0,5.95
Normal,6652,trace 4030,introToPumpingFF,0,FALSE,TRUE,0,5.577777778
Normal,6652,trace 4031,PLExample1FF,0,FALSE,TRUE,0.109375,4.352380952
Normal,6652,trace 4032,PLExample2FF,0,FALSE,TRUE,0.2,3.731818182
Normal,6652,trace 4033,PLExample3FF,0,FALSE,TRUE,0.135135135,4.311111111
Normal,6652,trace 4034,PLExample4FF,0,FALSE,TRUE,0.081081081,4.116666667
Normal,6652,trace 4035,PLExample5FF,0,FALSE,TRUE,0.033333333,4.420689655
Normal,6652,trace 4036,PLExample6FF,0,FALSE,TRUE,0.125,3.158974359
Normal,6652,trace 4037,ClosurePropertiesFF,0,FALSE,TRUE,0,3.3
Normal,6652,trace 4038,ClosurePropertiesExample1FF,0,FALSE,TRUE,0.076923077,2.766666667
Normal,6652,trace 4039,ClosurePropertiesExample2FF,0,FALSE,TRUE,0,2.457142857
Normal,6652,trace 4040,ClosurePropertiesExample3FF,0,FALSE,TRUE,0,2.355555556
Normal,6652,trace 4041,PLExample1FF,1,FALSE,FALSE,0,6.677777778
Normal,6652,trace 4042,PLExample3FF,1,FALSE,FALSE,0,4.42
Normal,6652,trace 4043,PLExample6FF,1,FALSE,FALSE,0,12.55
Normal,6652,trace 4044,PLExample4FF,1,FALSE,FALSE,0,21.775
Normal,6652,trace 4045,RegularLangClosedInterFF,0,FALSE,FALSE,0,4.728571429
Normal,6652,trace 4046,TransformGrammarsFF,0,FALSE,FALSE,0,4.22
Normal,6652,trace 4047,LeftLinearGrammarFF,0,FALSE,TRUE,0.05,15.64615385
Normal,6652,trace 4048,SetDefFF,0,FALSE,TRUE,0.1,6.022222222
Normal,6652,trace 4049,SetCommonSymbolsFF,0,FALSE,TRUE,0.071428571,5.748148148
Credit Seeking,6652,trace 4050,PDA,0,FALSE,FALSE,0.8,49.49322034
Normal,6652,trace 4051,PDATransitionsFF,0,FALSE,FALSE,0,4.1375
Normal,6652,trace 4052,PDA,1,FALSE,TRUE,0,2.742857143
Credit Seeking,6652,trace 4053,PDACFLFF,0,FALSE,FALSE,0.370967742,16.05245902
Normal,6652,trace 4054,RemoveUselessFF,0,FALSE,FALSE,0.225806452,10.57
Normal,6652,trace 4055,ChomskyNormalFormFF,0,FALSE,FALSE,0,3.366666667
Credit Seeking,6652,trace 4056,PairToSortCONPI,0,FALSE,TRUE,0.5,3.264516129
Credit Seeking,6652,trace 4057,RelationsFF,0,FALSE,TRUE,0.43902439,2.43
Credit Seeking,6652,trace 4058,LowerBound,0,TRUE,TRUE,0.704545455,1.865116279
Normal,6652,trace 4059,TravelSalesman,0,FALSE,TRUE,0.148148148,6.815384615
Normal,6652,trace 4060,TwoMulExample,0,FALSE,TRUE,0,5.011111111
Normal,6652,trace 4061,UnsolveableProblems1,0,FALSE,TRUE,0.066666667,6.228571429
Normal,6652,trace 4062,UnsolveableProblems2,0,FALSE,FALSE,0,1.05
Normal,6652,trace 4063,TMGeneralModel,0,FALSE,FALSE,0.264150943,4.444230769
Normal,6658,trace 4064,LanguagesFS,0,FALSE,TRUE,0.105263158,4783.2875
Credit Seeking,6658,trace 4065,GrammarIntroFS,0,FALSE,TRUE,0.389830508,30.36551724
Credit Seeking,6658,trace 4066,LanguagesFS,1,FALSE,FALSE,0.4,0.775
Credit Seeking,6658,trace 4067,RelationsFS,0,FALSE,FALSE,0.615384615,2.008333333
Normal,6658,trace 4068,DFAintroFS,0,FALSE,FALSE,0,1.05
Credit Seeking,6658,trace 4069,SetDefFS,0,FALSE,TRUE,0.333333333,16.72857143
Credit Seeking,6658,trace 4070,SetNotationFS,0,FALSE,TRUE,0.658227848,29.68205128
Normal,6658,trace 4071,RelationsFS,1,FALSE,TRUE,0.115384615,13.528
Normal,6658,trace 4072,EquivFS,0,FALSE,TRUE,0.2,25.8
Credit Seeking,6658,trace 4073,DFAintroFS,1,FALSE,TRUE,0.889473684,2371.01164
Normal,6658,trace 4074,DFAadvancedFS,0,FALSE,TRUE,0,10.94285714
Normal,6658,trace 4075,DFAintroFS,1,FALSE,FALSE,0,10.05
Credit Seeking,6658,trace 4076,NFAFS,0,FALSE,TRUE,0.475,4.876923077
Credit Seeking,6658,trace 4077,NFAequivFS,0,FALSE,TRUE,0.428571429,2.533333333
Normal,6658,trace 4078,NFA2DFAlargeExFS,0,FALSE,TRUE,0.16,6.675
Normal,6658,trace 4079,DFAMinFS,0,FALSE,TRUE,0.047619048,31.31
Normal,6658,trace 4080,DFAMinEx1FS,0,FALSE,TRUE,0.111111111,8.084615385
Normal,6658,trace 4081,DFAMinEx2FS,0,FALSE,TRUE,0.121212121,14.75625
Credit Seeking,6658,trace 4082,RegExFS,0,FALSE,TRUE,0.8,21.36896552
Normal,6658,trace 4083,RegEx2NFA1FS,0,FALSE,TRUE,0,36.82
Normal,6658,trace 4084,RegEx2NFAorFS,0,FALSE,TRUE,0,4.22
Normal,6658,trace 4085,RegEx2NFAcatFS,0,FALSE,TRUE,0.176470588,3.45
Normal,6658,trace 4086,RegEx2NFAstarFS,0,FALSE,TRUE,0,4.15
Normal,6658,trace 4087,RegEXtoNFAExampleFF,0,FALSE,TRUE,0.277777778,34.30588235
Normal,6658,trace 4088,ConvertRLREFF,0,FALSE,TRUE,0,3.221052632
Normal,6658,trace 4089,LanguagesFS,1,FALSE,FALSE,0,4.7
Credit Seeking,6658,trace 4091,ContextFreeLanguagesFF,0,FALSE,TRUE,0.490909091,7.225925926
Normal,6658,trace 4092,CFGDerivationsFF,0,FALSE,TRUE,0.121212121,5.310769231
Normal,6658,trace 4093,DerivationTreesFF,0,TRUE,TRUE,0,4.9
Normal,6658,trace 4094,AmbiguityFF,0,FALSE,FALSE,0,1.366666667
Normal,6658,trace 4095,TransformGrammarsFF,0,FALSE,TRUE,0,10.49090909
Normal,6658,trace 4096,LeftLinearGrammarFF,0,FALSE,TRUE,0.022222222,26.43636364
Credit Seeking,6658,trace 4097,RegularGrammarFF,0,FALSE,TRUE,0.576271186,15.9862069
Normal,6658,trace 4098,NFAToREFF,0,FALSE,TRUE,0,14.69473684
Normal,6658,trace 4099,REtoFAExampleFF,0,FALSE,TRUE,0,7.275
Normal,6658,trace 4100,RightLinearRGFF,0,TRUE,TRUE,0.052631579,3.677777778
Normal,6658,trace 4101,NFAToReExampleFF,0,FALSE,TRUE,0,4.32
Credit Seeking,6658,trace 4102,RegEXtoRegGrammarFF,0,FALSE,TRUE,0.662650602,5.502439024
Credit Seeking,6658,trace 4103,RegEXtoLeftRegGrammarFF,0,FALSE,TRUE,0.597222222,4.256338028
Normal,6658,trace 4104,STA,0,FALSE,TRUE,0.076923077,3.016666667
Normal,6658,trace 4105,ClosureConceptFF,0,FALSE,TRUE,0.235294118,2.8875
Credit Seeking,6658,trace 4106,ClosureRegularLangFF,0,FALSE,TRUE,0.346153846,2.248
Credit Seeking,6658,trace 4107,RegularLangClosedInterFF,0,FALSE,TRUE,0.453488372,3.025882353
Credit Seeking,6658,trace 4108,PDA,0,FALSE,TRUE,0.552631579,11.97837838
Normal,6658,trace 4109,PDATransitionsFF,0,FALSE,TRUE,0.038461538,9.248
Normal,6658,trace 4110,PDAAcceptanceFF,0,FALSE,FALSE,0.086956522,8.140909091
Normal,6658,trace 4111,PDAEmptyStackAcceptanceFF,0,FALSE,FALSE,0,0.55
Normal,6658,trace 4112,PDACFLFF,0,FALSE,FALSE,0.216216216,14.39166667
Normal,6658,trace 4114,PDAEmptyStackAcceptanceFF,1,FALSE,TRUE,0,14.17222222
Credit Seeking,6658,trace 4115,PDAAcceptanceEquivalenceFF,0,FALSE,TRUE,0.428571429,61.12916667
Credit Seeking,6658,trace 4116,RightQuotientFF,0,FALSE,FALSE,0.519480519,15.76447368
Normal,6658,trace 4117,HomomorphismFF,0,FALSE,TRUE,0.153846154,6.933333333
Normal,6658,trace 4118,introToNonRegularFF,0,FALSE,TRUE,0,19.2
Normal,6658,trace 4119,introToPumpingFF,0,FALSE,TRUE,0.083333333,17.10909091
Normal,6658,trace 4120,PLExample1FF,0,FALSE,TRUE,0.133333333,3.850847458
Normal,6658,trace 4121,PLExample2FF,0,FALSE,TRUE,0.029411765,22.76363636
Normal,6658,trace 4122,PLExample3FF,0,FALSE,TRUE,0,151.4733333
Normal,6658,trace 4123,PLExample4FF,0,FALSE,TRUE,0.085714286,81.47647059
Normal,6658,trace 4124,PLExample5FF,0,FALSE,TRUE,0,11.55454545
Normal,6658,trace 4125,PLExample6FF,0,FALSE,TRUE,0.23255814,2.838095238
Normal,6658,trace 4126,ClosurePropertiesFF,0,FALSE,TRUE,0,2.24
Normal,6658,trace 4127,ClosurePropertiesExample1FF,0,FALSE,TRUE,0.2,1.871428571
Normal,6658,trace 4128,ClosurePropertiesExample2FF,0,FALSE,TRUE,0,1.457142857
Normal,6658,trace 4129,ClosurePropertiesExample3FF,0,FALSE,TRUE,0,1.525
Normal,6658,trace 4130,MembershipProblemFF,0,FALSE,TRUE,0.225806452,10.57333333
Normal,6658,trace 4131,AmbiguityFF,1,FALSE,TRUE,0.076923077,3.688
Credit Seeking,6658,trace 4132,RemoveUselessFF,0,FALSE,TRUE,0.662790698,67.01411765
Normal,6658,trace 4133,RemoveLambdaFF,0,FALSE,TRUE,0.269230769,18.848
Credit Seeking,6658,trace 4134,RemoveUnitFF,0,FALSE,TRUE,0.633027523,7.307407407
Normal,6658,trace 4135,ChomskyNormalFormFF,0,FALSE,TRUE,0,10.28
Credit Seeking,6658,trace 4136,GreibachNormalFormFF,0,FALSE,TRUE,0.760273973,3.297931034
Normal,6658,trace 4137,PDAAcceptanceFF,1,FALSE,TRUE,0.142857143,4.505882353
Credit Seeking,6658,trace 4138,PDACFLFF,1,FALSE,TRUE,0.342105263,3.762162162
Normal,6658,trace 4139,DPDAFF,0,FALSE,TRUE,0.208333333,3.226086957
Normal,6658,trace 4140,NCFLProofFF,0,FALSE,TRUE,0,2.42
Normal,6658,trace 4141,NCFLversusDCFLFF,0,FALSE,TRUE,0,3.15
Normal,6658,trace 4142,GrammarsForDCFLFF,0,FALSE,TRUE,0,2.085714286
Normal,6658,trace 4143,CFLClosurePropertiesFF,0,FALSE,TRUE,0.068965517,1.864285714
Normal,6658,trace 4144,CFLPumpingLemmaFF,0,FALSE,TRUE,0,31.06666667
Normal,6658,trace 4145,CFLPumpingLemmaExample1FF,0,FALSE,TRUE,0,6.5375
Normal,6658,trace 4146,NCFLProofFF,1,FALSE,FALSE,0,3.033333333
Normal,6658,trace 4148,PDACFLFF,1,FALSE,FALSE,0,5.683333333
Normal,6658,trace 4149,PDATransitionsFF,1,TRUE,TRUE,0,55.91428571
Normal,6658,trace 4151,PDAAcceptanceFF,1,FALSE,FALSE,0.046511628,12.6452381
Credit Seeking,6658,trace 4152,CFLPumpingLemmaExample2FF,0,FALSE,FALSE,0.291666667,124.6404255
Normal,6658,trace 4154,TMGeneralModel,0,FALSE,FALSE,0.105263158,6.840540541
Credit Seeking,6658,trace 4155,RegExFS,1,FALSE,FALSE,0.910714286,13.60363636
Normal,6658,trace 4157,CFLPumpingLemmaExample3FF,0,FALSE,TRUE,0.035714286,4.785185185
Normal,6658,trace 4158,CFLPumpingLemmaExample4FF,0,FALSE,TRUE,0.153846154,16.37647059
Normal,6658,trace 4159,CFLPumpingLemmaExample5FF,0,FALSE,TRUE,0.192307692,2.533333333
Credit Seeking,6658,trace 4160,TMGeneralModel,1,FALSE,TRUE,0.396825397,4.116129032
Credit Seeking,6658,trace 4161,TMInterpreting,0,FALSE,TRUE,0.325581395,1.957142857
Normal,6658,trace 4162,TMDecidableVSAcceptable,0,FALSE,TRUE,0.277777778,1.658823529
Normal,6658,trace 4163,TMComplicatedMachine3,0,FALSE,TRUE,0.043478261,1.827272727
Normal,6658,trace 4164,PairToSortCONPI,0,FALSE,TRUE,0.136363636,2.533333333
Normal,6658,trace 4165,LowerBound,0,FALSE,TRUE,0.1,2.466666667
Normal,6658,trace 4166,TwoMulExample,0,FALSE,TRUE,0.055555556,1.894117647
Normal,6658,trace 4167,TravelSalesman,0,FALSE,TRUE,0.272727273,1.75625
Normal,6658,trace 4168,KClique,0,FALSE,TRUE,0.166666667,1.835294118
Normal,6658,trace 4169,SATProof,0,FALSE,TRUE,0,1.784615385
Credit Seeking,6658,trace 4170,NPCCoping,0,FALSE,TRUE,0.704545455,1.981395349
Normal,6658,trace 4171,UnsolveableProblems1,0,FALSE,TRUE,0,1.683333333
Normal,6658,trace 4172,UnsolveableProblems2,0,FALSE,TRUE,0,1.775
Normal,6658,trace 4173,TMComplicatedMachine3,1,TRUE,TRUE,0,4.533333333
Normal,6658,trace 4174,TMGeneralModel,1,FALSE,FALSE,0,5.275
Normal,6660,trace 4175,DFAintroFS,0,FALSE,FALSE,0,3.314285714
Normal,6660,trace 4177,SetDefFS,0,FALSE,TRUE,0,5.244444444
Credit Seeking,6660,trace 4178,DFAintroFS,1,FALSE,FALSE,0.82278481,8632.103846
Credit Seeking,6660,trace 4179,RegExFS,0,FALSE,FALSE,0.48,8.133333333
Normal,6660,trace 4180,RegEx2NFA1FS,0,FALSE,TRUE,0,4.92
Credit Seeking,6660,trace 4181,RegExFS,1,FALSE,FALSE,0.808823529,4.31641791
Normal,6660,trace 4182,PLExample4FF,0,FALSE,TRUE,0.097560976,9161.3025
Normal,6660,trace 4183,introToNonRegularFF,0,FALSE,FALSE,0.25,1.733333333
Normal,6660,trace 4184,PLExample4FF,1,FALSE,FALSE,0,0.55
Normal,6660,trace 4185,PLExample2FF,0,FALSE,FALSE,0,14.7625
Normal,6660,trace 4186,PLExample5FF,0,FALSE,TRUE,0.108695652,83.98
Normal,6660,trace 4187,PLExample6FF,0,FALSE,FALSE,0.185185185,3.619230769
Normal,6660,trace 4188,PLExample5FF,1,TRUE,TRUE,0.081632653,83.75208333
Normal,6660,trace 4189,PLExample1FF,0,FALSE,FALSE,0.214285714,3.246153846
Normal,6660,trace 4190,RegEXtoNFAExampleFF,0,FALSE,FALSE,0,0.1
Credit Seeking,6660,trace 4191,RegExFS,1,FALSE,FALSE,0.52173913,11.41818182
Normal,6660,trace 4192,RegularGrammarFF,0,FALSE,FALSE,0.25,0.4
Normal,6660,trace 4193,RegExFS,1,FALSE,TRUE,0,1.733333333
Credit Seeking,6660,trace 4194,RegularGrammarFF,1,FALSE,FALSE,0.763157895,2.87027027
Credit Seeking,6660,trace 4195,REtoFAExampleFF,0,FALSE,FALSE,0.571428571,2.033333333
Normal,6660,trace 4196,RightLinearRGFF,0,FALSE,TRUE,0.12,2.633333333
Credit Seeking,6660,trace 4197,NFAToReExampleFF,0,FALSE,TRUE,0.291666667,2.269565217
Normal,6660,trace 4198,LeftLinearGrammarFF,0,FALSE,TRUE,0.127272727,2.262962963
Normal,6660,trace 4199,MembershipProblemFF,0,FALSE,FALSE,0,3.275
Credit Seeking,6660,trace 4200,DerivationTreesFF,0,FALSE,FALSE,0.4,0.8
Normal,6660,trace 4201,CFGDerivationsFF,0,FALSE,FALSE,0.230769231,2.1
Normal,6660,trace 4202,ContextFreeLanguagesFF,0,FALSE,FALSE,0,0.1
Normal,6660,trace 4203,LanguagesFS,0,FALSE,TRUE,0.184210526,22.496
Credit Seeking,6660,trace 4204,GrammarIntroFS,0,FALSE,TRUE,0.321428571,17.94909091
Normal,6660,trace 4205,LanguagesFS,1,FALSE,FALSE,0,64.12222222
Credit Seeking,6660,trace 4206,RegExFS,1,TRUE,TRUE,0.717391304,12.85547445
Normal,6660,trace 4207,RegEx2NFAorFS,0,FALSE,TRUE,0.142857143,2.707692308
Normal,6660,trace 4208,RegEx2NFAcatFS,0,FALSE,TRUE,0.222222222,2.541176471
Normal,6660,trace 4209,RegEx2NFAstarFS,0,FALSE,TRUE,0.076923077,2.183333333
Credit Seeking,6660,trace 4210,RegEXtoNFAExampleFF,1,FALSE,TRUE,0.73015873,2.680645161
Normal,6660,trace 4211,ConvertRLREFF,0,FALSE,TRUE,0,2.327272727
Normal,6660,trace 4212,PDA,0,FALSE,FALSE,0.230769231,5.35
Normal,6660,trace 4213,PDATransitionsFF,0,FALSE,FALSE,0,2.05
Credit Seeking,6660,trace 4215,PDAEmptyStackAcceptanceFF,0,FALSE,TRUE,0.305882353,5.264285714
Credit Seeking,6660,trace 4216,PDACFLFF,0,FALSE,TRUE,0.477477477,10.58363636
Normal,6660,trace 4217,ContextFreeLanguagesFF,1,FALSE,FALSE,0,0.1
Normal,6660,trace 4218,DPDAFF,0,FALSE,TRUE,0.107142857,2.044444444
Normal,6660,trace 4219,NCFLProofFF,0,FALSE,TRUE,0,2.381818182
Normal,6660,trace 4220,NCFLversusDCFLFF,0,FALSE,TRUE,0,1.92
Normal,6660,trace 4221,GrammarsForDCFLFF,0,FALSE,TRUE,0.235294118,2.5125
Credit Seeking,6660,trace 4222,RegularGrammarFF,1,FALSE,TRUE,0.770114943,2.827906977
Credit Seeking,6660,trace 4223,NFAToREFF,0,FALSE,TRUE,0.314285714,2.211764706
Credit Seeking,6660,trace 4224,REtoFAExampleFF,1,FALSE,TRUE,0.333333333,2.182608696
Normal,6660,trace 4225,STA,0,FALSE,TRUE,0,1.746666667
Credit Seeking,6660,trace 4226,RegEXtoLeftRegGrammarFF,0,FALSE,FALSE,0.3,3.115789474
Normal,6660,trace 4227,RegEXtoRegGrammarFF,0,FALSE,TRUE,0.225,3.133333333
Credit Seeking,6660,trace 4228,RegEXtoLeftRegGrammarFF,1,FALSE,FALSE,0.863636364,2.676190476
Credit Seeking,6660,trace 4229,HomomorphismFF,0,FALSE,TRUE,0.3,3.221052632
Credit Seeking,6660,trace 4230,RightQuotientFF,0,FALSE,FALSE,0.384615385,2.591666667
Credit Seeking,6660,trace 4231,ClosureConceptFF,0,FALSE,TRUE,0.451612903,1.973333333
Normal,6660,trace 4233,PLExample1FF,1,FALSE,FALSE,0.125,2.014285714
Normal,6660,trace 4235,ClosurePropertiesExample3FF,0,FALSE,TRUE,0,1.525
Normal,6660,trace 4236,ClosurePropertiesExample2FF,0,FALSE,TRUE,0,2.025
Credit Seeking,6660,trace 4237,ClosurePropertiesExample1FF,0,FALSE,FALSE,0.94,2.208163265
Normal,6660,trace 4238,ClosurePropertiesFF,0,FALSE,TRUE,0.125,2.457142857
Normal,6660,trace 4239,PLExample6FF,1,FALSE,TRUE,0,2.08
Normal,6660,trace 4240,PLExample3FF,0,FALSE,TRUE,0.11627907,2.242857143
Normal,6660,trace 4241,PLExample2FF,1,FALSE,TRUE,0.161290323,2.373333333
Credit Seeking,6660,trace 4242,PLExample1FF,1,FALSE,FALSE,0.88,1.841666667
Normal,6660,trace 4243,introToPumpingFF,0,FALSE,TRUE,0.25,1.813333333
Credit Seeking,6660,trace 4244,introToNonRegularFF,1,FALSE,FALSE,0.842105263,2.122222222
Normal,6660,trace 4245,DerivationTreesFF,1,FALSE,FALSE,0.058823529,2.50625
Normal,6660,trace 4246,MembershipProblemFF,1,FALSE,FALSE,0,0.55
Normal,6660,trace 4247,AmbiguityFF,0,FALSE,FALSE,0.259259259,2.238461538
Credit Seeking,6660,trace 4248,ContextFreeLanguagesFF,1,FALSE,FALSE,0.625,2.6
Credit Seeking,6660,trace 4249,CFGDerivationsFF,1,FALSE,FALSE,0.785714286,0.938461538
Normal,6660,trace 4250,PDAAcceptanceEquivalenceFF,0,FALSE,TRUE,0,3.758333333
Normal,6660,trace 4251,PDA,1,FALSE,TRUE,0,1.7
Normal,6660,trace 4252,PDATransitionsFF,1,TRUE,TRUE,0.111111111,2.084615385
Normal,6660,trace 4253,PDAAcceptanceFF,0,FALSE,TRUE,0.269230769,2.236363636
Normal,6660,trace 4254,CFLClosurePropertiesFF,0,FALSE,FALSE,0,3.366666667
Normal,6660,trace 4255,CFLPumpingLemmaExample1FF,0,FALSE,FALSE,0,0.55
Normal,6660,trace 4256,CFLPumpingLemmaExample2FF,0,FALSE,FALSE,0.214285714,2.522222222
Normal,6660,trace 4257,CFLPumpingLemmaExample3FF,0,FALSE,FALSE,0,1.525
Normal,6660,trace 4258,CFLPumpingLemmaExample4FF,0,FALSE,FALSE,0.117647059,2.50625
Credit Seeking,6660,trace 4260,CFLPumpingLemmaExample4FF,1,FALSE,FALSE,0.5625,1.94
Normal,6660,trace 4261,TMGeneralModel,0,FALSE,FALSE,0.071428571,2.4
Normal,6660,trace 4262,TMInterpreting,0,FALSE,FALSE,0.166666667,2.82
Credit Seeking,6660,trace 4263,TMDecidableVSAcceptable,0,FALSE,TRUE,0.481481481,2.2
Normal,6660,trace 4264,TMComplicatedMachine3,0,FALSE,TRUE,0.035714286,2.6
Normal,6660,trace 4265,CFLClosurePropertiesFF,1,FALSE,TRUE,0.032258065,4.406666667
Normal,6660,trace 4266,CFLPumpingLemmaFF,0,FALSE,TRUE,0,4.88125
Normal,6660,trace 4267,CFLPumpingLemmaExample1FF,1,FALSE,TRUE,0.181818182,3.966666667
Credit Seeking,6660,trace 4268,CFLPumpingLemmaExample2FF,1,FALSE,FALSE,0.914285714,2.447058824
Normal,6660,trace 4269,CFLPumpingLemmaExample3FF,1,FALSE,FALSE,0.1,1.677777778
Normal,6660,trace 4270,CFLPumpingLemmaExample4FF,1,FALSE,FALSE,0,2.05
Normal,6660,trace 4273,CFLPumpingLemmaExample5FF,0,FALSE,FALSE,0,2.516666667
Normal,6660,trace 4274,CFLPumpingLemmaExample3FF,1,FALSE,TRUE,0,3.226086957
Normal,6660,trace 4275,CFLPumpingLemmaExample5FF,1,FALSE,FALSE,0,5.233333333
Normal,6660,trace 4276,CFLPumpingLemmaExample4FF,1,FALSE,TRUE,0.0625,2.425806452
Normal,6660,trace 4277,CFLPumpingLemmaExample5FF,1,FALSE,FALSE,0.25,1.733333333
Normal,6660,trace 4278,TMGeneralModel,1,FALSE,FALSE,0.254237288,3.605172414
Normal,6660,trace 4279,TMInterpreting,1,FALSE,TRUE,0.185185185,2.507692308
Normal,6660,trace 4280,TMGeneralModel,1,FALSE,TRUE,0.04,2.841666667
Normal,6660,trace 4282,SATProof,0,FALSE,FALSE,0,1.7
Normal,6660,trace 4283,UnsolveableProblems1,0,FALSE,TRUE,0,2.381818182
Normal,6660,trace 4284,UnsolveableProblems2,0,FALSE,TRUE,0,2.244444444
Credit Seeking,6660,trace 4286,NPCCoping,0,FALSE,TRUE,0.291666667,2.617391304
Normal,6660,trace 4287,SATProof,1,FALSE,TRUE,0.166666667,2.018181818
Normal,6660,trace 4288,KClique,0,FALSE,TRUE,0,3.015384615
Normal,6660,trace 4289,TravelSalesman,0,FALSE,TRUE,0.148148148,2.623076923
Normal,6660,trace 4290,TwoMulExample,0,FALSE,TRUE,0,2.81
Normal,6660,trace 4291,LowerBound,0,FALSE,FALSE,0.125,3.585714286
Credit Seeking,6660,trace 4292,PairToSortCONPI,0,FALSE,TRUE,0.333333333,15.50769231
Normal,6660,trace 4293,MembershipProblemFF,1,FALSE,FALSE,0.25,0.4
Normal,6660,trace 4294,AmbiguityFF,1,FALSE,FALSE,0.25,0.733333333
Normal,6660,trace 4295,DFAMinEx1FS,0,FALSE,FALSE,0,2.05
Normal,6660,trace 4296,DFAMinFS,0,FALSE,FALSE,0,0.1
Normal,6660,trace 4299,AmbiguityFF,1,FALSE,TRUE,0,2.4
Credit Seeking,6660,trace 4300,MembershipProblemFF,1,FALSE,FALSE,0.973451327,12.02857143
Credit Seeking,6660,trace 4301,CFGDerivationsFF,1,FALSE,TRUE,0.414414414,2.665454545
Credit Seeking,6660,trace 4302,ContextFreeLanguagesFF,1,FALSE,FALSE,0.909090909,21.04074074
Normal,6660,trace 4303,TransformGrammarsFF,0,FALSE,TRUE,0.05,3.133333333
Credit Seeking,6660,trace 4304,RemoveUselessFF,0,FALSE,FALSE,0.512820513,2.742105263
Normal,6660,trace 4305,RemoveLambdaFF,0,FALSE,FALSE,0.090909091,2.02
Normal,6660,trace 4306,RemoveUnitFF,0,FALSE,FALSE,0.259259259,2.157692308
Normal,6660,trace 4307,ChomskyNormalFormFF,0,FALSE,TRUE,0,2.423529412
Credit Seeking,6660,trace 4308,GreibachNormalFormFF,0,FALSE,FALSE,0.571428571,2.303703704
Credit Seeking,6660,trace 4309,SetNotationFS,0,FALSE,TRUE,0.651376147,4.02037037
Credit Seeking,6660,trace 4311,RelationsFS,0,FALSE,TRUE,0.6,28.05641026
Credit Seeking,6660,trace 4312,EquivFS,0,FALSE,TRUE,0.363636364,1.72
Normal,6660,trace 4313,DFAintroFS,1,FALSE,TRUE,0.153846154,3.266666667
Normal,6660,trace 4314,DFAadvancedFS,0,FALSE,TRUE,0.266666667,2.282758621
Credit Seeking,6660,trace 4315,NFAFS,0,FALSE,FALSE,0.736842105,3.878571429
Normal,6660,trace 4316,NFAequivFS,0,FALSE,TRUE,0,0.4
Normal,6660,trace 4317,DFAMinFS,1,FALSE,TRUE,0,2.26
Normal,6660,trace 4318,DFAMinEx1FS,1,FALSE,TRUE,0.03125,2.167741935
Normal,6660,trace 4319,DFAMinEx2FS,0,FALSE,TRUE,0,2.32
Credit Seeking,6660,trace 4320,RegEXtoLeftRegGrammarFF,1,FALSE,TRUE,0.736842105,2.938297872
Normal,6660,trace 4321,ClosureRegularLangFF,0,FALSE,TRUE,0.090909091,5.00952381
Credit Seeking,6660,trace 4322,RegularLangClosedInterFF,0,FALSE,TRUE,0.598039216,3.100990099
Credit Seeking,6660,trace 4323,RightQuotientFF,1,TRUE,TRUE,0.465346535,6.292
Normal,6660,trace 4324,PLExample1FF,1,FALSE,TRUE,0.025641026,2.347368421
Normal,6660,trace 4325,ClosurePropertiesExample1FF,1,FALSE,TRUE,0,1.8
Credit Seeking,6660,trace 4326,introToNonRegularFF,1,FALSE,TRUE,0.411764706,5.915151515
Normal,6660,trace 4327,MembershipProblemFF,1,FALSE,TRUE,0,2.7625
Credit Seeking,6660,trace 4328,ContextFreeLanguagesFF,1,FALSE,TRUE,0.666666667,4.917894737
Credit Seeking,6660,trace 4329,RemoveUselessFF,1,FALSE,FALSE,0.55,1.694736842
Credit Seeking,6660,trace 4330,RemoveLambdaFF,1,FALSE,FALSE,0.666666667,1.025
Normal,6660,trace 4331,GreibachNormalFormFF,1,FALSE,TRUE,0.222222222,2.062857143
Normal,6660,trace 4332,CFLPumpingLemmaExample2FF,1,FALSE,FALSE,0,2.17826087
Normal,6660,trace 4333,CFLPumpingLemmaExample5FF,1,FALSE,TRUE,0.055555556,1.862857143
Normal,6660,trace 4334,RemoveUnitFF,1,FALSE,FALSE,0,0.1
Credit Seeking,6660,trace 4335,RemoveLambdaFF,1,FALSE,FALSE,0.444444444,1.65
Normal,6660,trace 4336,RemoveUselessFF,1,FALSE,TRUE,0.2,2.536842105
Normal,6660,trace 4337,RemoveUnitFF,1,FALSE,FALSE,0,0.1
Normal,6660,trace 4338,NFA2DFAlargeExFS,0,FALSE,FALSE,0,0.1
Credit Seeking,6660,trace 4339,NFAFS,1,FALSE,TRUE,0.793103448,3.221428571
Credit Seeking,6660,trace 4340,NFAequivFS,1,TRUE,TRUE,0.555555556,1.275
Credit Seeking,6660,trace 4341,NFA2DFAlargeExFS,1,FALSE,TRUE,0.324324324,8.227777778
Normal,6660,trace 4342,NFAequivFS,1,TRUE,TRUE,0.142857143,3.366666667
Credit Seeking,6660,trace 4343,RemoveUnitFF,1,FALSE,TRUE,0.466666667,3.144827586
Credit Seeking,6660,trace 4344,RemoveLambdaFF,1,FALSE,TRUE,0.555555556,1.776923077
Normal,6663,trace 4345,PLExample1FF,0,FALSE,FALSE,0,11.36666667
Normal,6663,trace 4346,RegularGrammarFF,0,FALSE,TRUE,0.272727273,8.85
Normal,6663,trace 4347,ClosureConceptFF,0,FALSE,TRUE,0.238095238,5.81
Normal,6663,trace 4348,ClosureRegularLangFF,0,FALSE,TRUE,0.15,17.74736842
Normal,6663,trace 4349,HomomorphismFF,0,FALSE,TRUE,0,18.91111111
Normal,6663,trace 4350,introToNonRegularFF,0,FALSE,TRUE,0,11.3
Normal,6663,trace 4352,CFLPumpingLemmaExample5FF,0,FALSE,FALSE,0,2.366666667
Normal,6663,trace 4353,MajorConceptsFF,0,FALSE,TRUE,0.071428571,14.68780488
Normal,6663,trace 4354,GrammarIntroFF,0,FALSE,TRUE,0.054054054,11.2
Normal,6663,trace 4355,FADefinitionsFF,0,FALSE,TRUE,0,12.18333333
Credit Seeking,6663,trace 4356,DFAFF,0,FALSE,FALSE,0.5,5.829411765
Normal,6663,trace 4358,introToPumpingFF,0,FALSE,TRUE,0,6.525
Normal,6663,trace 4359,ClosurePropertiesExample1FF,0,FALSE,TRUE,0.214285714,9.246153846
Normal,6663,trace 4360,ClosurePropertiesExample2FF,0,FALSE,TRUE,0,7.171428571
Normal,6663,trace 4361,ClosurePropertiesExample3FF,0,FALSE,TRUE,0,7.314285714
Normal,6663,trace 4363,introToNonRegularFF,1,FALSE,FALSE,0,7.366666667
Normal,6663,trace 4364,PLExample2FF,0,FALSE,FALSE,0,9.157142857
Normal,6663,trace 4365,PDA,0,FALSE,TRUE,0.117647059,8.8875
Normal,6663,trace 4366,PDATransitionsFF,0,FALSE,TRUE,0,57.71764706
Normal,6663,trace 4367,PDAAcceptanceFF,0,FALSE,TRUE,0,67.03157895
Normal,6663,trace 4368,PDAEmptyStackAcceptanceFF,0,FALSE,TRUE,0,26.94705882
Credit Seeking,6663,trace 4369,PDAAcceptanceEquivalenceFF,0,FALSE,FALSE,0.388888889,12.54117647
Normal,6663,trace 4370,PDACFLFF,0,FALSE,FALSE,0.173076923,40.51176471
Normal,6663,trace 4371,PDAAcceptanceEquivalenceFF,1,FALSE,TRUE,0.105263158,93.45
Normal,6663,trace 4372,PDACFLFF,1,FALSE,FALSE,0,34.7
Normal,6663,trace 4373,CFLClosurePropertiesFF,0,FALSE,FALSE,0,8.7
Normal,6663,trace 4374,SetDefFF,0,FALSE,TRUE,0,11.7
Normal,6663,trace 4375,SetCommonSymbolsFF,0,FALSE,TRUE,0,9.645454545
Normal,6663,trace 4376,RelationsFF,0,FALSE,TRUE,0.227272727,10.34285714
Normal,6663,trace 4377,MathProofFF,0,FALSE,TRUE,0.103448276,12.25714286
Normal,6663,trace 4378,ContinuedMathProofFF,0,FALSE,TRUE,0,22.34444444
Normal,6663,trace 4379,InductionProofExample1FF,0,FALSE,TRUE,0.2,4.115789474
Normal,6663,trace 4380,InductionProofExample2FF,0,FALSE,TRUE,0.066666667,3.514285714
Normal,6663,trace 4381,DFAFF,1,FALSE,TRUE,0,6.645454545
Normal,6663,trace 4382,NFA,0,FALSE,TRUE,0.071428571,59.04444444
Normal,6663,trace 4383,NFA2DFAFrames,0,FALSE,TRUE,0.083333333,44.53043478
Normal,6663,trace 4384,NFAtoDFAFF,0,FALSE,TRUE,0.111111111,5.65
Normal,6663,trace 4385,DFAMinimizationFF,0,FALSE,FALSE,0.083333333,166.0090909
Normal,6663,trace 4386,PDACFLFF,1,FALSE,TRUE,0.263157895,79.62222222
Normal,6663,trace 4387,DPDAFF,0,FALSE,TRUE,0,56.7625
Normal,6663,trace 4388,NCFLProofFF,0,FALSE,TRUE,0,25.22
Normal,6663,trace 4389,NCFLversusDCFLFF,0,FALSE,TRUE,0,3.171428571
Normal,6663,trace 4390,GrammarsForDCFLFF,0,FALSE,TRUE,0,16.35
Normal,6663,trace 4391,CFLClosurePropertiesFF,1,FALSE,TRUE,0,7549.580952
Normal,6663,trace 4392,CFLPumpingLemmaFF,0,FALSE,TRUE,0,38.42352941
Normal,6663,trace 4393,CFLPumpingLemmaExample1FF,0,FALSE,TRUE,0.066666667,19.66363636
Normal,6663,trace 4394,DFAMinimizationFF,1,FALSE,TRUE,0,14.24705882
Normal,6663,trace 4395,MinimizationWithQuestionsFF,0,FALSE,TRUE,0.078947368,2.437837838
Normal,6663,trace 4396,MinimizationWithQuestions2FF,0,FALSE,TRUE,0.12195122,2.03
Credit Seeking,6663,trace 4397,RegularExpressionsFF,0,FALSE,TRUE,0.436363636,13.81851852
Normal,6663,trace 4398,RegEXandRegLangFF,0,FALSE,TRUE,0.045454545,34.1047619
Normal,6663,trace 4399,RegEXandRegLangORFF,0,FALSE,TRUE,0,2.169230769
Normal,6663,trace 4400,RegEXandRegLangConcatFF,0,FALSE,TRUE,0.058823529,12.7625
Normal,6663,trace 4401,RegEXandRegLangStarFF,0,FALSE,TRUE,0,1.927272727
Normal,6663,trace 4402,RegEXtoNFAExampleFF,0,FALSE,TRUE,0.15,3.536842105
Normal,6663,trace 4403,ConvertRLREFF,0,FALSE,TRUE,0,2.288888889
Normal,6663,trace 4404,NFAToREFF,0,FALSE,TRUE,0,4.575
Normal,6663,trace 4405,REtoFAExampleFF,0,FALSE,TRUE,0.125,1.68
Normal,6663,trace 4406,RightLinearRGFF,0,FALSE,TRUE,0.2,2.3
Normal,6663,trace 4407,NFAToReExampleFF,0,FALSE,TRUE,0,21.70769231
Normal,6663,trace 4408,LeftLinearGrammarFF,0,FALSE,TRUE,0.026315789,7.059459459
Credit Seeking,6663,trace 4409,RegEXtoRegGrammarFF,0,FALSE,TRUE,0.56626506,7.343902439
Credit Seeking,6663,trace 4410,RegEXtoLeftRegGrammarFF,0,FALSE,TRUE,0.4,6.846875
Normal,6663,trace 4411,STA,0,FALSE,TRUE,0,1.813333333
Credit Seeking,6663,trace 4412,RegularLangClosedInterFF,0,FALSE,TRUE,0.384615385,3.003125
Credit Seeking,6663,trace 4413,RightQuotientFF,0,FALSE,TRUE,0.490566038,15.49714286
Normal,6663,trace 4414,PLExample1FF,1,FALSE,TRUE,0.193548387,1.970491803
Normal,6663,trace 4415,PLExample2FF,1,FALSE,TRUE,0.176470588,1.612121212
Normal,6663,trace 4416,PLExample3FF,0,FALSE,TRUE,0.163265306,1.795833333
Normal,6663,trace 4417,PLExample4FF,0,FALSE,TRUE,0.177777778,1.822727273
Normal,6663,trace 4418,PLExample5FF,0,FALSE,TRUE,0.088235294,2.187878788
Normal,6663,trace 4419,PLExample6FF,0,FALSE,TRUE,0.111111111,1.731818182
Normal,6663,trace 4420,ClosurePropertiesFF,0,FALSE,TRUE,0,1.44
Normal,6663,trace 4421,ContextFreeLanguagesFF,0,FALSE,TRUE,0.162162162,37.22777778
Credit Seeking,6663,trace 4422,CFGDerivationsFF,0,FALSE,TRUE,0.3984375,2.080314961
Normal,6663,trace 4423,DerivationTreesFF,0,FALSE,TRUE,0.125,1.530434783
Normal,6663,trace 4424,MembershipProblemFF,0,FALSE,TRUE,0.178571429,33.37777778
Normal,6663,trace 4425,AmbiguityFF,0,FALSE,TRUE,0,2.044444444
Normal,6663,trace 4426,TransformGrammarsFF,0,FALSE,TRUE,0,1.794736842
Credit Seeking,6663,trace 4427,RemoveUselessFF,0,FALSE,TRUE,0.699186992,3.968852459
Normal,6663,trace 4428,RemoveLambdaFF,0,FALSE,TRUE,0.130434783,4.827272727
Credit Seeking,6663,trace 4429,RemoveUnitFF,0,FALSE,FALSE,0.78021978,3.446666667
Normal,6663,trace 4430,ChomskyNormalFormFF,0,FALSE,TRUE,0,1.68
Normal,6663,trace 4431,GreibachNormalFormFF,0,FALSE,TRUE,0.219512195,2.305
Credit Seeking,6663,trace 4432,RemoveUnitFF,1,FALSE,TRUE,0.779310345,3.154166667
Normal,6663,trace 4433,CFLPumpingLemmaExample2FF,0,FALSE,TRUE,0.169811321,2.465384615
Normal,6663,trace 4434,CFLPumpingLemmaExample3FF,0,FALSE,TRUE,0.03030303,2.6625
Normal,6663,trace 4435,CFLPumpingLemmaExample4FF,0,FALSE,TRUE,0.074074074,1.98490566
Credit Seeking,6663,trace 4436,CFLPumpingLemmaExample5FF,1,FALSE,TRUE,0.390625,3.955555556
Normal,6663,trace 4437,TMGeneralModel,0,FALSE,TRUE,0.205128205,142.1194805
Normal,6663,trace 4438,TMInterpreting,0,FALSE,TRUE,0.043478261,7.054545455
Normal,6663,trace 4439,TMDecidableVSAcceptable,0,FALSE,TRUE,0.076923077,4.683333333
Normal,6663,trace 4440,TMComplicatedMachine3,0,FALSE,TRUE,0,7.145454545
Credit Seeking,6663,trace 4441,PairToSortCONPI,0,FALSE,TRUE,0.379310345,17.93571429
Credit Seeking,6663,trace 4442,LowerBound,0,FALSE,FALSE,0.416666667,16.73636364
Normal,6663,trace 4443,TwoMulExample,0,FALSE,TRUE,0,2.011111111
Normal,6663,trace 4444,TravelSalesman,0,FALSE,TRUE,0.08,8.508333333
Normal,6663,trace 4445,KClique,0,FALSE,TRUE,0,12.35
Normal,6663,trace 4446,SATProof,0,FALSE,TRUE,0,5.35
Normal,6663,trace 4447,NPCCoping,0,FALSE,TRUE,0.0625,4.946666667
Normal,6663,trace 4448,UnsolveableProblems1,0,FALSE,TRUE,0,2.836363636
Normal,6663,trace 4449,UnsolveableProblems2,0,FALSE,TRUE,0,1.775
Normal,6663,trace 4451,DFAMinimizationFF,1,FALSE,FALSE,0.142857143,17.01666667
Normal,6663,trace 4452,MinimizationWithQuestionsFF,1,FALSE,FALSE,0,28.425
Credit Seeking,6663,trace 4453,RegularExpressionsFF,1,FALSE,FALSE,0.734375,5026.239683
Normal,6682,trace 4454,LanguagesFS,0,FALSE,TRUE,0,26.06666667
Normal,6682,trace 4455,GrammarIntroFS,0,FALSE,TRUE,0.09375,71.81290323
Normal,6682,trace 4456,RegExFS,0,FALSE,FALSE,0,11.42
Normal,6682,trace 4457,SetDefFS,0,FALSE,TRUE,0,12.2
Normal,6682,trace 4458,SetNotationFS,0,FALSE,TRUE,0,12.53333333
Normal,6682,trace 4459,RelationsFS,0,FALSE,TRUE,0.222222222,21.54117647
Normal,6682,trace 4460,EquivFS,0,FALSE,TRUE,0,1113.866667
Credit Seeking,6682,trace 4461,PDACFLFF,0,FALSE,FALSE,0.41025641,84.05526316
Normal,6682,trace 4462,NFA2DFAlargeExFS,0,FALSE,FALSE,0,113.025
Normal,6682,trace 4463,UnsolveableProblems1,0,FALSE,TRUE,0,139.1333333
Normal,6682,trace 4465,DFAMinEx1FS,0,FALSE,FALSE,0,32.34166667
Normal,6682,trace 4466,RegExFS,1,FALSE,FALSE,0,34.3875
Normal,6682,trace 4467,TransformGrammarsFF,0,FALSE,FALSE,0,3.55
Normal,6682,trace 4468,PDATransitionsFF,0,FALSE,FALSE,0,16.775
Normal,6682,trace 4470,PDATransitionsFF,1,FALSE,FALSE,0,3.585714286
Normal,6682,trace 4471,PDA,0,FALSE,TRUE,0,8.42
Normal,6682,trace 4472,PDATransitionsFF,1,FALSE,TRUE,0,12.88571429
Normal,6682,trace 4473,TMGeneralModel,0,FALSE,FALSE,0.058823529,7.38125
Normal,6682,trace 4474,PairToSortCONPI,0,FALSE,TRUE,0.0625,17.34666667
Normal,6682,trace 4475,LowerBound,0,FALSE,FALSE,0,18.05
Credit Seeking,6688,trace 4476,LanguagesFS,0,FALSE,TRUE,0.547826087,82.8877193
Credit Seeking,6688,trace 4477,GrammarIntroFS,0,FALSE,TRUE,0.568181818,44.95632184
Credit Seeking,6688,trace 4478,SetDefFS,0,FALSE,TRUE,0.307692308,4226.183333
Credit Seeking,6688,trace 4479,SetNotationFS,0,FALSE,TRUE,0.490196078,11.284
Credit Seeking,6688,trace 4480,RelationsFS,0,FALSE,TRUE,0.75,89.31267606
Credit Seeking,6688,trace 4481,DFAintroFS,0,FALSE,FALSE,0.441860465,4258.669048
Normal,6688,trace 4482,DFAadvancedFS,0,FALSE,TRUE,0.117647059,42.2
Normal,6688,trace 4483,RegEx2NFA1FS,0,FALSE,FALSE,0,5.525
Credit Seeking,6688,trace 4484,RegExFS,0,FALSE,TRUE,0.808641975,12.70931677
Normal,6688,trace 4485,RegEx2NFA1FS,1,FALSE,TRUE,0,2.7
Normal,6688,trace 4486,RegEx2NFAorFS,0,FALSE,TRUE,0,5.525
Normal,6688,trace 4487,RegEx2NFAcatFS,0,FALSE,TRUE,0.222222222,3.717647059
Normal,6688,trace 4488,RegEx2NFAstarFS,0,FALSE,TRUE,0.142857143,3.784615385
Normal,6688,trace 4489,RegEXtoNFAExampleFF,0,FALSE,TRUE,0.1875,146.6133333
Normal,6688,trace 4490,ConvertRLREFF,0,FALSE,TRUE,0,8.788888889
Normal,6688,trace 4491,introToPumpingFF,0,FALSE,TRUE,0.066666667,10.72857143
Credit Seeking,6688,trace 4492,PLExample1FF,0,FALSE,FALSE,0.304347826,271.4044444
Normal,6688,trace 4493,HomomorphismFF,0,FALSE,FALSE,0,59.55
Normal,6688,trace 4494,ClosurePropertiesFF,0,FALSE,TRUE,0.125,6.6
Credit Seeking,6688,trace 4495,ClosurePropertiesExample1FF,0,FALSE,FALSE,0.333333333,35.04
Normal,6688,trace 4496,introToNonRegularFF,0,FALSE,FALSE,0,12.02
Credit Seeking,6688,trace 4497,ContextFreeLanguagesFF,0,FALSE,FALSE,0.625,3.457142857
Normal,6688,trace 4499,PairToSortCONPI,0,FALSE,FALSE,0.083333333,4.1
Normal,6688,trace 4500,AmbiguityFF,0,FALSE,FALSE,0.208333333,2.443478261
Normal,6688,trace 4501,EquivFS,0,FALSE,TRUE,0,5.04
Normal,6688,trace 4502,NFAFS,0,FALSE,TRUE,0.192307692,17.808
Credit Seeking,6688,trace 4503,NFAequivFS,0,FALSE,TRUE,0.5,1.028571429
Normal,6688,trace 4504,NFA2DFAlargeExFS,0,FALSE,FALSE,0,0.1
Credit Seeking,6688,trace 4505,NFAequivFS,1,TRUE,TRUE,0.333333333,1.04
Normal,6688,trace 4506,NFA2DFAlargeExFS,1,FALSE,FALSE,0,0.1
Normal,6688,trace 4507,NFAequivFS,1,TRUE,TRUE,0,0.4
Credit Seeking,6688,trace 4508,NFA2DFAlargeExFS,1,FALSE,FALSE,0.722222222,7.947058824
Normal,6688,trace 4509,NFAequivFS,1,TRUE,TRUE,0,0.4
Normal,6688,trace 4510,DFAMinFS,0,FALSE,TRUE,0,2.628571429
Normal,6688,trace 4511,DFAMinEx1FS,0,FALSE,TRUE,0.051282051,1.873684211
Normal,6688,trace 4512,DFAMinEx2FS,0,FALSE,FALSE,0.078947368,9.627027027
Credit Seeking,6688,trace 4513,RegularGrammarFF,0,FALSE,FALSE,0.535714286,4.559259259
Credit Seeking,6688,trace 4514,NFAToREFF,0,FALSE,TRUE,0.545454545,1.855555556
Normal,6688,trace 4515,REtoFAExampleFF,0,FALSE,TRUE,0.277777778,6.835294118
Normal,6688,trace 4516,RightLinearRGFF,0,TRUE,TRUE,0.166666667,2.2
Normal,6688,trace 4517,NFAToReExampleFF,0,FALSE,TRUE,0,5.014285714
Normal,6689,trace 4518,MajorConceptsFF,0,FALSE,TRUE,0.12,18.55510204
Credit Seeking,6689,trace 4519,GrammarIntroFF,0,FALSE,TRUE,0.387096774,5.57704918
Normal,6689,trace 4520,MathProofFF,0,FALSE,TRUE,0.137931034,3.507142857
Normal,6689,trace 4521,ContinuedMathProofFF,0,FALSE,TRUE,0.08,3.591666667
Normal,6689,trace 4522,InductionProofExample1FF,0,FALSE,TRUE,0.173913043,2.736363636
Normal,6689,trace 4523,InductionProofExample2FF,0,FALSE,TRUE,0.071428571,2.938461538
Normal,6689,trace 4524,DFAFF,0,FALSE,TRUE,0.108108108,26.92222222
Normal,6689,trace 4525,FADefinitionsFF,0,FALSE,TRUE,0.066666667,11.58571429
Credit Seeking,6689,trace 4526,NFA,0,FALSE,FALSE,0.773333333,31.19189189
Normal,6689,trace 4527,NFA2DFAFrames,0,FALSE,TRUE,0.137931034,8.542857143
Credit Seeking,6689,trace 4528,NFA,1,FALSE,TRUE,0.363636364,17.91428571
Normal,6689,trace 4529,NFAtoDFAFF,0,FALSE,TRUE,0.1,12.68888889
Normal,6689,trace 4530,DFAMinimizationFF,0,FALSE,TRUE,0.176470588,9.43030303
Normal,6689,trace 4531,MinimizationWithQuestionsFF,0,FALSE,TRUE,0,4.248275862
Normal,6689,trace 4532,MinimizationWithQuestions2FF,0,FALSE,TRUE,0.027777778,26.03428571
Credit Seeking,6689,trace 4533,RegularExpressionsFF,0,FALSE,TRUE,0.384615385,8.905882353
Normal,6689,trace 4534,RegEXandRegLangFF,0,FALSE,TRUE,0,9.658823529
Normal,6689,trace 4535,RegEXandRegLangORFF,0,FALSE,TRUE,0,6.766666667
Normal,6689,trace 4536,RegEXandRegLangConcatFF,0,FALSE,TRUE,0,7.12
Normal,6689,trace 4537,RegEXandRegLangStarFF,0,FALSE,TRUE,0.083333333,4.018181818
Credit Seeking,6689,trace 4538,RegEXtoNFAExampleFF,0,FALSE,TRUE,0.458333333,7.617391304
Normal,6689,trace 4539,ConvertRLREFF,0,FALSE,TRUE,0,8.852631579
Credit Seeking,6689,trace 4540,RegularGrammarFF,0,FALSE,TRUE,0.696202532,32.41282051
Normal,6689,trace 4541,NFAToREFF,0,FALSE,TRUE,0.1,23.27368421
Normal,6689,trace 4542,REtoFAExampleFF,0,FALSE,TRUE,0.090909091,15.22
Normal,6689,trace 4543,RightLinearRGFF,0,FALSE,TRUE,0,18.42352941
Normal,6689,trace 4544,NFAToReExampleFF,0,FALSE,TRUE,0,24.02
Normal,6689,trace 4545,LeftLinearGrammarFF,0,FALSE,TRUE,0.057142857,17749.82941
Normal,6689,trace 4546,RegEXtoRegGrammarFF,0,FALSE,TRUE,0,67.79285714
Normal,6689,trace 4547,RegEXtoLeftRegGrammarFF,0,FALSE,TRUE,0.166666667,26.37714286
Normal,6689,trace 4548,STA,0,FALSE,TRUE,0,7.42
Normal,6689,trace 4549,ClosureConceptFF,0,FALSE,TRUE,0.1875,5.946666667
Normal,6689,trace 4550,ClosureRegularLangFF,0,FALSE,TRUE,0.15,6886.747368
Normal,6689,trace 4551,RegularLangClosedInterFF,0,FALSE,TRUE,0.217391304,12.62666667
Normal,6689,trace 4552,RightQuotientFF,0,TRUE,TRUE,0.081632653,3.983333333
Normal,6689,trace 4553,HomomorphismFF,0,FALSE,TRUE,0,22.57777778
Normal,6689,trace 4554,introToNonRegularFF,0,FALSE,TRUE,0,6.942857143
Normal,6689,trace 4555,introToPumpingFF,0,FALSE,TRUE,0,63.22
Normal,6689,trace 4556,PLExample1FF,0,FALSE,TRUE,0.036363636,6.633333333
Normal,6689,trace 4557,PLExample2FF,0,TRUE,TRUE,0.113636364,3.772093023
Normal,6689,trace 4558,PLExample3FF,0,FALSE,TRUE,0.03125,5.587096774
Normal,6689,trace 4559,PLExample4FF,0,FALSE,TRUE,0,7.471428571
Normal,6689,trace 4560,PLExample5FF,0,FALSE,TRUE,0.037037037,4.430769231
Normal,6689,trace 4561,PLExample6FF,0,FALSE,TRUE,0.028571429,5.770588235
Normal,6689,trace 4562,ClosurePropertiesFF,0,FALSE,TRUE,0,3.3
Normal,6689,trace 4563,ClosurePropertiesExample1FF,0,FALSE,TRUE,0,2.183333333
Normal,6689,trace 4564,ClosurePropertiesExample2FF,0,FALSE,TRUE,0,4.742857143
Normal,6689,trace 4565,ClosurePropertiesExample3FF,0,FALSE,TRUE,0,1.65
Normal,6689,trace 4566,ContextFreeLanguagesFF,0,FALSE,TRUE,0.205128205,4.505263158
Normal,6689,trace 4567,CFGDerivationsFF,0,FALSE,TRUE,0.115942029,48.51764706
Normal,6689,trace 4568,DerivationTreesFF,0,FALSE,TRUE,0.052631579,2.677777778
Credit Seeking,6689,trace 4569,MembershipProblemFF,0,FALSE,TRUE,0.590163934,402.52
Normal,6689,trace 4570,AmbiguityFF,0,FALSE,TRUE,0.038461538,29.688
Normal,6689,trace 4571,TransformGrammarsFF,0,FALSE,TRUE,0,10.0375
Normal,6689,trace 4572,TMGeneralModel,0,FALSE,FALSE,0.041666667,22.4826087
Normal,6689,trace 4573,SetDefFF,0,FALSE,TRUE,0.25,25.83636364
Normal,6689,trace 4574,SetCommonSymbolsFF,0,FALSE,TRUE,0.166666667,8.386206897
Normal,6689,trace 4575,introToNonRegularFF,1,FALSE,FALSE,0,3.7
Normal,6689,trace 4576,RightQuotientFF,1,TRUE,TRUE,0.025641026,2.189473684
Normal,6689,trace 4577,introToNonRegularFF,1,TRUE,TRUE,0,11.30588235
Normal,6689,trace 4578,introToPumpingFF,1,TRUE,TRUE,0.2,2.657142857
Normal,6689,trace 4579,PLExample1FF,1,TRUE,TRUE,0.049180328,2.62
Normal,6689,trace 4581,DerivationTreesFF,1,TRUE,TRUE,0,3.466666667
Normal,6689,trace 4582,AmbiguityFF,1,TRUE,TRUE,0,2.233333333
Normal,6689,trace 4583,introToNonRegularFF,1,TRUE,TRUE,0,15.86153846
Normal,6689,trace 4584,introToPumpingFF,1,TRUE,TRUE,0,18.9
Credit Seeking,6689,trace 4585,PLExample1FF,1,TRUE,TRUE,0.28358209,5.321212121
Normal,6689,trace 4586,PLExample2FF,1,TRUE,TRUE,0,5.94
Normal,6689,trace 4587,PLExample3FF,1,TRUE,TRUE,0.085714286,4.711764706
Normal,6689,trace 4588,PLExample4FF,1,TRUE,TRUE,0,4.106666667
Normal,6689,trace 4589,PLExample5FF,1,TRUE,TRUE,0,4.92173913
Normal,6689,trace 4590,PLExample6FF,1,TRUE,TRUE,0,5.6
Normal,6689,trace 4591,ClosurePropertiesFF,1,TRUE,TRUE,0,2.64
Normal,6689,trace 4592,ClosurePropertiesExample1FF,1,TRUE,TRUE,0,2.42
Normal,6689,trace 4593,ClosurePropertiesExample2FF,1,TRUE,TRUE,0.090909091,2.12
Normal,6689,trace 4594,ClosurePropertiesExample3FF,1,TRUE,TRUE,0,4.244444444
Credit Seeking,6689,trace 4595,ContextFreeLanguagesFF,1,TRUE,TRUE,0.423728814,16.57241379
Normal,6689,trace 4596,CFGDerivationsFF,1,TRUE,TRUE,0.06557377,15.78666667
Normal,6689,trace 4597,DerivationTreesFF,1,TRUE,TRUE,0,7.216666667
Normal,6689,trace 4598,MembershipProblemFF,1,TRUE,TRUE,0.238095238,211.9536585
Normal,6689,trace 4599,AmbiguityFF,1,TRUE,TRUE,0,14.75833333
Normal,6689,trace 4600,TransformGrammarsFF,1,TRUE,TRUE,0,1402.476471
Credit Seeking,6689,trace 4601,RemoveUselessFF,0,FALSE,FALSE,0.739495798,72.55169492
Credit Seeking,6689,trace 4602,RemoveLambdaFF,0,FALSE,TRUE,0.432432432,6.422222222
Credit Seeking,6689,trace 4603,RemoveUnitFF,0,FALSE,TRUE,0.555555556,39.31267606
Normal,6689,trace 4604,ChomskyNormalFormFF,0,FALSE,TRUE,0,17.37142857
Credit Seeking,6689,trace 4605,GreibachNormalFormFF,0,FALSE,FALSE,0.576923077,6.315686275
Normal,6689,trace 4606,DerivationTreesFF,1,TRUE,FALSE,0,2.35
Normal,6689,trace 4607,AmbiguityFF,1,TRUE,TRUE,0,2.270588235
Credit Seeking,6689,trace 4608,GreibachNormalFormFF,1,FALSE,TRUE,0.333333333,2.3
Normal,6689,trace 4609,PDA,0,FALSE,TRUE,0.176470588,16.8875
Normal,6689,trace 4610,PDATransitionsFF,0,TRUE,TRUE,0.045454545,11.34285714
Normal,6689,trace 4611,PDAAcceptanceFF,0,FALSE,TRUE,0.068181818,1528.772093
Normal,6689,trace 4612,PDAEmptyStackAcceptanceFF,0,FALSE,TRUE,0.047619048,9.468292683
Normal,6689,trace 4613,PDAAcceptanceEquivalenceFF,0,FALSE,TRUE,0,3.827272727
Credit Seeking,6689,trace 4614,PDACFLFF,0,FALSE,TRUE,0.495495495,4.483636364
Normal,6689,trace 4615,DPDAFF,0,FALSE,TRUE,0,24.12941176
Normal,6689,trace 4616,NCFLProofFF,0,FALSE,TRUE,0,6.22
Normal,6689,trace 4617,NCFLversusDCFLFF,0,FALSE,TRUE,0,4.546666667
Normal,6689,trace 4618,GrammarsForDCFLFF,0,FALSE,TRUE,0,10.56363636
Normal,6689,trace 4619,CFLClosurePropertiesFF,0,FALSE,TRUE,0.033333333,9.903448276
Normal,6689,trace 4620,CFLPumpingLemmaFF,0,TRUE,TRUE,0.088888889,5.686363636
Credit Seeking,6689,trace 4621,CFLPumpingLemmaExample1FF,0,FALSE,TRUE,0.333333333,7.261290323
Credit Seeking,6689,trace 4622,PairToSortCONPI,0,FALSE,TRUE,0.297297297,9923.588889
Normal,6689,trace 4623,LowerBound,0,FALSE,TRUE,0.272727273,21.12
Normal,6689,trace 4624,TwoMulExample,0,FALSE,TRUE,0,27.0125
Normal,6689,trace 4625,TravelSalesman,0,FALSE,TRUE,0,29.95789474
Normal,6689,trace 4626,KClique,0,FALSE,TRUE,0,16.65454545
Normal,6689,trace 4627,SATProof,0,FALSE,TRUE,0,16.52
Normal,6689,trace 4628,NPCCoping,0,FALSE,TRUE,0.2,21.58571429
Normal,6689,trace 4629,UnsolveableProblems1,0,FALSE,TRUE,0,104.9
Normal,6689,trace 4630,UnsolveableProblems2,0,FALSE,TRUE,0,27.88571429
Normal,6689,trace 4631,TMGeneralModel,1,FALSE,TRUE,0.128571429,12.0173913
Normal,6689,trace 4632,TMInterpreting,0,FALSE,TRUE,0.076923077,7.968
Normal,6689,trace 4633,TMDecidableVSAcceptable,0,FALSE,TRUE,0,9.683333333
Normal,6689,trace 4634,TMComplicatedMachine3,0,FALSE,TRUE,0,5.00952381
Normal,6689,trace 4635,TMGeneralModel,1,FALSE,FALSE,0,5.233333333
Normal,6701,trace 4636,LanguagesFS,0,FALSE,TRUE,0.232142857,50.87636364
Normal,6701,trace 4637,GrammarIntroFS,0,TRUE,TRUE,0.051948052,28.46315789
Normal,6701,trace 4638,LanguagesFS,1,FALSE,FALSE,0,293.02
Credit Seeking,6701,trace 4639,RelationsFS,0,FALSE,TRUE,0.285714286,29.41
Normal,6701,trace 4640,EquivFS,0,FALSE,TRUE,0,24.03333333
Credit Seeking,6701,trace 4641,DFAintroFS,0,FALSE,TRUE,0.34375,36.68387097
Normal,6701,trace 4642,DFAadvancedFS,0,TRUE,TRUE,0.047619048,56.16
Normal,6701,trace 4643,RegExFS,0,FALSE,FALSE,0.24137931,26.57857143
Normal,6701,trace 4644,RegEx2NFA1FS,0,FALSE,FALSE,0,101.0166667
Normal,6701,trace 4645,RegEx2NFAstarFS,0,FALSE,FALSE,0.25,2.7
Normal,6701,trace 4646,ConvertRLREFF,0,FALSE,TRUE,0,61.32631579
Credit Seeking,6701,trace 4648,RegularGrammarFF,0,FALSE,TRUE,0.4,1897.389744
Normal,6701,trace 4649,REtoFAExampleFF,0,FALSE,TRUE,0,4.775
Normal,6701,trace 4650,NFAToReExampleFF,0,FALSE,FALSE,0.153846154,8.508333333
Normal,6701,trace 4651,introToNonRegularFF,0,FALSE,FALSE,0,8.275
Normal,6701,trace 4652,UnsolveableProblems1,0,FALSE,FALSE,0,1.05
Normal,6701,trace 4653,TMGeneralModel,0,FALSE,TRUE,0.162162162,51.59178082
Normal,6701,trace 4654,TMInterpreting,0,FALSE,TRUE,0,214.9052632
Normal,6701,trace 4655,TMDecidableVSAcceptable,0,FALSE,TRUE,0.066666667,12.65714286
Normal,6701,trace 4656,TMComplicatedMachine3,0,FALSE,TRUE,0,9.4
Normal,6701,trace 4657,PairToSortCONPI,0,FALSE,TRUE,0.058823529,39.2625
Normal,6701,trace 4658,LowerBound,0,FALSE,TRUE,0,54.31428571
Normal,6701,trace 4659,TwoMulExample,0,FALSE,TRUE,0,24.575
Credit Seeking,6701,trace 4660,TravelSalesman,0,FALSE,TRUE,0.363636364,25.00625
Normal,6701,trace 4661,KClique,0,FALSE,TRUE,0,29.18333333
Normal,6701,trace 4662,SATProof,0,FALSE,TRUE,0.083333333,32.29090909
Normal,6701,trace 4663,NPCCoping,0,FALSE,FALSE,0,1.55
Normal,6701,trace 4664,UnsolveableProblems1,1,FALSE,TRUE,0,43.13333333
Normal,6701,trace 4665,UnsolveableProblems2,0,FALSE,TRUE,0,138.5545455
Normal,6701,trace 4666,SATProof,1,FALSE,FALSE,0,5.033333333
Normal,6701,trace 4667,UnsolveableProblems1,1,FALSE,FALSE,0,1.05
Normal,6704,trace 4668,LanguagesFS,0,FALSE,TRUE,0.055555556,17.09142857
Normal,6704,trace 4669,GrammarIntroFS,0,FALSE,TRUE,0,22.68571429
Normal,6704,trace 4670,DFAintroFS,0,FALSE,TRUE,0.15,13.53684211
Normal,6704,trace 4671,DFAadvancedFS,0,FALSE,TRUE,0,14.93846154
Credit Seeking,6704,trace 4672,RelationsFS,0,FALSE,TRUE,0.5,25.328
Normal,6704,trace 4673,EquivFS,0,FALSE,TRUE,0,39.04
Normal,6704,trace 4674,NFAFS,0,FALSE,TRUE,0,12.6375
Normal,6704,trace 4675,NFAequivFS,0,FALSE,TRUE,0,0.1
Normal,6704,trace 4676,NFA2DFAlargeExFS,0,FALSE,TRUE,0,15.24705882
Normal,6704,trace 4677,DFAMinFS,0,FALSE,TRUE,0,10.7625
Normal,6704,trace 4678,DFAMinEx1FS,0,FALSE,TRUE,0,9.6
Normal,6704,trace 4679,DFAMinEx2FS,0,FALSE,TRUE,0.071428571,13.85925926
Credit Seeking,6704,trace 4680,RegExFS,0,FALSE,FALSE,0.608695652,16.80222222
Normal,6704,trace 4681,introToNonRegularFF,0,FALSE,TRUE,0,6.546666667
Normal,6704,trace 4682,introToPumpingFF,0,FALSE,TRUE,0,5.022222222
Normal,6704,trace 4683,PLExample1FF,0,FALSE,FALSE,0,58.56875
Normal,6704,trace 4684,ClosurePropertiesFF,0,FALSE,TRUE,0.142857143,3.866666667
Normal,6704,trace 4685,ClosurePropertiesExample1FF,0,FALSE,TRUE,0.083333333,7.2
Credit Seeking,6704,trace 4686,ContextFreeLanguagesFF,0,FALSE,TRUE,0.384615385,9.268421053
Normal,6704,trace 4687,CFGDerivationsFF,0,FALSE,TRUE,0,6.733333333
Normal,6704,trace 4688,DerivationTreesFF,0,TRUE,TRUE,0,28.95294118
Normal,6704,trace 4689,MembershipProblemFF,0,FALSE,TRUE,0.047619048,21.21
Normal,6704,trace 4690,AmbiguityFF,0,FALSE,TRUE,0.12,132.4666667
Normal,6704,trace 4691,PDACFLFF,0,FALSE,FALSE,0,13.83043478
Normal,6704,trace 4692,GreibachNormalFormFF,0,FALSE,TRUE,0.25,21.64615385
Normal,6704,trace 4694,RemoveUselessFF,0,FALSE,TRUE,0,12.43076923
Normal,6704,trace 4695,RemoveLambdaFF,0,FALSE,TRUE,0.047619048,10.86
Credit Seeking,6704,trace 4696,RemoveUnitFF,0,FALSE,TRUE,0.583333333,9.847887324
Normal,6704,trace 4697,ChomskyNormalFormFF,0,FALSE,TRUE,0.058823529,13.0125
Normal,6704,trace 4698,UnsolveableProblems2,0,FALSE,TRUE,0,22.525
Normal,6704,trace 4699,UnsolveableProblems1,0,FALSE,TRUE,0,38.91111111
Normal,6704,trace 4700,SetDefFS,0,FALSE,TRUE,0,8.028571429
Normal,6704,trace 4701,SetNotationFS,0,FALSE,TRUE,0.041666667,6.965217391
Normal,6704,trace 4702,NFAequivFS,1,TRUE,TRUE,0,0.1
Credit Seeking,6704,trace 4703,RegExFS,1,FALSE,TRUE,0.333333333,8.070588235
Normal,6704,trace 4704,RegEx2NFA1FS,0,FALSE,TRUE,0,4.018181818
Normal,6704,trace 4705,RegEx2NFAorFS,0,FALSE,TRUE,0,6.314285714
Normal,6704,trace 4706,RegEx2NFAcatFS,0,FALSE,TRUE,0,5.911111111
Normal,6704,trace 4707,RegEx2NFAstarFS,0,FALSE,TRUE,0,4.65
Normal,6704,trace 4708,RegEXtoNFAExampleFF,0,FALSE,TRUE,0.125,9.013333333
Normal,6704,trace 4709,ConvertRLREFF,0,FALSE,TRUE,0,4.188235294
Normal,6704,trace 4710,RegularGrammarFF,0,FALSE,TRUE,0.2,5.675
Normal,6704,trace 4711,NFAToREFF,0,FALSE,TRUE,0.15,5.852631579
Normal,6704,trace 4712,REtoFAExampleFF,0,FALSE,TRUE,0,2.8
Normal,6704,trace 4713,RightLinearRGFF,0,FALSE,TRUE,0,5.228571429
Normal,6704,trace 4714,NFAToReExampleFF,0,FALSE,TRUE,0,11.29090909
Normal,6704,trace 4715,LeftLinearGrammarFF,0,FALSE,TRUE,0,6.475
Normal,6704,trace 4716,RegEXtoRegGrammarFF,0,FALSE,TRUE,0.071428571,68.48888889
Normal,6704,trace 4717,RegEXtoLeftRegGrammarFF,0,FALSE,TRUE,0.133333333,4.55862069
Normal,6704,trace 4718,STA,0,FALSE,TRUE,0,2.745454545
Normal,6707,trace 4719,LanguagesFS,0,FALSE,TRUE,0.18,96.84081633
Normal,6707,trace 4720,GrammarIntroFS,0,FALSE,TRUE,0.189189189,10.50555556
Normal,6707,trace 4721,SetDefFS,0,FALSE,TRUE,0,6.9
Normal,6707,trace 4722,SetNotationFS,0,FALSE,TRUE,0.107142857,491.0074074
Credit Seeking,6707,trace 4723,RelationsFS,0,FALSE,TRUE,0.361111111,7.805714286
Normal,6707,trace 4724,EquivFS,0,FALSE,TRUE,0,10.775
Normal,6707,trace 4725,LanguagesFS,1,FALSE,FALSE,0,6.05
Normal,6707,trace 4726,DFAintroFS,0,FALSE,TRUE,0.2,20.675
Normal,6707,trace 4727,DFAadvancedFS,0,FALSE,TRUE,0,1774.531579
Credit Seeking,6707,trace 4728,NFAFS,0,FALSE,FALSE,0.384615385,14.208
Normal,6707,trace 4729,NFAequivFS,0,FALSE,TRUE,0,0.1
Normal,6707,trace 4730,NFA2DFAlargeExFS,0,FALSE,FALSE,0,7.05
Credit Seeking,6707,trace 4731,NFAFS,1,FALSE,FALSE,0.875,1.095652174
Normal,6707,trace 4732,NFA2DFAlargeExFS,1,FALSE,TRUE,0,13.30588235
Credit Seeking,6707,trace 4733,NFAFS,1,FALSE,FALSE,0.666666667,3.525
Credit Seeking,6707,trace 4734,RegExFS,0,FALSE,FALSE,0.361111111,23.40985915
Normal,6707,trace 4736,ClosureConceptFF,0,FALSE,TRUE,0,7.472727273
Credit Seeking,6707,trace 4737,ClosureRegularLangFF,0,FALSE,TRUE,0.32,349.0083333
Normal,6707,trace 4738,RegularLangClosedInterFF,0,FALSE,FALSE,0,4.35
Normal,6707,trace 4739,HomomorphismFF,0,FALSE,TRUE,0,10.13333333
Credit Seeking,6707,trace 4740,ClosurePropertiesExample1FF,0,FALSE,FALSE,0.428571429,11.2
Credit Seeking,6707,trace 4741,ClosurePropertiesFF,0,FALSE,FALSE,0.333333333,3.64
Normal,6707,trace 4742,introToNonRegularFF,0,FALSE,TRUE,0.111111111,4.835294118
Credit Seeking,6707,trace 4743,ContextFreeLanguagesFF,0,FALSE,FALSE,0.769230769,3.516666667
Normal,6707,trace 4744,DerivationTreesFF,0,FALSE,TRUE,0.058823529,4.825
Credit Seeking,6707,trace 4745,CFGDerivationsFF,0,FALSE,FALSE,0.352941176,4.94375
Credit Seeking,6707,trace 4746,ContextFreeLanguagesFF,1,FALSE,FALSE,0.6875,4.937974684
Normal,6707,trace 4747,CFGDerivationsFF,1,FALSE,TRUE,0.020833333,12.66170213
Normal,6707,trace 4748,introToNonRegularFF,1,TRUE,TRUE,0,12.28
Normal,6707,trace 4749,CFLClosurePropertiesFF,0,FALSE,FALSE,0,2.7
Normal,6707,trace 4750,CFLPumpingLemmaExample5FF,0,FALSE,TRUE,0.185714286,3.350724638
Normal,6707,trace 4751,CFLPumpingLemmaExample4FF,0,FALSE,TRUE,0.134328358,2.381818182
Normal,6707,trace 4752,CFLPumpingLemmaExample3FF,0,FALSE,TRUE,0.236363636,2.318518519
Normal,6707,trace 4753,CFLPumpingLemmaExample2FF,0,FALSE,FALSE,0.132075472,2.405769231
Normal,6707,trace 4754,CFLPumpingLemmaFF,0,FALSE,TRUE,0.12,1.966666667
Normal,6707,trace 4755,CFLClosurePropertiesFF,1,FALSE,TRUE,0.115384615,1.768
Normal,6707,trace 4756,PDA,0,FALSE,FALSE,0.090909091,11.52
Credit Seeking,6707,trace 4757,PDAEmptyStackAcceptanceFF,0,FALSE,FALSE,0.4,3.9
Normal,6707,trace 4758,CFLPumpingLemmaExample1FF,0,FALSE,FALSE,0.1,3.022222222
Normal,6707,trace 4759,TMGeneralModel,0,FALSE,FALSE,0.076923077,2.258333333
Normal,6728,trace 4761,introToNonRegularFF,0,FALSE,TRUE,0,20.3
Normal,6728,trace 4762,PLExample1FF,0,FALSE,FALSE,0.111111111,45.7625
Normal,6728,trace 4763,PLExample4FF,0,FALSE,FALSE,0.066666667,2516.727586
Normal,6728,trace 4764,PLExample5FF,0,FALSE,TRUE,0.09375,30.36129032
Normal,6728,trace 4765,PLExample1FF,1,FALSE,FALSE,0,12.02
Normal,6728,trace 4766,PLExample6FF,0,FALSE,FALSE,0,6.42
Normal,6728,trace 4769,PLExample1FF,1,FALSE,FALSE,0,46.19090909
Normal,6728,trace 4770,ClosureConceptFF,0,FALSE,FALSE,0,3.033333333
Normal,6728,trace 4771,RegularLangClosedInterFF,0,FALSE,FALSE,0,10.775
Normal,6728,trace 4772,MajorConceptsFF,0,FALSE,TRUE,0.069767442,9.6
Normal,6728,trace 4773,GrammarIntroFF,0,FALSE,TRUE,0.113636364,9.63255814
Normal,6728,trace 4774,SetDefFF,0,FALSE,TRUE,0,4.44
Normal,6728,trace 4775,SetCommonSymbolsFF,0,FALSE,TRUE,0.043478261,10.64545455
Normal,6728,trace 4776,RelationsFF,0,FALSE,TRUE,0,44.61333333
Normal,6728,trace 4777,MathProofFF,0,FALSE,FALSE,0,4.275
Normal,6728,trace 4778,DFAFF,0,FALSE,FALSE,0.181818182,2.82
Credit Seeking,6728,trace 4779,RegularGrammarFF,0,FALSE,FALSE,0.785714286,7.084615385
Normal,6728,trace 4780,GrammarIntroFF,1,FALSE,FALSE,0,4.55
Credit Seeking,6728,trace 4781,PLExample6FF,1,FALSE,FALSE,0.315789474,12.78333333
Credit Seeking,6728,trace 4782,PDACFLFF,0,FALSE,TRUE,0.491803279,16.10082645
Credit Seeking,6728,trace 4783,CFLPumpingLemmaFF,0,FALSE,FALSE,0.333333333,4.463636364
Normal,6728,trace 4784,CFLPumpingLemmaExample1FF,0,TRUE,TRUE,0.037735849,3330.080769
Normal,6728,trace 4785,CFLPumpingLemmaExample4FF,0,FALSE,TRUE,0.209677419,2.26557377
Credit Seeking,6728,trace 4786,TMGeneralModel,0,FALSE,FALSE,0.803278689,1.901666667
Credit Seeking,6728,trace 4787,TMDecidableVSAcceptable,0,FALSE,TRUE,0.315789474,1.9
Normal,6728,trace 4788,MathProofFF,1,FALSE,TRUE,0.25,2.103225806
Normal,6728,trace 4789,ContinuedMathProofFF,0,FALSE,TRUE,0.041666667,3.356521739
Credit Seeking,6728,trace 4790,InductionProofExample1FF,0,FALSE,TRUE,0.4,1.55862069
Credit Seeking,6728,trace 4791,InductionProofExample2FF,0,FALSE,TRUE,0.347826087,1.6
Credit Seeking,6728,trace 4792,DFAFF,1,FALSE,FALSE,0.613636364,2.772093023
Credit Seeking,6728,trace 4793,FADefinitionsFF,0,FALSE,FALSE,0.4375,1.073333333
Credit Seeking,6728,trace 4794,DFAFF,1,FALSE,TRUE,0.375,2.443478261
Credit Seeking,6728,trace 4795,FADefinitionsFF,1,FALSE,TRUE,0.907142857,5.469064748
Normal,6728,trace 4796,CFLClosurePropertiesFF,0,FALSE,TRUE,0,2.266666667
Normal,6728,trace 4797,CFLPumpingLemmaFF,1,FALSE,TRUE,0.058823529,1.7
Credit Seeking,6728,trace 4798,CFLPumpingLemmaExample2FF,0,FALSE,FALSE,0.609375,1.907936508
Credit Seeking,6728,trace 4799,CFLPumpingLemmaExample3FF,0,FALSE,FALSE,0.323529412,1.7
Credit Seeking,6728,trace 4800,CFLPumpingLemmaExample2FF,1,FALSE,FALSE,0.5,0.04
Credit Seeking,6728,trace 4801,CFLPumpingLemmaExample3FF,1,FALSE,TRUE,0.379310345,0.971428571
Credit Seeking,6728,trace 4802,CFLPumpingLemmaExample5FF,0,FALSE,TRUE,0.392857143,1812.339759
Normal,6728,trace 4803,CFLPumpingLemmaExample2FF,1,FALSE,TRUE,0.12,2.091666667
Credit Seeking,6728,trace 4804,introToPumpingFF,0,FALSE,TRUE,0.318181818,1.438095238
Credit Seeking,6728,trace 4805,PLExample4FF,1,FALSE,TRUE,0.307692308,1.433333333
Normal,6728,trace 4806,PLExample1FF,1,FALSE,TRUE,0.034482759,2.007142857
Normal,6728,trace 4807,PLExample2FF,0,FALSE,TRUE,0.162790698,1.933333333
Normal,6728,trace 4808,ClosurePropertiesExample3FF,0,FALSE,TRUE,0.166666667,1.290909091
Normal,6728,trace 4809,ClosurePropertiesExample1FF,0,FALSE,TRUE,0.076923077,1.683333333
Credit Seeking,6728,trace 4810,ClosurePropertiesExample2FF,0,FALSE,TRUE,0.411764706,0.95
Credit Seeking,6728,trace 4811,ClosurePropertiesFF,0,FALSE,FALSE,0.961038961,0.698684211
Normal,6728,trace 4812,PLExample6FF,1,FALSE,TRUE,0.058823529,1.8875
Credit Seeking,6728,trace 4813,ClosurePropertiesFF,1,FALSE,FALSE,0.962025316,0.887179487
Normal,6728,trace 4814,PLExample3FF,0,FALSE,TRUE,0.217391304,1.671111111
Credit Seeking,6728,trace 4815,ClosurePropertiesFF,1,FALSE,TRUE,0.538461538,2.183333333
Credit Seeking,6728,trace 4816,ContextFreeLanguagesFF,0,FALSE,FALSE,0.813559322,1529.676068
Credit Seeking,6728,trace 4817,PDA,0,FALSE,FALSE,0.607142857,1.822222222
Credit Seeking,6728,trace 4818,DPDAFF,0,FALSE,TRUE,0.40625,3.135483871
Normal,6728,trace 4819,NCFLversusDCFLFF,0,FALSE,TRUE,0,2.65
Normal,6728,trace 4820,NCFLProofFF,0,FALSE,TRUE,0,2.018181818
Normal,6728,trace 4821,GrammarsForDCFLFF,0,FALSE,TRUE,0.071428571,1.784615385
Normal,6728,trace 4822,PDA,1,FALSE,TRUE,0.142857143,1.033333333
Normal,6728,trace 4823,PDATransitionsFF,0,TRUE,TRUE,0.071428571,1.896296296
Credit Seeking,6728,trace 4824,PDAAcceptanceFF,0,FALSE,FALSE,0.6,3.215789474
Credit Seeking,6728,trace 4825,TMGeneralModel,1,FALSE,FALSE,0.511627907,1.454761905
Credit Seeking,6728,trace 4826,PDAAcceptanceFF,1,FALSE,TRUE,0.584,1.19516129
Credit Seeking,6728,trace 4827,PDAEmptyStackAcceptanceFF,0,FALSE,TRUE,0.376623377,4.160526316
Normal,6728,trace 4828,PDAAcceptanceEquivalenceFF,0,FALSE,TRUE,0.235294118,1.4
Credit Seeking,6728,trace 4829,TMComplicatedMachine3,0,FALSE,TRUE,0.3,2.517948718
Credit Seeking,6728,trace 4830,TMGeneralModel,1,FALSE,FALSE,0.88,0.55
Normal,6728,trace 4831,TMInterpreting,0,FALSE,TRUE,0.272727273,2.38125
Credit Seeking,6728,trace 4832,TMGeneralModel,1,FALSE,TRUE,0.539325843,2.115909091
Normal,6728,trace 4833,TransformGrammarsFF,0,FALSE,TRUE,0.138888889,1.92
Credit Seeking,6728,trace 4834,RemoveUselessFF,0,FALSE,FALSE,0.363636364,8.623809524
Normal,6728,trace 4835,RemoveLambdaFF,0,FALSE,FALSE,0.25,0.871428571
Credit Seeking,6728,trace 4836,GreibachNormalFormFF,0,FALSE,FALSE,0.685714286,2.888235294
Normal,6728,trace 4838,TMGeneralModel,1,FALSE,FALSE,0,1.55
Normal,6728,trace 4839,CFGDerivationsFF,0,FALSE,FALSE,0.25,0.7
Credit Seeking,6728,trace 4840,ContextFreeLanguagesFF,1,FALSE,TRUE,0.929824561,1.967857143
Credit Seeking,6728,trace 4841,CFGDerivationsFF,1,FALSE,FALSE,0.608247423,1.126041667
Credit Seeking,6728,trace 4843,CFGDerivationsFF,1,FALSE,TRUE,0.647540984,0.960330579
Credit Seeking,6728,trace 4844,DerivationTreesFF,0,FALSE,TRUE,0.577777778,1.095454545
Normal,6728,trace 4845,MembershipProblemFF,0,FALSE,FALSE,0.2,1.677777778
Credit Seeking,6728,trace 4846,AmbiguityFF,0,FALSE,TRUE,0.326086957,1.582222222
Credit Seeking,6728,trace 4847,MembershipProblemFF,1,FALSE,TRUE,0.434782609,20.96363636
Credit Seeking,6728,trace 4848,PairToSortCONPI,0,FALSE,TRUE,0.482758621,386.6857143
Normal,6728,trace 4849,LowerBound,0,TRUE,TRUE,0.083333333,2.109090909
Credit Seeking,6728,trace 4850,TwoMulExample,0,FALSE,TRUE,0.333333333,2.225
Normal,6728,trace 4851,TravelSalesman,0,FALSE,TRUE,0.269230769,22.328
Credit Seeking,6728,trace 4852,KClique,0,FALSE,TRUE,0.4,1.133333333
Normal,6728,trace 4853,SATProof,0,FALSE,TRUE,0.176470588,21.2625
Credit Seeking,6728,trace 4854,NPCCoping,0,FALSE,TRUE,0.716981132,1.657692308
Normal,6728,trace 4855,UnsolveableProblems1,0,FALSE,TRUE,0.2,1.514285714
Credit Seeking,6728,trace 4856,UnsolveableProblems2,0,FALSE,TRUE,0.318181818,28357.52857
Normal,6728,trace 4857,PairToSortCONPI,1,FALSE,FALSE,0,38.62
Normal,6728,trace 4858,UnsolveableProblems1,1,TRUE,TRUE,0,104.24
Normal,6728,trace 4859,TMGeneralModel,1,TRUE,TRUE,0,59.37272727
Normal,6728,trace 4860,TMInterpreting,1,FALSE,FALSE,0,5.525
Normal,6728,trace 4861,TMDecidableVSAcceptable,1,TRUE,TRUE,0.111111111,70.9
Normal,6728,trace 4862,TravelSalesman,1,FALSE,FALSE,0,74.35
Normal,6732,trace 4863,RegularGrammarFF,0,FALSE,FALSE,0,0.1
Normal,6732,trace 4864,introToNonRegularFF,0,FALSE,TRUE,0,14.94666667
Normal,6732,trace 4865,introToPumpingFF,0,FALSE,TRUE,0.076923077,10.93333333
Normal,6732,trace 4866,PLExample1FF,0,FALSE,FALSE,0.181818182,17.628125
Normal,6732,trace 4867,PLExample2FF,0,FALSE,TRUE,0.055555556,13.20571429
Credit Seeking,6732,trace 4868,ClosurePropertiesFF,0,FALSE,TRUE,0.416666667,9.745454545
Credit Seeking,6732,trace 4869,ContextFreeLanguagesFF,0,FALSE,FALSE,0.545454545,9.32
Normal,6732,trace 4870,CFGDerivationsFF,0,FALSE,FALSE,0,4.04
Normal,6732,trace 4872,RemoveUselessFF,0,FALSE,FALSE,0,5.033333333
Normal,6732,trace 4874,LeftLinearGrammarFF,0,FALSE,TRUE,0.113636364,8.330232558
Normal,6732,trace 4875,RightLinearRGFF,0,FALSE,TRUE,0.045454545,8.485714286
Normal,6732,trace 4876,REtoFAExampleFF,0,FALSE,TRUE,0,12.275
Credit Seeking,6732,trace 4877,RegularExpressionsFF,0,FALSE,FALSE,0.485714286,16.41764706
Credit Seeking,6732,trace 4879,RegularExpressionsFF,1,FALSE,FALSE,0.5,2.44
Normal,6732,trace 4881,ClosurePropertiesExample1FF,0,FALSE,FALSE,0,7.775
Normal,6732,trace 4882,DerivationTreesFF,0,FALSE,FALSE,0,1.05
Normal,6732,trace 4884,CFLClosurePropertiesFF,0,FALSE,FALSE,0.105263158,6.672222222
Credit Seeking,6732,trace 4885,PDACFLFF,0,FALSE,TRUE,0.428571429,3.655769231
Normal,6732,trace 4886,GrammarsForDCFLFF,0,FALSE,TRUE,0,13.43333333
Normal,6732,trace 4887,DPDAFF,0,FALSE,FALSE,0.083333333,7.645454545
Normal,6732,trace 4888,TMInterpreting,0,FALSE,FALSE,0.25,3.073333333
Normal,6732,trace 4889,CFLClosurePropertiesFF,1,FALSE,FALSE,0,42.275
Credit Seeking,6732,trace 4890,TravelSalesman,0,FALSE,TRUE,0.425,26.18461538
Normal,6732,trace 4891,SATProof,0,FALSE,FALSE,0.230769231,6.341666667
Normal,6732,trace 4893,UnsolveableProblems1,0,FALSE,TRUE,0,39.42
Normal,6732,trace 4894,UnsolveableProblems2,0,FALSE,TRUE,0,97.45714286
Credit Seeking,6732,trace 4895,RelationsFF,0,FALSE,TRUE,0.614035088,3.039285714
Credit Seeking,6734,trace 4896,RegularGrammarFF,0,FALSE,TRUE,0.310344828,31.43571429
Normal,6734,trace 4897,NFAToREFF,0,FALSE,TRUE,0,11854.44286
Normal,6734,trace 4898,REtoFAExampleFF,0,FALSE,TRUE,0,4.025
Normal,6734,trace 4899,RightLinearRGFF,0,FALSE,TRUE,0,8.68
Normal,6734,trace 4900,NFAToReExampleFF,0,FALSE,TRUE,0,4.62
Normal,6734,trace 4901,LeftLinearGrammarFF,0,FALSE,TRUE,0,62.70666667
Normal,6734,trace 4902,RegEXtoRegGrammarFF,0,FALSE,TRUE,0.04,24.675
Normal,6734,trace 4903,RegEXtoLeftRegGrammarFF,0,FALSE,TRUE,0.076923077,18.128
Normal,6734,trace 4904,STA,0,FALSE,TRUE,0.083333333,3.472727273
Normal,6734,trace 4905,ClosureConceptFF,0,FALSE,TRUE,0.076923077,9.016666667
Normal,6734,trace 4906,ClosureRegularLangFF,0,FALSE,TRUE,0,23.21333333
Normal,6734,trace 4907,RegularLangClosedInterFF,0,FALSE,TRUE,0.2,15.54358974
Normal,6734,trace 4908,RightQuotientFF,0,TRUE,TRUE,0,14.51891892
Normal,6734,trace 4909,HomomorphismFF,0,FALSE,TRUE,0,14.24444444
Normal,6734,trace 4910,introToNonRegularFF,0,FALSE,TRUE,0,9.95
Normal,6734,trace 4911,introToPumpingFF,0,FALSE,TRUE,0,10.12
Normal,6734,trace 4912,PLExample1FF,0,FALSE,TRUE,0.042553191,15.4173913
Normal,6734,trace 4913,PLExample2FF,0,FALSE,TRUE,0,10.97142857
Normal,6734,trace 4914,PLExample3FF,0,FALSE,TRUE,0,15.85925926
Normal,6734,trace 4915,PLExample4FF,0,FALSE,TRUE,0,13.16153846
Normal,6734,trace 4916,PLExample5FF,0,FALSE,TRUE,0,9.06
Normal,6734,trace 4917,PLExample6FF,0,FALSE,TRUE,0.03030303,10.975
Normal,6734,trace 4918,ClosurePropertiesFF,0,FALSE,TRUE,0,5.05
Normal,6734,trace 4919,ClosurePropertiesExample1FF,0,FALSE,TRUE,0,7.42
Normal,6734,trace 4920,ClosurePropertiesExample2FF,0,FALSE,TRUE,0,7.028571429
Normal,6734,trace 4921,ClosurePropertiesExample3FF,0,FALSE,TRUE,0,20.02222222
Credit Seeking,6734,trace 4922,ContextFreeLanguagesFF,0,FALSE,TRUE,0.302325581,13.67142857
Normal,6734,trace 4923,CFGDerivationsFF,0,FALSE,TRUE,0.084745763,17.24482759
Normal,6734,trace 4924,DerivationTreesFF,0,TRUE,TRUE,0,8.738461538
Normal,6734,trace 4925,MembershipProblemFF,0,FALSE,TRUE,0.142857143,21.71111111
Normal,6734,trace 4926,AmbiguityFF,0,FALSE,TRUE,0,8.41
Normal,6734,trace 4927,TransformGrammarsFF,0,FALSE,TRUE,0,19.97037037
Normal,6734,trace 4928,RemoveUselessFF,0,FALSE,TRUE,0.176470588,204.7030303
Normal,6734,trace 4929,RemoveLambdaFF,0,FALSE,TRUE,0,67.07058824
Normal,6734,trace 4930,RemoveUnitFF,0,FALSE,TRUE,0.239130435,1437.048889
Normal,6734,trace 4931,ChomskyNormalFormFF,0,FALSE,TRUE,0,12.94285714
Credit Seeking,6734,trace 4932,GreibachNormalFormFF,0,FALSE,TRUE,0.481481481,3621.815094
Normal,6734,trace 4933,PDACFLFF,0,FALSE,FALSE,0,54.09545455
Normal,6734,trace 4934,PDA,0,FALSE,TRUE,0,45.26666667
Normal,6734,trace 4935,PDATransitionsFF,0,FALSE,TRUE,0,19.48235294
Normal,6734,trace 4936,PDAAcceptanceFF,0,FALSE,TRUE,0,9.748571429
Normal,6734,trace 4937,PDAEmptyStackAcceptanceFF,0,FALSE,TRUE,0,9.783333333
Normal,6734,trace 4938,PDAAcceptanceEquivalenceFF,0,FALSE,TRUE,0,3564.694737
Normal,6734,trace 4939,PDACFLFF,1,FALSE,TRUE,0.023255814,13.31428571
Normal,6734,trace 4940,DPDAFF,0,FALSE,TRUE,0,44.2625
Normal,6734,trace 4941,NCFLProofFF,0,FALSE,TRUE,0,14.02222222
Normal,6734,trace 4942,NCFLversusDCFLFF,0,FALSE,TRUE,0,2.6
Normal,6734,trace 4943,GrammarsForDCFLFF,0,FALSE,TRUE,0,38.29090909
Normal,6734,trace 4944,CFLClosurePropertiesFF,0,FALSE,TRUE,0.25,13.36129032
Normal,6734,trace 4945,CFLPumpingLemmaFF,0,TRUE,TRUE,0,20.37894737
Normal,6734,trace 4946,CFLPumpingLemmaExample1FF,0,FALSE,TRUE,0,7.706666667
Normal,6734,trace 4947,CFLPumpingLemmaExample2FF,0,FALSE,TRUE,0,13.84
Normal,6734,trace 4948,CFLPumpingLemmaExample3FF,0,FALSE,TRUE,0,4.9
Normal,6734,trace 4949,CFLPumpingLemmaExample4FF,0,FALSE,TRUE,0,7.689473684
Normal,6734,trace 4950,CFLPumpingLemmaExample5FF,0,FALSE,TRUE,0.139534884,6.29047619
Normal,6734,trace 4951,TMGeneralModel,0,FALSE,TRUE,0,19.51428571
Normal,6734,trace 4952,TMInterpreting,0,FALSE,TRUE,0.047619048,22.86
Normal,6734,trace 4953,TMDecidableVSAcceptable,0,FALSE,TRUE,0,16.92
Normal,6734,trace 4954,PairToSortCONPI,0,FALSE,TRUE,0,28.18333333
Normal,6734,trace 4955,LowerBound,0,TRUE,TRUE,0,31.8
Normal,6734,trace 4956,TwoMulExample,0,FALSE,TRUE,0,108.3
Normal,6734,trace 4957,TravelSalesman,0,FALSE,TRUE,0.136363636,30.48571429
Normal,6734,trace 4958,KClique,0,FALSE,TRUE,0,25.13333333
Normal,6734,trace 4959,SATProof,0,FALSE,TRUE,0,76.68888889
Normal,6734,trace 4960,NPCCoping,0,FALSE,TRUE,0.076923077,37.6
Normal,6743,trace 4961,SetDefFF,0,FALSE,FALSE,0,1.7
Normal,6743,trace 4962,SetCommonSymbolsFF,0,FALSE,FALSE,0.238095238,2.755
Normal,6743,trace 4963,ClosureConceptFF,0,FALSE,TRUE,0.071428571,143.3230769
Normal,6743,trace 4964,ClosureRegularLangFF,0,FALSE,TRUE,0,59.95
Normal,6743,trace 4965,RegularLangClosedInterFF,0,FALSE,TRUE,0,65.11034483
Normal,6743,trace 4966,RightQuotientFF,0,TRUE,TRUE,0,714.0057143
Normal,6743,trace 4967,HomomorphismFF,0,FALSE,TRUE,0,35.8
Normal,6743,trace 4968,introToNonRegularFF,0,TRUE,TRUE,0,11.01052632
Normal,6743,trace 4969,introToPumpingFF,0,FALSE,TRUE,0,23.025
Normal,6743,trace 4970,PLExample1FF,0,FALSE,TRUE,0.134615385,264.3372549
Normal,6743,trace 4971,PLExample2FF,0,FALSE,TRUE,0.066666667,19.3862069
Normal,6743,trace 4972,ContextFreeLanguagesFF,0,FALSE,TRUE,0.162790698,112.4809524
Normal,6743,trace 4973,CFGDerivationsFF,0,FALSE,TRUE,0.123287671,951.9611111
Normal,6743,trace 4974,DerivationTreesFF,0,FALSE,TRUE,0,47.2
Normal,6743,trace 4975,AmbiguityFF,0,FALSE,FALSE,0,152.5916667
Normal,6743,trace 4976,MembershipProblemFF,0,FALSE,FALSE,0,6.82
Credit Seeking,6743,trace 4977,CFLClosurePropertiesFF,0,FALSE,TRUE,0.283018868,14.94615385
Normal,6743,trace 4978,CFLPumpingLemmaFF,0,FALSE,TRUE,0.045454545,18.00952381
Credit Seeking,6743,trace 4979,CFLPumpingLemmaExample1FF,0,FALSE,TRUE,0.28125,50.52698413
Normal,6743,trace 4980,CFLPumpingLemmaExample2FF,0,FALSE,TRUE,0,30.00625
Normal,6743,trace 4981,CFLPumpingLemmaExample3FF,0,FALSE,FALSE,0.1,5.122222222
Normal,6743,trace 4982,CFLPumpingLemmaExample5FF,0,FALSE,TRUE,0.181818182,18.55925926
Normal,6743,trace 4983,PLExample1FF,1,FALSE,FALSE,0,55.00833333
Normal,6743,trace 4984,PDACFLFF,0,FALSE,FALSE,0.064516129,90.83666667
Normal,6743,trace 4985,RemoveUselessFF,0,FALSE,FALSE,0,43.91
Normal,6743,trace 4986,RemoveLambdaFF,0,FALSE,TRUE,0,53.66
Credit Seeking,6743,trace 4987,PDACFLFF,1,FALSE,TRUE,0.368421053,6.221621622
Credit Seeking,6743,trace 4988,PDA,0,FALSE,TRUE,0.423076923,28.608
Normal,6743,trace 4989,PDATransitionsFF,0,FALSE,TRUE,0.05,66.58947368
Normal,6743,trace 4990,PDAAcceptanceFF,0,FALSE,FALSE,0.125,4975.569565
Normal,6743,trace 4991,DPDAFF,0,FALSE,FALSE,0,4.516666667
Normal,6743,trace 4992,GrammarsForDCFLFF,0,FALSE,TRUE,0.0625,5.013333333
Normal,6743,trace 4993,NCFLversusDCFLFF,0,FALSE,TRUE,0,4.022222222
Normal,6743,trace 4994,TMGeneralModel,0,FALSE,TRUE,0.079365079,43.00322581
Normal,6743,trace 4995,TMInterpreting,0,FALSE,TRUE,0.111111111,29.31538462
Normal,6743,trace 4996,TMDecidableVSAcceptable,0,FALSE,TRUE,0.157894737,7.233333333
Normal,6743,trace 4997,PairToSortCONPI,0,FALSE,FALSE,0,76.02
Normal,6743,trace 4998,UnsolveableProblems1,0,FALSE,TRUE,0,41.42
Normal,6743,trace 4999,UnsolveableProblems2,0,FALSE,FALSE,0,49101.55
Normal,6743,trace 5000,PairToSortCONPI,1,FALSE,TRUE,0.214285714,3.630769231
Normal,6743,trace 5001,LowerBound,0,TRUE,TRUE,0.055555556,2.952941176
Normal,6792,trace 5002,introToPumpingFF,0,FALSE,TRUE,0,16.4
Normal,6792,trace 5003,PLExample1FF,0,FALSE,FALSE,0,18.00833333
Normal,6792,trace 5004,PLExample4FF,0,FALSE,FALSE,0,30.22142857
Credit Seeking,6792,trace 5005,RegularGrammarFF,0,FALSE,FALSE,0.285714286,2.2
Normal,6792,trace 5007,RightLinearRGFF,0,FALSE,FALSE,0,7.525
Normal,6792,trace 5008,PLExample4FF,1,FALSE,FALSE,0,77.8875
Normal,6792,trace 5009,PLExample5FF,0,FALSE,TRUE,0,20.425
Normal,6792,trace 5010,ClosurePropertiesExample2FF,0,FALSE,TRUE,0,26.65
Credit Seeking,6792,trace 5011,ClosurePropertiesFF,0,FALSE,FALSE,0.837209302,4.40952381
Normal,6792,trace 5012,ClosurePropertiesExample3FF,0,FALSE,TRUE,0,46.13333333
Normal,6792,trace 5013,ClosurePropertiesExample1FF,0,FALSE,FALSE,0,21.8875
Normal,6792,trace 5014,PLExample1FF,1,FALSE,FALSE,0.066666667,83.65
Normal,6792,trace 5015,PLExample3FF,0,FALSE,FALSE,0,8.727777778
Normal,6792,trace 5016,PLExample1FF,1,FALSE,FALSE,0.166666667,6.22
Normal,6792,trace 5017,PLExample4FF,1,FALSE,FALSE,0,22.42
Normal,6792,trace 5018,ContextFreeLanguagesFF,0,FALSE,TRUE,0.117647059,16.36969697
Normal,6792,trace 5019,CFGDerivationsFF,0,FALSE,FALSE,0.117647059,387.002
Credit Seeking,6792,trace 5020,GrammarIntroFF,0,FALSE,FALSE,0.409090909,8.576190476
Credit Seeking,6792,trace 5021,MajorConceptsFF,0,FALSE,FALSE,0.8,4.914705882
Normal,6792,trace 5022,NFA,0,FALSE,FALSE,0,9.02
Normal,6792,trace 5023,PDACFLFF,0,FALSE,FALSE,0,5.275
Credit Seeking,6792,trace 5024,RegularGrammarFF,1,FALSE,FALSE,0.416666667,6.463636364
Normal,6792,trace 5025,MajorConceptsFF,1,FALSE,FALSE,0,0.55
Credit Seeking,6792,trace 5026,RemoveUselessFF,0,FALSE,TRUE,0.581081081,9.701369863
Normal,6792,trace 5027,TransformGrammarsFF,0,FALSE,TRUE,0,11.77333333
Normal,6792,trace 5028,RemoveLambdaFF,0,FALSE,TRUE,0,11.325
Normal,6792,trace 5029,RemoveUnitFF,0,FALSE,FALSE,0,2.033333333
Credit Seeking,6792,trace 5030,RemoveUselessFF,1,TRUE,TRUE,0.375,10.14
Normal,6792,trace 5031,GreibachNormalFormFF,0,FALSE,FALSE,0,12.85
Normal,6792,trace 5032,ChomskyNormalFormFF,0,FALSE,TRUE,0.0625,11.14666667
Credit Seeking,6792,trace 5033,RemoveUselessFF,1,TRUE,FALSE,0.5,16.01428571
Credit Seeking,6792,trace 5034,RemoveUnitFF,1,FALSE,TRUE,0.366666667,21.35932203
Normal,6792,trace 5035,RemoveUselessFF,1,TRUE,FALSE,0,52.73636364
Normal,6792,trace 5036,ChomskyNormalFormFF,1,FALSE,FALSE,0,43.7
Normal,6792,trace 5037,GreibachNormalFormFF,1,FALSE,TRUE,0.113636364,43.67674419
Normal,6792,trace 5038,PDAAcceptanceFF,0,FALSE,FALSE,0.210526316,6.783333333
Normal,6792,trace 5039,TMGeneralModel,0,FALSE,TRUE,0.078125,11.52698413
Normal,6792,trace 5040,TMInterpreting,0,FALSE,TRUE,0.083333333,16.22608696
Normal,6792,trace 5041,TMDecidableVSAcceptable,0,FALSE,TRUE,0.076923077,14.85
Normal,6792,trace 5042,TMComplicatedMachine3,0,FALSE,TRUE,0,13.00869565
Credit Seeking,6792,trace 5043,CFGDerivationsFF,1,FALSE,TRUE,0.322580645,3.006666667
Normal,6792,trace 5044,ContextFreeLanguagesFF,1,TRUE,TRUE,0.037037037,11.46923077
Credit Seeking,6792,trace 5045,PDA,0,FALSE,TRUE,0.567567568,8.783333333
Normal,6792,trace 5046,PDATransitionsFF,0,FALSE,TRUE,0,8.009090909
Normal,6792,trace 5047,PDAAcceptanceFF,1,FALSE,FALSE,0,1.55
Normal,6792,trace 5048,RemoveUnitFF,1,FALSE,FALSE,0,7.05
Normal,6792,trace 5049,RemoveUselessFF,1,TRUE,TRUE,0,0.1
Normal,6792,trace 5052,RemoveLambdaFF,1,FALSE,FALSE,0.166666667,9.64
Credit Seeking,6792,trace 5053,GrammarIntroFF,1,FALSE,TRUE,0.442622951,2.186666667
Normal,6792,trace 5054,MajorConceptsFF,1,FALSE,TRUE,0.26984127,2.841935484
Normal,6792,trace 5055,NFA2DFAFrames,0,FALSE,FALSE,0,56.02
Normal,6792,trace 5056,NFAtoDFAFF,0,FALSE,TRUE,0,217.3142857
Normal,6792,trace 5057,NFA,1,FALSE,FALSE,0,2.025
Normal,6792,trace 5058,MinimizationWithQuestionsFF,0,FALSE,FALSE,0,8.7
Normal,6792,trace 5059,DFAMinimizationFF,0,FALSE,FALSE,0,3.841666667
Credit Seeking,6792,trace 5060,MinimizationWithQuestionsFF,1,FALSE,FALSE,0.4,1.05
Normal,6792,trace 5061,RelationsFF,0,FALSE,TRUE,0,5.2625
Normal,6792,trace 5062,PDAAcceptanceEquivalenceFF,0,FALSE,TRUE,0,6.791304348
Normal,6796,trace 5063,ClosureConceptFF,0,FALSE,TRUE,0.071428571,13.4
Normal,6796,trace 5064,ClosureRegularLangFF,0,FALSE,TRUE,0,2265.9
Normal,6796,trace 5065,ClosureConceptFF,1,FALSE,FALSE,0,47.525
Normal,6796,trace 5066,RegularExpressionsFF,0,FALSE,FALSE,0.25,4.585714286
Normal,6796,trace 5067,MajorConceptsFF,0,FALSE,TRUE,0,19.05641026
Normal,6796,trace 5068,GrammarIntroFF,0,FALSE,TRUE,0.046511628,37.21904762
Normal,6796,trace 5069,SetDefFF,0,FALSE,TRUE,0,10.64
Normal,6796,trace 5070,SetCommonSymbolsFF,0,FALSE,TRUE,0.166666667,54.42068966
Normal,6796,trace 5071,RelationsFF,0,FALSE,TRUE,0.15,22.64210526
Normal,6796,trace 5072,MathProofFF,0,FALSE,TRUE,0.076923077,145.968
Normal,6796,trace 5073,ContinuedMathProofFF,0,FALSE,TRUE,0,17.325
Normal,6796,trace 5074,InductionProofExample1FF,0,FALSE,TRUE,0.15,4.168421053
Normal,6796,trace 5075,InductionProofExample2FF,0,FALSE,TRUE,0,5.472727273
Normal,6796,trace 5076,CFGDerivationsFF,0,FALSE,FALSE,0,5.183333333
Normal,6796,trace 5077,DerivationTreesFF,0,TRUE,TRUE,0,5.45
Normal,6796,trace 5078,MembershipProblemFF,0,FALSE,FALSE,0,4.033333333
Normal,6796,trace 5079,RegularExpressionsFF,1,FALSE,FALSE,0,5.05
Normal,6796,trace 5080,PLExample1FF,0,FALSE,FALSE,0.1875,7.54
Normal,6796,trace 5081,AmbiguityFF,0,FALSE,FALSE,0,61.85
Credit Seeking,6796,trace 5082,RegularExpressionsFF,1,FALSE,FALSE,0.416666667,12.47272727
Normal,6796,trace 5083,TransformGrammarsFF,0,FALSE,FALSE,0,36.07333333
Normal,6796,trace 5084,SATProof,0,FALSE,FALSE,0,2.775
Normal,6796,trace 5085,PairToSortCONPI,0,FALSE,FALSE,0,147.42
Credit Seeking,6796,trace 5086,TravelSalesman,0,FALSE,FALSE,0.684210526,14.45
Normal,6802,trace 5087,introToNonRegularFF,0,FALSE,TRUE,0.1,51.01052632
Normal,6802,trace 5088,introToPumpingFF,0,FALSE,TRUE,0.153846154,61.68333333
Normal,6802,trace 5089,PLExample1FF,0,FALSE,TRUE,0.087719298,25.98571429
Normal,6802,trace 5090,PLExample2FF,0,FALSE,TRUE,0.075,19.77435897
Normal,6802,trace 5091,PLExample3FF,0,FALSE,TRUE,0.032258065,42.44
Normal,6802,trace 5092,PLExample4FF,0,FALSE,TRUE,0.033333333,7.351724138
Normal,6802,trace 5093,PLExample5FF,0,FALSE,TRUE,0,15.13913043
Normal,6802,trace 5094,PLExample6FF,0,FALSE,TRUE,0.111111111,3.491428571
Normal,6802,trace 5095,ClosurePropertiesFF,0,FALSE,TRUE,0.125,2.6
Normal,6802,trace 5096,ClosurePropertiesExample1FF,0,FALSE,TRUE,0.230769231,7.933333333
Normal,6802,trace 5097,ClosurePropertiesExample2FF,0,FALSE,TRUE,0,3.133333333
Normal,6802,trace 5098,ClosurePropertiesExample3FF,0,FALSE,TRUE,0,2.525
Normal,6802,trace 5100,CFGDerivationsFF,0,FALSE,FALSE,0.034482759,18.39642857
Normal,6802,trace 5101,AmbiguityFF,0,FALSE,TRUE,0,23.86666667
Credit Seeking,6802,trace 5102,MembershipProblemFF,0,FALSE,FALSE,0.75862069,10.11428571
Normal,6802,trace 5103,DerivationTreesFF,0,TRUE,TRUE,0,4.122222222
Normal,6802,trace 5104,CFGDerivationsFF,1,FALSE,TRUE,0.035714286,6.97037037
Credit Seeking,6802,trace 5105,ContextFreeLanguagesFF,0,FALSE,FALSE,0.861111111,4.005714286
Normal,6802,trace 5107,GrammarIntroFF,0,FALSE,TRUE,0.136363636,5.725581395
Credit Seeking,6802,trace 5108,RegularExpressionsFF,0,FALSE,FALSE,0.459459459,9.533333333
Normal,6802,trace 5109,RegEXtoNFAExampleFF,0,FALSE,FALSE,0,4.05
Normal,6802,trace 5111,TransformGrammarsFF,0,FALSE,TRUE,0,11.57333333
Normal,6802,trace 5112,RemoveUselessFF,0,FALSE,FALSE,0.263157895,8.177777778
Normal,6802,trace 5113,RemoveUnitFF,0,FALSE,TRUE,0.229166667,3354.557447
Normal,6802,trace 5114,ChomskyNormalFormFF,0,FALSE,TRUE,0,27.73333333
Credit Seeking,6802,trace 5115,RemoveLambdaFF,0,FALSE,TRUE,0.361111111,13.63428571
Credit Seeking,6802,trace 5116,GreibachNormalFormFF,0,FALSE,FALSE,0.52173913,7.872727273
Credit Seeking,6802,trace 5117,PDA,0,FALSE,TRUE,0.485714286,6.8
Normal,6802,trace 5118,PDATransitionsFF,0,TRUE,TRUE,0.064516129,17.20666667
Normal,6802,trace 5119,PDAAcceptanceFF,0,FALSE,TRUE,0.045454545,20.70232558
Normal,6802,trace 5120,PDAAcceptanceEquivalenceFF,0,FALSE,TRUE,0.178571429,4.414814815
Normal,6802,trace 5121,PDAEmptyStackAcceptanceFF,0,FALSE,TRUE,0.069767442,7.719047619
Normal,6802,trace 5122,GreibachNormalFormFF,1,FALSE,TRUE,0.193548387,8.94
Credit Seeking,6802,trace 5123,RemoveUselessFF,1,FALSE,FALSE,0.684210526,8.622222222
Normal,6802,trace 5124,PDACFLFF,0,FALSE,FALSE,0.216666667,6.154237288
Normal,6802,trace 5125,DPDAFF,0,FALSE,TRUE,0.2,4.341666667
Normal,6802,trace 5126,NCFLProofFF,0,FALSE,TRUE,0,2.654545455
Normal,6802,trace 5127,NCFLversusDCFLFF,0,FALSE,TRUE,0,14354.275
Normal,6802,trace 5128,GrammarsForDCFLFF,0,FALSE,TRUE,0,11.47272727
Normal,6802,trace 5129,CFLClosurePropertiesFF,0,FALSE,TRUE,0.121212121,3.13125
Normal,6802,trace 5130,CFLPumpingLemmaFF,0,FALSE,TRUE,0.086956522,2.781818182
Normal,6802,trace 5131,CFLPumpingLemmaExample1FF,0,FALSE,TRUE,0.088888889,5.572727273
Normal,6802,trace 5132,CFLPumpingLemmaExample2FF,0,FALSE,TRUE,0,4.708108108
Normal,6802,trace 5133,CFLPumpingLemmaExample3FF,0,FALSE,TRUE,0.058823529,3.36969697
Normal,6802,trace 5134,CFLPumpingLemmaExample4FF,0,FALSE,TRUE,0.209677419,2.904918033
Credit Seeking,6802,trace 5135,CFLPumpingLemmaExample5FF,0,FALSE,TRUE,0.349206349,3.325806452
Credit Seeking,6802,trace 5136,TMGeneralModel,0,FALSE,TRUE,0.339622642,3.068571429
Credit Seeking,6802,trace 5137,TMInterpreting,0,FALSE,FALSE,0.333333333,2.17826087
Credit Seeking,6802,trace 5138,TMComplicatedMachine1,0,FALSE,TRUE,0.653846154,6.808
Normal,6802,trace 5139,TMGeneralModel,1,FALSE,FALSE,0,7.35
Normal,6802,trace 5140,TMInterpreting,1,FALSE,TRUE,0.166666667,4.2
Normal,6802,trace 5141,TMDecidableVSAcceptable,0,FALSE,TRUE,0,8.92
Normal,6802,trace 5142,STA,0,FALSE,TRUE,0,2.745454545
Credit Seeking,6802,trace 5143,RegularGrammarFF,0,FALSE,FALSE,0.642857143,3.707692308
Credit Seeking,6802,trace 5144,ContextFreeLanguagesFF,1,FALSE,FALSE,0.5,17.65636364
Normal,6802,trace 5145,MembershipProblemFF,1,FALSE,FALSE,0.25,0.733333333
Normal,6802,trace 5146,PairToSortCONPI,0,FALSE,FALSE,0,2.62
Normal,6802,trace 5147,TMComplicatedMachine3,0,FALSE,TRUE,0.037037037,2.738461538
Normal,6802,trace 5148,MembershipProblemFF,1,FALSE,TRUE,0.105263158,2.4
Credit Seeking,6802,trace 5149,PairToSortCONPI,1,FALSE,TRUE,0.586206897,1.935714286
Credit Seeking,6802,trace 5150,LowerBound,0,FALSE,TRUE,0.4375,2.813333333
Normal,6802,trace 5151,TwoMulExample,0,FALSE,TRUE,0,2.484210526
Credit Seeking,6802,trace 5152,TravelSalesman,0,FALSE,TRUE,0.466666667,2.209090909
Credit Seeking,6802,trace 5153,KClique,0,FALSE,TRUE,0.318181818,3.866666667
Normal,6802,trace 5154,SATProof,0,FALSE,TRUE,0.071428571,1.938461538
Normal,6802,trace 5155,NPCCoping,0,FALSE,TRUE,0.133333333,2.371428571
Normal,6802,trace 5156,UnsolveableProblems1,0,FALSE,TRUE,0,2.577777778
Normal,6802,trace 5157,UnsolveableProblems2,0,FALSE,TRUE,0,1.9
Normal,6802,trace 5158,MajorConceptsFF,0,FALSE,TRUE,0.115384615,4.141176471
Normal,6802,trace 5159,SetDefFF,0,FALSE,TRUE,0,2.9
Credit Seeking,6802,trace 5160,SetCommonSymbolsFF,0,FALSE,TRUE,0.333333333,2.791489362
Credit Seeking,6802,trace 5161,RelationsFF,0,FALSE,TRUE,0.285714286,2.562962963
Credit Seeking,6802,trace 5162,MathProofFF,0,FALSE,TRUE,0.30952381,4.687804878
Normal,6802,trace 5163,ContinuedMathProofFF,0,FALSE,TRUE,0,2.658823529
Normal,6802,trace 5164,InductionProofExample1FF,0,FALSE,TRUE,0.142857143,2.46
Normal,6802,trace 5165,InductionProofExample2FF,0,FALSE,TRUE,0.076923077,2.1
Normal,6802,trace 5166,DFAFF,0,FALSE,TRUE,0.171428571,3.917647059
Normal,6802,trace 5167,FADefinitionsFF,0,FALSE,TRUE,0.176470588,4.6375
Normal,6802,trace 5168,NFA,0,FALSE,TRUE,0,6.508333333
Normal,6802,trace 5169,TravelSalesman,1,FALSE,FALSE,0,1.05
Normal,6805,trace 5170,PLExample4FF,0,FALSE,FALSE,0.076923077,19.09166667
Normal,6805,trace 5171,PLExample1FF,0,FALSE,FALSE,0,23.82
Normal,6805,trace 5172,PLExample4FF,1,FALSE,FALSE,0.1,91.67777778
Normal,6805,trace 5173,PDAAcceptanceEquivalenceFF,0,FALSE,FALSE,0,35.7
Normal,6805,trace 5174,PDA,0,FALSE,TRUE,0,8.290909091
Normal,6805,trace 5175,PDATransitionsFF,0,TRUE,TRUE,0,17.11
Normal,6805,trace 5176,PDAAcceptanceFF,0,FALSE,TRUE,0,11.12380952
Normal,6805,trace 5177,PDAEmptyStackAcceptanceFF,0,FALSE,FALSE,0,28.3
Normal,6805,trace 5179,TMGeneralModel,0,FALSE,TRUE,0.01754386,12.55714286
Normal,6805,trace 5180,PDAEmptyStackAcceptanceFF,1,FALSE,TRUE,0.03125,7.103225806
Normal,6805,trace 5181,PDAAcceptanceEquivalenceFF,1,FALSE,TRUE,0,9.383333333
Normal,6805,trace 5182,PDACFLFF,0,FALSE,TRUE,0.125,6.312727273
Normal,6805,trace 5183,DPDAFF,0,FALSE,TRUE,0.090909091,3.247619048
Normal,6805,trace 5184,NCFLProofFF,0,FALSE,TRUE,0,2.82
Normal,6805,trace 5185,NCFLversusDCFLFF,0,FALSE,TRUE,0.071428571,1.476923077
Normal,6805,trace 5186,GrammarsForDCFLFF,0,FALSE,TRUE,0,2.381818182
Credit Seeking,6809,trace 5188,MajorConceptsFF,0,FALSE,TRUE,0.44,11.63783784
Normal,6809,trace 5189,GrammarIntroFF,0,FALSE,TRUE,0.245283019,22.83076923
Normal,6809,trace 5190,SetDefFF,0,FALSE,TRUE,0,7.44
Normal,6809,trace 5191,SetCommonSymbolsFF,0,FALSE,TRUE,0,12.96190476
Normal,6809,trace 5192,RelationsFF,0,FALSE,TRUE,0.095238095,5.36
Normal,6809,trace 5193,MathProofFF,0,FALSE,TRUE,0.121212121,4.0375
Normal,6809,trace 5194,ContinuedMathProofFF,0,FALSE,TRUE,0,3.26
Normal,6809,trace 5195,InductionProofExample1FF,0,FALSE,TRUE,0.28,2.633333333
Normal,6809,trace 5196,InductionProofExample2FF,0,FALSE,TRUE,0.133333333,2.8
Normal,6809,trace 5197,DFAFF,0,FALSE,TRUE,0.25,9.961702128
Normal,6809,trace 5198,FADefinitionsFF,0,FALSE,TRUE,0.166666667,4.776470588
Normal,6809,trace 5199,introToNonRegularFF,0,FALSE,TRUE,0.05,2.589473684
Normal,6809,trace 5200,introToPumpingFF,0,FALSE,TRUE,0.166666667,10.07058824
Normal,6809,trace 5201,PLExample1FF,0,FALSE,TRUE,0.053571429,2.349090909
Normal,6809,trace 5202,PLExample2FF,0,FALSE,TRUE,0.090909091,2.120930233
Normal,6809,trace 5203,PLExample3FF,0,FALSE,TRUE,0.078947368,2.248648649
Normal,6809,trace 5204,PLExample4FF,0,FALSE,TRUE,0.105263158,2.059459459
Normal,6809,trace 5205,PLExample5FF,0,FALSE,TRUE,0.114285714,2.211764706
Normal,6809,trace 5206,PLExample6FF,0,FALSE,TRUE,0.093023256,3.480952381
Normal,6809,trace 5207,ClosurePropertiesFF,0,FALSE,TRUE,0,2.44
Normal,6809,trace 5208,ClosurePropertiesExample1FF,0,FALSE,TRUE,0.071428571,1.938461538
Normal,6809,trace 5209,ClosurePropertiesExample2FF,0,FALSE,TRUE,0.090909091,1.52
Normal,6809,trace 5210,ClosurePropertiesExample3FF,0,FALSE,TRUE,0,1.577777778
Normal,6809,trace 5213,PLExample5FF,1,FALSE,FALSE,0.166666667,5.22
Normal,6809,trace 5214,PLExample1FF,1,TRUE,TRUE,0.115942029,4.664705882
Normal,6809,trace 5216,PDA,0,FALSE,TRUE,0.111111111,3.482352941
Normal,6809,trace 5217,PDATransitionsFF,0,FALSE,FALSE,0.058823529,5.00625
Credit Seeking,6819,trace 5218,LanguagesFS,0,FALSE,TRUE,0.313432836,218.0484848
Credit Seeking,6819,trace 5219,GrammarIntroFS,0,FALSE,TRUE,0.539473684,8021.576
Credit Seeking,6819,trace 5220,DFAintroFS,0,FALSE,TRUE,0.696969697,38.57230769
Normal,6819,trace 5221,DFAadvancedFS,0,FALSE,TRUE,0.066666667,53.37142857
Credit Seeking,6819,trace 5222,NFAFS,0,FALSE,TRUE,0.860294118,8.008888889
Normal,6819,trace 5223,NFAequivFS,0,FALSE,TRUE,0,5.066666667
Normal,6819,trace 5224,NFA2DFAlargeExFS,0,FALSE,FALSE,0.28,14.79583333
Credit Seeking,6819,trace 5225,RegExFS,0,FALSE,TRUE,0.9031477,5.39368932
Normal,6819,trace 5226,RegEx2NFA1FS,0,FALSE,TRUE,0,7.381818182
Normal,6819,trace 5227,RegEx2NFAorFS,0,FALSE,TRUE,0,6.745454545
Normal,6819,trace 5228,RegEx2NFAcatFS,0,FALSE,TRUE,0,4.836363636
Normal,6819,trace 5229,RegEx2NFAstarFS,0,FALSE,TRUE,0.090909091,4.52
Normal,6819,trace 5230,RegEXtoNFAExampleFF,0,FALSE,TRUE,0.117647059,10.95
Normal,6819,trace 5231,ConvertRLREFF,0,FALSE,TRUE,0,28.78888889
Normal,6819,trace 5232,introToNonRegularFF,0,FALSE,TRUE,0.055555556,10.12941176
Normal,6819,trace 5233,introToPumpingFF,0,FALSE,TRUE,0.142857143,15.78461538
Normal,6819,trace 5234,PLExample1FF,0,FALSE,FALSE,0.038461538,14298.444
Credit Seeking,6819,trace 5235,ClosurePropertiesFF,0,FALSE,TRUE,0.5625,4.013333333
Normal,6819,trace 5236,ClosurePropertiesExample1FF,0,FALSE,TRUE,0.25,110.68
Normal,6819,trace 5237,PLExample1FF,1,FALSE,FALSE,0,8.033333333
Normal,6819,trace 5238,ClosurePropertiesExample2FF,0,FALSE,FALSE,0,3.05
Normal,6819,trace 5239,ClosurePropertiesExample1FF,1,TRUE,TRUE,0,109.1090909
Normal,6819,trace 5240,DFAintroFS,1,TRUE,TRUE,0.28,4.05
Credit Seeking,6819,trace 5241,DFAadvancedFS,1,TRUE,TRUE,0.898305085,0.779310345
Normal,6819,trace 5242,SetNotationFS,0,FALSE,TRUE,0.09375,19.29677419
Credit Seeking,6819,trace 5243,RelationsFS,0,FALSE,FALSE,0.285714286,5.35
Credit Seeking,6819,trace 5246,NFA2DFAlargeExFS,1,FALSE,FALSE,0.942857143,4.444117647
Credit Seeking,6819,trace 5247,ContextFreeLanguagesFF,0,FALSE,FALSE,0.545454545,4.32
Normal,6819,trace 5248,DerivationTreesFF,0,FALSE,FALSE,0,6.344444444
Credit Seeking,6819,trace 5249,CFGDerivationsFF,0,FALSE,FALSE,0.333333333,23.47954545
Normal,6819,trace 5251,NFA2DFAlargeExFS,1,FALSE,FALSE,0.142857143,96.62307692
Normal,6819,trace 5252,DFAMinFS,0,FALSE,TRUE,0.047619048,5.91
Normal,6819,trace 5253,DFAMinEx1FS,0,FALSE,TRUE,0,17.968
Credit Seeking,6819,trace 5254,RegularGrammarFF,0,FALSE,FALSE,0.708333333,4.789361702
Normal,6819,trace 5255,PDA,0,FALSE,FALSE,0,63.55
Normal,6819,trace 5256,PDATransitionsFF,0,FALSE,FALSE,0,1.55
Credit Seeking,6819,trace 5257,ClosureConceptFF,0,FALSE,FALSE,0.555555556,2.5125
Normal,6819,trace 5258,NFAequivFS,1,TRUE,TRUE,0.2,0.8
Normal,6819,trace 5259,UnsolveableProblems1,0,FALSE,TRUE,0,13.15
Normal,6819,trace 5260,UnsolveableProblems2,0,FALSE,TRUE,0,4.025
Normal,6819,trace 5261,NPCCoping,0,FALSE,TRUE,0.117647059,3.7
Normal,6819,trace 5262,UnsolveableProblems1,1,TRUE,TRUE,0,0.1
Normal,6835,trace 5263,ContextFreeLanguagesFF,0,FALSE,FALSE,0,5.4
Normal,6835,trace 5264,CFGDerivationsFF,0,FALSE,FALSE,0.065217391,159.0688889
Normal,6835,trace 5266,SetDefFF,0,FALSE,FALSE,0,11.03333333
Normal,6835,trace 5267,SetCommonSymbolsFF,0,FALSE,FALSE,0,6.3
Normal,6835,trace 5268,MajorConceptsFF,0,FALSE,TRUE,0.023809524,17.24878049
Normal,6835,trace 5269,GrammarIntroFF,0,FALSE,TRUE,0,52.00606061
Credit Seeking,6835,trace 5270,RegularExpressionsFF,0,FALSE,FALSE,0.310344828,13.9
Normal,6835,trace 5271,RelationsFF,0,FALSE,FALSE,0,4.55
Normal,6835,trace 5272,introToNonRegularFF,0,FALSE,TRUE,0.117647059,6.7625
Normal,6835,trace 5273,TransformGrammarsFF,0,FALSE,FALSE,0,11.31
Normal,6835,trace 5274,PDACFLFF,0,FALSE,FALSE,0,8.01
Normal,6835,trace 5275,GreibachNormalFormFF,0,FALSE,FALSE,0,6.025
Normal,6835,trace 5276,PDACFLFF,1,FALSE,TRUE,0.246153846,24.39375
Credit Seeking,6835,trace 5278,CFLClosurePropertiesFF,0,FALSE,FALSE,0.555555556,8.717647059
Normal,6835,trace 5279,ClosureConceptFF,0,FALSE,TRUE,0,9.02
Normal,6835,trace 5280,ClosureRegularLangFF,0,FALSE,TRUE,0.05,11.90526316
Normal,6835,trace 5281,CFLClosurePropertiesFF,1,FALSE,FALSE,0,3.525
Normal,6835,trace 5282,CFLPumpingLemmaExample1FF,0,FALSE,FALSE,0,5.525
Credit Seeking,6835,trace 5283,ContextFreeLanguagesFF,1,FALSE,FALSE,0.571428571,1.866666667
Normal,6835,trace 5284,PDACFLFF,1,FALSE,FALSE,0.052631579,266.1166667
Normal,6835,trace 5285,CFLClosurePropertiesFF,1,FALSE,TRUE,0.055555556,88.6
Normal,6835,trace 5286,CFLPumpingLemmaFF,0,FALSE,FALSE,0,11.02
Normal,6835,trace 5287,introToNonRegularFF,1,TRUE,TRUE,0,19.44285714
Normal,6835,trace 5288,introToPumpingFF,0,FALSE,FALSE,0,3.366666667
Normal,6835,trace 5289,PLExample1FF,0,FALSE,FALSE,0.135135135,126.1416667
Normal,6835,trace 5290,TMGeneralModel,0,FALSE,TRUE,0,16.53090909
Credit Seeking,6835,trace 5292,ContextFreeLanguagesFF,1,FALSE,FALSE,0.333333333,25.705
Normal,6835,trace 5293,CFLClosurePropertiesFF,1,FALSE,FALSE,0.125,35.44285714
Normal,6835,trace 5294,PairToSortCONPI,0,FALSE,FALSE,0,34.82
Normal,6835,trace 5295,SetDefFF,1,FALSE,TRUE,0,4.4
Normal,6835,trace 5296,SetCommonSymbolsFF,1,FALSE,TRUE,0.052631579,8.511111111
Normal,6835,trace 5297,RelationsFF,1,FALSE,FALSE,0.066666667,6.721428571
Normal,6835,trace 5298,NFA2DFAFrames,0,FALSE,TRUE,0.115384615,46.608
Normal,6835,trace 5299,NFA,0,FALSE,FALSE,0,8.525
Normal,6835,trace 5300,NFAtoDFAFF,0,FALSE,FALSE,0,5.033333333
Normal,6835,trace 5301,MinimizationWithQuestionsFF,0,FALSE,FALSE,0,10.35
Normal,6835,trace 5302,DFAMinimizationFF,0,FALSE,FALSE,0.083333333,7.827272727
Normal,6835,trace 5303,MinimizationWithQuestionsFF,1,FALSE,TRUE,0.095238095,13.96
Normal,6835,trace 5304,MinimizationWithQuestions2FF,0,FALSE,FALSE,0,2.55
Normal,6835,trace 5305,RegularExpressionsFF,1,FALSE,FALSE,0,2.05
Normal,6835,trace 5306,RegEXandRegLangFF,0,FALSE,FALSE,0.222222222,100.7625
Normal,6835,trace 5308,RegularExpressionsFF,1,FALSE,FALSE,0.2,6.775
Normal,6835,trace 5310,RegularExpressionsFF,1,FALSE,TRUE,0,6.04
Credit Seeking,6835,trace 5311,NFAToREFF,0,FALSE,TRUE,0.333333333,71.87826087
Normal,6835,trace 5312,LeftLinearGrammarFF,0,FALSE,TRUE,0,18.80666667
Normal,6835,trace 5313,RemoveUnitFF,0,FALSE,FALSE,0,2.05
Normal,6835,trace 5314,ChomskyNormalFormFF,0,FALSE,FALSE,0,6.22
Normal,6835,trace 5316,PDA,0,FALSE,TRUE,0.066666667,186.7285714
Normal,6835,trace 5317,PDATransitionsFF,0,FALSE,FALSE,0,12.91818182
Normal,6835,trace 5318,TMDecidableVSAcceptable,0,FALSE,TRUE,0,11.6
Normal,6835,trace 5319,UnsolveableProblems1,0,FALSE,TRUE,0,74.8
Normal,6835,trace 5320,TravelSalesman,0,FALSE,TRUE,0,41.14666667
Normal,6835,trace 5321,KClique,0,FALSE,TRUE,0,30.13333333
Normal,6835,trace 5322,SATProof,0,FALSE,TRUE,0.153846154,10.51666667
Normal,6835,trace 5324,SATProof,1,FALSE,FALSE,0,1.55
Normal,6842,trace 5325,MajorConceptsFF,0,FALSE,TRUE,0.048780488,16.355
Normal,6842,trace 5326,GrammarIntroFF,0,FALSE,TRUE,0.027777778,13.72
Normal,6842,trace 5327,SetDefFF,0,FALSE,TRUE,0,7.533333333
Normal,6842,trace 5328,SetCommonSymbolsFF,0,FALSE,TRUE,0,9.86
Normal,6842,trace 5329,RelationsFF,0,FALSE,TRUE,0,17.1375
Normal,6842,trace 5330,MathProofFF,0,FALSE,TRUE,0.083333333,35.35652174
Normal,6842,trace 5331,ContinuedMathProofFF,0,FALSE,TRUE,0,7.825
Normal,6842,trace 5332,InductionProofExample1FF,0,FALSE,TRUE,0.055555556,6.6
Normal,6842,trace 5333,InductionProofExample2FF,0,FALSE,TRUE,0.2,7.085714286
Normal,6842,trace 5334,DFAFF,0,FALSE,TRUE,0.193548387,18.17333333
Normal,6842,trace 5335,FADefinitionsFF,0,FALSE,TRUE,0.066666667,14.44285714
Normal,6842,trace 5336,NFA,0,FALSE,TRUE,0,15.58947368
Normal,6842,trace 5337,NFA2DFAFrames,0,FALSE,TRUE,0.045454545,11.53333333
Normal,6842,trace 5338,NFAtoDFAFF,0,FALSE,TRUE,0,22.74285714
Normal,6842,trace 5339,DFAMinimizationFF,0,FALSE,TRUE,0,25.53333333
Normal,6842,trace 5340,MinimizationWithQuestionsFF,0,FALSE,TRUE,0,29.31304348
Normal,6842,trace 5341,MinimizationWithQuestions2FF,0,FALSE,TRUE,0,23.27692308
Normal,6842,trace 5342,RegularExpressionsFF,0,FALSE,TRUE,0.194444444,20.32
Normal,6842,trace 5343,RegEXandRegLangFF,0,FALSE,TRUE,0.055555556,27.48235294
Normal,6842,trace 5344,RegEXandRegLangORFF,0,FALSE,TRUE,0,23.74545455
Normal,6842,trace 5345,RegEXandRegLangConcatFF,0,FALSE,TRUE,0,12.02
Normal,6842,trace 5346,RegEXandRegLangStarFF,0,FALSE,TRUE,0,9.82
Normal,6842,trace 5347,RegEXtoNFAExampleFF,0,FALSE,TRUE,0,11.38181818
Normal,6842,trace 5348,ConvertRLREFF,0,FALSE,TRUE,0,16.01052632
Normal,6842,trace 5349,RegularGrammarFF,0,FALSE,TRUE,0,14.95555556
Normal,6842,trace 5350,NFAToREFF,0,FALSE,TRUE,0,46.15714286
Normal,6842,trace 5351,REtoFAExampleFF,0,FALSE,TRUE,0,4.775
Normal,6842,trace 5352,RightLinearRGFF,0,TRUE,TRUE,0,9.364705882
Normal,6842,trace 5353,NFAToReExampleFF,0,FALSE,TRUE,0,5.381818182
Normal,6842,trace 5354,LeftLinearGrammarFF,0,FALSE,TRUE,0,9.868965517
Normal,6842,trace 5355,RegEXtoRegGrammarFF,0,FALSE,TRUE,0,21.59166667
Normal,6842,trace 5357,STA,0,FALSE,TRUE,0,8.022222222
Normal,6842,trace 5358,ClosureConceptFF,0,FALSE,TRUE,0,158.32
Normal,6842,trace 5359,ClosureRegularLangFF,0,FALSE,TRUE,0,12.2
Normal,6842,trace 5360,RegularLangClosedInterFF,0,FALSE,TRUE,0,23.42068966
Normal,6842,trace 5361,RightQuotientFF,0,FALSE,TRUE,0,14.3862069
Normal,6842,trace 5362,HomomorphismFF,0,FALSE,TRUE,0,15.12
Normal,6842,trace 5363,introToNonRegularFF,0,FALSE,TRUE,0,32.32307692
Normal,6842,trace 5364,introToPumpingFF,0,FALSE,TRUE,0,15.15
Normal,6842,trace 5366,ContextFreeLanguagesFF,0,FALSE,TRUE,0.037037037,14.00769231
Credit Seeking,6842,trace 5367,CFGDerivationsFF,0,FALSE,FALSE,0.490566038,6.482692308
Normal,6842,trace 5368,DerivationTreesFF,0,FALSE,TRUE,0,6.014285714
Normal,6842,trace 5369,MembershipProblemFF,0,FALSE,TRUE,0.045454545,18.72380952
Normal,6842,trace 5370,TransformGrammarsFF,0,FALSE,FALSE,0,54.0047619
Normal,6842,trace 5371,RemoveUselessFF,0,FALSE,TRUE,0.27027027,18.47777778
Normal,6842,trace 5372,RemoveLambdaFF,0,FALSE,TRUE,0,33.48235294
Normal,6842,trace 5373,RemoveUnitFF,0,FALSE,TRUE,0.085714286,21.44705882
Normal,6842,trace 5374,ChomskyNormalFormFF,0,FALSE,TRUE,0,7.68
Normal,6842,trace 5375,GreibachNormalFormFF,0,FALSE,TRUE,0,10.04444444
Normal,6842,trace 5376,PDAAcceptanceEquivalenceFF,0,FALSE,FALSE,0,4.05
Normal,6842,trace 5377,UnsolveableProblems1,0,FALSE,TRUE,0,76.24444444
Normal,6859,trace 5378,LanguagesFS,0,FALSE,TRUE,0.022222222,18.00454545
Normal,6859,trace 5379,GrammarIntroFS,0,FALSE,TRUE,0.135135135,36.58888889
Normal,6859,trace 5380,RelationsFS,0,FALSE,TRUE,0.176470588,149618.7625
Credit Seeking,6859,trace 5381,EquivFS,0,FALSE,TRUE,0.384615385,3.1
Credit Seeking,6859,trace 5382,DFAintroFS,0,FALSE,FALSE,0.4,9.022222222
Normal,6859,trace 5383,DFAadvancedFS,0,FALSE,TRUE,0.230769231,2.808
Normal,6859,trace 5384,DFAintroFS,1,FALSE,TRUE,0.217391304,2.827272727
Normal,6859,trace 5385,UnsolveableProblems1,0,FALSE,TRUE,0,54.02222222
Normal,6859,trace 5386,UnsolveableProblems2,0,FALSE,TRUE,0,2.133333333
Credit Seeking,6859,trace 5387,ContextFreeLanguagesFF,0,FALSE,FALSE,0.929824561,2.091071429
Credit Seeking,6866,trace 5388,LanguagesFS,0,FALSE,FALSE,0.666666667,41.21632653
Credit Seeking,6866,trace 5389,GrammarIntroFS,0,FALSE,TRUE,0.37037037,19.49433962
Normal,6866,trace 5390,LanguagesFS,1,FALSE,TRUE,0.210526316,455.0666667
Normal,6866,trace 5391,RelationsFS,0,FALSE,FALSE,0,2.55
Credit Seeking,6866,trace 5392,DFAintroFS,0,FALSE,FALSE,0.461538462,16.01666667
Normal,6866,trace 5393,DFAadvancedFS,0,FALSE,TRUE,0.05,5194.321053
Credit Seeking,6866,trace 5394,RegExFS,0,FALSE,FALSE,0.285714286,2.183333333
Normal,6866,trace 5395,RegEx2NFA1FS,0,FALSE,TRUE,0,3.109090909
Normal,6866,trace 5396,RegEx2NFAorFS,0,FALSE,TRUE,0,6.4
Normal,6866,trace 5397,RegEx2NFAcatFS,0,FALSE,TRUE,0,5.12
Normal,6866,trace 5398,RegEx2NFAstarFS,0,FALSE,TRUE,0,5.355555556
Normal,6866,trace 5399,introToNonRegularFF,0,FALSE,TRUE,0.052631579,7.177777778
Normal,6866,trace 5400,introToPumpingFF,0,FALSE,FALSE,0,3.775
Normal,6866,trace 5401,PDA,0,FALSE,FALSE,0,0.55
Normal,6866,trace 5402,PDACFLFF,0,FALSE,TRUE,0.209677419,50.87213115
Credit Seeking,6866,trace 5404,SetDefFS,0,FALSE,TRUE,0.857142857,2.003636364
Normal,6866,trace 5405,SetNotationFS,0,FALSE,TRUE,0.279069767,5.957142857
Credit Seeking,6866,trace 5406,RelationsFS,1,FALSE,TRUE,0.290322581,18037.17333
Credit Seeking,6866,trace 5407,EquivFS,0,FALSE,TRUE,0.666666667,1.868965517
Normal,6866,trace 5408,DFAintroFS,1,FALSE,TRUE,0.208333333,54.00869565
Credit Seeking,6866,trace 5409,NFAFS,0,FALSE,TRUE,0.54,5.636734694
Credit Seeking,6866,trace 5410,NFAequivFS,0,FALSE,TRUE,0.6,2.466666667
Normal,6866,trace 5411,NFA2DFAlargeExFS,0,FALSE,TRUE,0,77.77142857
Normal,6866,trace 5412,DFAMinFS,0,FALSE,TRUE,0.041666667,41.35652174
Normal,6866,trace 5413,DFAMinEx1FS,0,FALSE,TRUE,0.108108108,6.533333333
Normal,6866,trace 5414,DFAMinEx2FS,0,FALSE,TRUE,0.027027027,2.2
Credit Seeking,6866,trace 5415,RegExFS,1,FALSE,FALSE,0.857142857,3.208823529
Credit Seeking,6866,trace 5416,RegEXtoNFAExampleFF,0,FALSE,TRUE,0.4,14.3862069
Normal,6866,trace 5417,ConvertRLREFF,0,FALSE,TRUE,0,41.96
Credit Seeking,6866,trace 5418,RegularGrammarFF,0,FALSE,FALSE,0.805555556,1.52
Credit Seeking,6866,trace 5419,RegExFS,1,FALSE,TRUE,0.875912409,68.11176471
Credit Seeking,6866,trace 5420,RegularGrammarFF,1,FALSE,TRUE,0.375,6.139130435
Credit Seeking,6866,trace 5421,NFAToREFF,0,FALSE,TRUE,0.342857143,5711.564706
Normal,6866,trace 5422,STA,0,FALSE,TRUE,0.058823529,1.95
Normal,6866,trace 5423,REtoFAExampleFF,0,FALSE,TRUE,0.071428571,3.169230769
Normal,6866,trace 5424,RightLinearRGFF,0,FALSE,TRUE,0.185185185,1.546153846
Normal,6866,trace 5425,NFAToReExampleFF,0,FALSE,TRUE,0,2.717647059
Normal,6866,trace 5426,LeftLinearGrammarFF,0,FALSE,TRUE,0.113636364,2.213953488
Credit Seeking,6866,trace 5427,RegEXtoRegGrammarFF,0,FALSE,TRUE,0.616438356,2.516666667
Credit Seeking,6866,trace 5428,RegEXtoLeftRegGrammarFF,0,FALSE,TRUE,0.52,2.502702703
Credit Seeking,6866,trace 5429,ClosureConceptFF,0,FALSE,FALSE,0.823529412,0.95
Credit Seeking,6866,trace 5430,HomomorphismFF,0,FALSE,TRUE,0.4,1.508333333
Credit Seeking,6866,trace 5431,ClosureConceptFF,1,FALSE,TRUE,0.37037037,1.7
Credit Seeking,6866,trace 5432,ClosureRegularLangFF,0,FALSE,TRUE,0.648148148,655.6264151
Credit Seeking,6866,trace 5433,RegularLangClosedInterFF,0,FALSE,TRUE,0.367647059,1.808955224
Credit Seeking,6866,trace 5434,RightQuotientFF,0,FALSE,TRUE,0.333333333,455.1642857
Credit Seeking,6866,trace 5435,introToPumpingFF,1,FALSE,TRUE,0.333333333,1.014285714
Normal,6866,trace 5436,PLExample1FF,0,FALSE,TRUE,0.083333333,2.240677966
Normal,6866,trace 5437,ClosurePropertiesFF,0,FALSE,TRUE,0.125,1.6
Normal,6866,trace 5438,ClosurePropertiesExample2FF,0,FALSE,TRUE,0,1.457142857
Normal,6866,trace 5439,ClosurePropertiesExample1FF,0,FALSE,TRUE,0.2,1.442857143
Normal,6866,trace 5440,PLExample2FF,0,FALSE,TRUE,0.230769231,10.78823529
Normal,6866,trace 5441,PLExample6FF,0,FALSE,TRUE,0.127659574,1.939130435
Normal,6866,trace 5442,ClosurePropertiesExample3FF,0,FALSE,TRUE,0,1.355555556
Credit Seeking,6866,trace 5443,ContextFreeLanguagesFF,0,FALSE,FALSE,0.740740741,353.9269231
Normal,6866,trace 5444,CFGDerivationsFF,0,FALSE,FALSE,0,0.1
Normal,6866,trace 5445,ContextFreeLanguagesFF,1,FALSE,FALSE,0.25,3.3
Normal,6866,trace 5446,CFGDerivationsFF,1,FALSE,TRUE,0.226804124,21.66875
Normal,6866,trace 5447,DerivationTreesFF,0,TRUE,TRUE,0.041666667,1.569565217
Normal,6866,trace 5448,MembershipProblemFF,0,FALSE,TRUE,0.233333333,5.213793103
Normal,6866,trace 5449,AmbiguityFF,0,FALSE,TRUE,0.071428571,2.933333333
Normal,6866,trace 5450,TransformGrammarsFF,0,FALSE,TRUE,0.051282051,5.873684211
Credit Seeking,6866,trace 5451,RemoveUselessFF,0,FALSE,FALSE,0.392156863,6.222
Credit Seeking,6866,trace 5452,RemoveLambdaFF,0,FALSE,TRUE,0.5,2.07804878
Credit Seeking,6866,trace 5453,RemoveUnitFF,0,FALSE,TRUE,0.358490566,4.503846154
Normal,6866,trace 5454,ChomskyNormalFormFF,0,FALSE,TRUE,0,2.213333333
Credit Seeking,6866,trace 5455,GreibachNormalFormFF,0,FALSE,TRUE,0.4,2.986440678
Normal,6866,trace 5456,PDA,1,FALSE,TRUE,0,3.927272727
Normal,6866,trace 5457,PDATransitionsFF,0,FALSE,TRUE,0.115384615,3.368
Normal,6866,trace 5458,PDAAcceptanceFF,0,FALSE,TRUE,0.131147541,10.30333333
Normal,6866,trace 5459,PDAEmptyStackAcceptanceFF,0,FALSE,TRUE,0.058823529,245.464
Normal,6866,trace 5460,PDAAcceptanceEquivalenceFF,0,FALSE,TRUE,0,1.486956522
Normal,6866,trace 5461,DPDAFF,0,FALSE,FALSE,0.222222222,1.8875
Normal,6866,trace 5462,NCFLversusDCFLFF,0,FALSE,TRUE,0,1.22
Normal,6866,trace 5463,DPDAFF,1,FALSE,TRUE,0.125,5.48
Normal,6866,trace 5464,NCFLProofFF,0,FALSE,TRUE,0,1.911111111
Normal,6866,trace 5465,GrammarsForDCFLFF,0,FALSE,TRUE,0,1.871428571
Normal,6866,trace 5466,CFLClosurePropertiesFF,0,FALSE,TRUE,0,1.623076923
Normal,6866,trace 5467,CFLPumpingLemmaFF,0,FALSE,TRUE,0.090909091,1.485714286
Normal,6866,trace 5468,CFLPumpingLemmaExample1FF,0,FALSE,TRUE,0.206896552,2.021052632
Normal,6866,trace 5469,CFLPumpingLemmaExample2FF,0,FALSE,FALSE,0.181818182,1.816666667
Normal,6866,trace 5470,CFLPumpingLemmaExample3FF,0,FALSE,TRUE,0.25,1.749019608
Normal,6866,trace 5471,CFLPumpingLemmaExample4FF,0,FALSE,TRUE,0.197183099,1.902857143
Normal,6866,trace 5472,CFLPumpingLemmaExample5FF,0,FALSE,TRUE,0.208955224,37.85151515
Normal,6866,trace 5473,TMGeneralModel,0,FALSE,TRUE,0.270833333,13.18105263
Normal,6866,trace 5474,TMInterpreting,0,FALSE,TRUE,0.133333333,3.248275862
Normal,6866,trace 5475,TMDecidableVSAcceptable,0,FALSE,TRUE,0.176470588,1.3875
Normal,6866,trace 5476,TMComplicatedMachine3,0,FALSE,TRUE,0.071428571,1.674074074
Credit Seeking,6866,trace 5477,PairToSortCONPI,0,FALSE,TRUE,0.35,4.221052632
Normal,6866,trace 5478,LowerBound,0,FALSE,TRUE,0,2.15
Normal,6866,trace 5479,TwoMulExample,0,FALSE,TRUE,0.095238095,4.36
Normal,6866,trace 5480,TravelSalesman,0,FALSE,TRUE,0.222222222,2068.2
Normal,6866,trace 5481,KClique,0,FALSE,TRUE,0,7.563636364
Normal,6866,trace 5482,SATProof,0,FALSE,TRUE,0.076923077,1.683333333
Normal,6866,trace 5483,NPCCoping,0,FALSE,TRUE,0.176470588,3.2625
Normal,6866,trace 5484,UnsolveableProblems1,0,FALSE,TRUE,0.076923077,85.6
Normal,6866,trace 5485,UnsolveableProblems2,0,FALSE,TRUE,0,9.525
Credit Seeking,6866,trace 5486,NFAequivFS,1,TRUE,TRUE,0.5,0.885714286
Normal,6866,trace 5487,PLExample3FF,0,FALSE,TRUE,0.095238095,1.565853659
Normal,6866,trace 5488,PLExample4FF,0,FALSE,TRUE,0.097560976,1.53
Normal,6866,trace 5489,PLExample5FF,0,FALSE,TRUE,0.068965517,2.757142857
Normal,6874,trace 5490,CFGDerivationsFF,0,FALSE,TRUE,0.142857143,6.261290323
Normal,6874,trace 5491,ContextFreeLanguagesFF,0,FALSE,TRUE,0.162162162,5.727777778
Normal,6874,trace 5492,PairToSortCONPI,0,FALSE,TRUE,0.0625,10.68
Normal,6874,trace 5493,UnsolveableProblems1,0,FALSE,TRUE,0,36.4
Normal,6874,trace 5494,LowerBound,0,TRUE,TRUE,0.235294118,5.95
Normal,6878,trace 5495,introToNonRegularFF,0,FALSE,TRUE,0,51.55384615
Credit Seeking,6878,trace 5496,ContextFreeLanguagesFF,0,FALSE,FALSE,0.4,6.466666667
Credit Seeking,6878,trace 5497,CFGDerivationsFF,0,FALSE,FALSE,0.5,5.927272727
Credit Seeking,6878,trace 5498,ContextFreeLanguagesFF,1,FALSE,FALSE,0.3,24.23333333
Credit Seeking,6878,trace 5499,CFGDerivationsFF,1,FALSE,FALSE,0.85,17.16842105
Normal,6878,trace 5500,DerivationTreesFF,0,FALSE,FALSE,0,6.42
Normal,6878,trace 5501,AmbiguityFF,0,FALSE,FALSE,0,621.3666667
Normal,6878,trace 5502,RegEXandRegLangFF,0,FALSE,FALSE,0,10.50833333
Credit Seeking,6878,trace 5503,RegularGrammarFF,0,FALSE,FALSE,0.6,18.51428571
Normal,6878,trace 5504,NFAToReExampleFF,0,FALSE,TRUE,0,10.01666667
Normal,6878,trace 5505,LeftLinearGrammarFF,0,FALSE,TRUE,0.048780488,68.955
Credit Seeking,6878,trace 5506,PDAAcceptanceEquivalenceFF,0,FALSE,FALSE,0.35,39.27368421
Normal,6878,trace 5507,PDA,0,FALSE,FALSE,0,23.275
Normal,6878,trace 5508,PDATransitionsFF,0,FALSE,TRUE,0,14.30588235
Normal,6878,trace 5509,PDAAcceptanceEquivalenceFF,1,FALSE,FALSE,0,2.71
Normal,6878,trace 5510,PDAAcceptanceFF,0,FALSE,FALSE,0,19.67222222
Normal,6878,trace 5511,PDAAcceptanceEquivalenceFF,1,TRUE,TRUE,0,1.942857143
Normal,6878,trace 5512,PDAEmptyStackAcceptanceFF,0,FALSE,FALSE,0,28.3875
Normal,6878,trace 5513,PDAAcceptanceEquivalenceFF,1,TRUE,TRUE,0.08,102.8833333
Normal,6878,trace 5514,ContextFreeLanguagesFF,1,FALSE,FALSE,0.153846154,43.34166667
Normal,6878,trace 5515,TMGeneralModel,0,FALSE,FALSE,0,6.35
Normal,6878,trace 5516,TMInterpreting,0,FALSE,TRUE,0.166666667,21.92173913
Normal,6878,trace 5517,TMDecidableVSAcceptable,0,FALSE,FALSE,0,47.82
Normal,6878,trace 5518,NFA2DFAFrames,0,FALSE,TRUE,0.21875,18.68387097
Normal,6878,trace 5519,NFAtoDFAFF,0,FALSE,FALSE,0,39.36666667
Credit Seeking,6878,trace 5520,NFAToREFF,0,FALSE,FALSE,0.684210526,4.95
Normal,6878,trace 5521,RightLinearRGFF,0,FALSE,TRUE,0,27.1375
Credit Seeking,6878,trace 5522,RegEXtoLeftRegGrammarFF,0,FALSE,TRUE,0.3125,23.15319149
Normal,6878,trace 5523,LeftLinearGrammarFF,1,FALSE,FALSE,0,17.025
Normal,6878,trace 5524,MinimizationWithQuestionsFF,0,FALSE,TRUE,0.111111111,203.2384615
Normal,6878,trace 5525,UnsolveableProblems1,0,FALSE,TRUE,0,61.35555556
Normal,6878,trace 5526,UnsolveableProblems2,0,FALSE,FALSE,0,7.366666667
Normal,6881,trace 5527,LanguagesFS,0,FALSE,TRUE,0.024390244,34.83
Normal,6881,trace 5528,GrammarIntroFS,0,FALSE,TRUE,0.111111111,25.74857143
Credit Seeking,6881,trace 5529,RegExFS,0,FALSE,FALSE,0.683333333,7.306779661
Normal,6881,trace 5530,TMDecidableVSAcceptable,0,FALSE,TRUE,0.19047619,31.455
Credit Seeking,6881,trace 5531,TMComplicatedMachine3,0,FALSE,TRUE,0.347826087,2.204444444
Credit Seeking,6881,trace 5532,TMGeneralModel,0,FALSE,TRUE,0.344827586,2.071304348
Normal,6881,trace 5533,TMInterpreting,0,FALSE,TRUE,0.279069767,1.814285714
Normal,6881,trace 5534,TransformGrammarsFF,0,FALSE,FALSE,0,1.55
Credit Seeking,6881,trace 5535,NFA2DFAlargeExFS,0,FALSE,TRUE,0.3,9.317241379
Normal,6881,trace 5536,PDATransitionsFF,0,FALSE,FALSE,0.052631579,2.005555556
Credit Seeking,6881,trace 5537,SetDefFS,0,FALSE,TRUE,0.368421053,8.011111111
Credit Seeking,6881,trace 5538,SetNotationFS,0,FALSE,TRUE,0.597826087,1.815384615
Credit Seeking,6881,trace 5539,RelationsFS,0,FALSE,TRUE,0.766666667,1.440449438
Credit Seeking,6881,trace 5540,EquivFS,0,FALSE,TRUE,0.763157895,1.32972973
Normal,6881,trace 5541,DFAintroFS,0,FALSE,TRUE,0.25,3.948571429
Normal,6881,trace 5542,DFAadvancedFS,0,FALSE,TRUE,0.086956522,1.781818182
Normal,6881,trace 5543,NFAFS,0,FALSE,TRUE,0.045454545,5.628571429
Normal,6881,trace 5544,NFAequivFS,0,FALSE,TRUE,0,0.1
Normal,6881,trace 5545,DFAMinFS,0,FALSE,TRUE,0.185185185,1.392307692
Normal,6881,trace 5546,DFAMinEx1FS,0,FALSE,TRUE,0.090909091,1.4125
Normal,6881,trace 5547,DFAMinEx2FS,0,FALSE,TRUE,0.139534884,1.528571429
Credit Seeking,6881,trace 5548,RegExFS,1,FALSE,TRUE,0.900874636,1.734502924
Normal,6881,trace 5549,RegEx2NFA1FS,0,FALSE,TRUE,0.076923077,1.85
Normal,6881,trace 5550,RegEx2NFAorFS,0,FALSE,TRUE,0.266666667,1.157142857
Normal,6881,trace 5551,RegEx2NFAcatFS,0,FALSE,TRUE,0.117647059,16.45
Normal,6881,trace 5552,RegEx2NFAstarFS,0,FALSE,TRUE,0.153846154,1.35
Credit Seeking,6881,trace 5553,RegEXtoNFAExampleFF,0,FALSE,TRUE,0.868613139,0.994117647
Credit Seeking,6881,trace 5554,ConvertRLREFF,0,FALSE,TRUE,0.323529412,1.309090909
Credit Seeking,6881,trace 5555,RegularGrammarFF,0,FALSE,TRUE,0.754385965,2.081415929
Credit Seeking,6881,trace 5556,NFAToREFF,0,FALSE,TRUE,0.431818182,2.562790698
Normal,6881,trace 5557,REtoFAExampleFF,0,FALSE,TRUE,0,2.688888889
Normal,6881,trace 5558,RightLinearRGFF,0,TRUE,TRUE,0.05,2.694736842
Normal,6881,trace 5559,NFAToReExampleFF,0,FALSE,TRUE,0.2,3.514285714
Normal,6881,trace 5560,LeftLinearGrammarFF,0,FALSE,FALSE,0,1.775
Credit Seeking,6881,trace 5561,RegEXtoRegGrammarFF,0,FALSE,TRUE,0.7265625,1.403149606
Credit Seeking,6881,trace 5562,RegEXtoLeftRegGrammarFF,0,FALSE,FALSE,0.64516129,4.327173913
Credit Seeking,6881,trace 5563,ClosureConceptFF,0,FALSE,TRUE,0.567567568,1.005555556
Credit Seeking,6881,trace 5564,ClosureRegularLangFF,0,FALSE,TRUE,0.633333333,1.359322034
Credit Seeking,6881,trace 5565,RegularLangClosedInterFF,0,FALSE,TRUE,0.458823529,1.133333333
Credit Seeking,6881,trace 5566,RightQuotientFF,0,FALSE,TRUE,0.582417582,1.635555556
Credit Seeking,6881,trace 5567,HomomorphismFF,0,FALSE,TRUE,0.419354839,1.106666667
Credit Seeking,6881,trace 5568,introToNonRegularFF,0,FALSE,TRUE,0.487804878,1.53
Credit Seeking,6881,trace 5569,introToPumpingFF,0,FALSE,TRUE,0.464285714,0.97037037
Normal,6881,trace 5570,PLExample1FF,0,FALSE,TRUE,0.153846154,1.534375
Normal,6881,trace 5571,PLExample2FF,0,FALSE,TRUE,0.163265306,1.4625
Normal,6881,trace 5572,PLExample3FF,0,FALSE,TRUE,0.119047619,1.590243902
Normal,6881,trace 5573,PLExample4FF,0,FALSE,TRUE,0.191489362,1.460869565
Normal,6881,trace 5574,PLExample5FF,0,FALSE,TRUE,0.179487179,1.505263158
Normal,6881,trace 5575,PLExample6FF,0,FALSE,TRUE,0.235294118,1.524
Credit Seeking,6881,trace 5576,ClosurePropertiesFF,0,FALSE,TRUE,0.333333333,1.025
Normal,6881,trace 5577,ClosurePropertiesExample1FF,0,FALSE,TRUE,0.166666667,1.247058824
Normal,6881,trace 5578,ClosurePropertiesExample2FF,0,FALSE,TRUE,0,1.4
Normal,6881,trace 5579,ClosurePropertiesExample3FF,0,FALSE,TRUE,0.090909091,1.12
Credit Seeking,6881,trace 5580,ContextFreeLanguagesFF,0,FALSE,FALSE,0.517241379,1.984210526
Credit Seeking,6881,trace 5581,CFGDerivationsFF,0,FALSE,TRUE,0.452554745,1.369117647
Normal,6881,trace 5582,DerivationTreesFF,0,FALSE,TRUE,0.1,1.431578947
Normal,6881,trace 5583,MembershipProblemFF,0,FALSE,TRUE,0.259259259,2.430769231
Credit Seeking,6881,trace 5584,AmbiguityFF,0,FALSE,TRUE,0.780487805,1.263934426
Normal,6881,trace 5585,TransformGrammarsFF,1,FALSE,TRUE,0.083333333,1.548571429
Credit Seeking,6881,trace 5586,RemoveUselessFF,0,FALSE,FALSE,0.465517241,1.615789474
Credit Seeking,6881,trace 5587,RemoveLambdaFF,0,FALSE,TRUE,0.333333333,1.593103448
Credit Seeking,6881,trace 5588,RemoveUnitFF,0,FALSE,TRUE,0.458333333,2.354929577
Normal,6881,trace 5589,ChomskyNormalFormFF,0,FALSE,TRUE,0.058823529,1.45
Credit Seeking,6881,trace 5590,GreibachNormalFormFF,0,FALSE,TRUE,0.363636364,1.485185185
Normal,6881,trace 5591,PDA,0,FALSE,TRUE,0,2.015384615
Normal,6881,trace 5592,PDATransitionsFF,1,FALSE,TRUE,0,0.84
Credit Seeking,6881,trace 5593,PDAAcceptanceFF,0,FALSE,TRUE,0.395833333,1.307368421
Credit Seeking,6881,trace 5594,PDAEmptyStackAcceptanceFF,0,FALSE,TRUE,0.5,1.272072072
Normal,6881,trace 5595,PDAAcceptanceEquivalenceFF,0,FALSE,TRUE,0.037037037,1.507692308
Credit Seeking,6881,trace 5596,PDACFLFF,0,FALSE,TRUE,0.329411765,1.573809524
Normal,6881,trace 5597,DPDAFF,0,FALSE,TRUE,0.148148148,1.661538462
Normal,6881,trace 5598,NCFLProofFF,0,FALSE,TRUE,0.083333333,1.654545455
Normal,6881,trace 5599,NCFLversusDCFLFF,0,FALSE,TRUE,0,1.22
Normal,6881,trace 5600,GrammarsForDCFLFF,0,FALSE,TRUE,0,1.516666667
Normal,6881,trace 5601,CFLClosurePropertiesFF,0,FALSE,TRUE,0.162162162,1.505555556
Normal,6881,trace 5602,CFLPumpingLemmaFF,0,FALSE,TRUE,0,1.26
Normal,6881,trace 5603,CFLPumpingLemmaExample1FF,0,FALSE,TRUE,0.210526316,1.45
Normal,6881,trace 5604,CFLPumpingLemmaExample2FF,0,FALSE,FALSE,0.196078431,1.622
Credit Seeking,6881,trace 5605,CFLPumpingLemmaExample3FF,0,FALSE,TRUE,0.390625,1.161904762
Normal,6881,trace 5606,CFLPumpingLemmaExample4FF,0,FALSE,TRUE,0.260273973,1.336111111
Normal,6881,trace 5607,CFLPumpingLemmaExample5FF,0,FALSE,TRUE,0.163934426,1.57
Normal,6881,trace 5608,PairToSortCONPI,0,FALSE,TRUE,0.15,1.8
Credit Seeking,6881,trace 5609,LowerBound,0,FALSE,FALSE,0.3,1.455555556
Normal,6881,trace 5610,TwoMulExample,0,FALSE,TRUE,0.153846154,1.408
Normal,6881,trace 5611,TravelSalesman,0,FALSE,TRUE,0.193548387,1.806666667
Credit Seeking,6881,trace 5612,KClique,0,FALSE,TRUE,0.606060606,1.63125
Normal,6881,trace 5613,SATProof,0,FALSE,TRUE,0.133333333,1.371428571
Normal,6881,trace 5614,NPCCoping,0,FALSE,TRUE,0.222222222,1.717647059
Normal,6881,trace 5615,UnsolveableProblems1,0,FALSE,TRUE,0.1875,1.48
Normal,6881,trace 5616,UnsolveableProblems2,0,FALSE,TRUE,0.214285714,1.169230769
Normal,6881,trace 5617,NFAequivFS,1,TRUE,TRUE,0,0.1
Normal,6881,trace 5618,LeftLinearGrammarFF,1,FALSE,TRUE,0.191489362,1.352173913
Credit Seeking,6881,trace 5619,RegEXtoLeftRegGrammarFF,1,FALSE,TRUE,0.285714286,0.866666667
Normal,6881,trace 5620,STA,0,FALSE,TRUE,0.076923077,1.433333333
Credit Seeking,6881,trace 5621,LowerBound,1,FALSE,TRUE,0.333333333,0.24
Normal,6884,trace 5622,LanguagesFS,0,FALSE,TRUE,0.0625,13.0893617
Normal,6884,trace 5623,GrammarIntroFS,0,FALSE,FALSE,0.181818182,17.41
Credit Seeking,6884,trace 5625,GrammarIntroFS,1,FALSE,TRUE,0.4,6.277272727
Credit Seeking,6884,trace 5626,RelationsFS,0,FALSE,TRUE,0.685185185,4.720754717
Credit Seeking,6884,trace 5627,EquivFS,0,FALSE,TRUE,0.816666667,2.461016949
Credit Seeking,6884,trace 5628,DFAintroFS,0,FALSE,TRUE,0.68115942,9.9
Normal,6884,trace 5629,DFAadvancedFS,0,FALSE,TRUE,0.125,11.34666667
Normal,6884,trace 5630,NFAFS,0,FALSE,TRUE,0.166666667,31.17931034
Normal,6884,trace 5631,NFAequivFS,0,FALSE,TRUE,0,0.1
Normal,6884,trace 5632,RegExFS,0,FALSE,FALSE,0.214285714,30.33703704
Normal,6884,trace 5633,RegularGrammarFF,0,FALSE,FALSE,0,1.05
Credit Seeking,6884,trace 5634,RegExFS,1,FALSE,FALSE,0.7,1.466666667
Normal,6884,trace 5635,RegEx2NFA1FS,0,FALSE,TRUE,0,5.745454545
Normal,6884,trace 5636,RegEx2NFAorFS,0,FALSE,TRUE,0,7.9
Normal,6884,trace 5637,RegEx2NFAcatFS,0,FALSE,TRUE,0.133333333,4.585714286
Normal,6884,trace 5638,RegEx2NFAstarFS,0,FALSE,TRUE,0.083333333,4.745454545
Credit Seeking,6884,trace 5639,RegEXtoNFAExampleFF,0,FALSE,TRUE,0.434782609,7.327272727
Normal,6884,trace 5641,RegExFS,1,FALSE,FALSE,0,8.55
Normal,6884,trace 5642,ConvertRLREFF,0,FALSE,FALSE,0,2.55
Normal,6884,trace 5643,introToNonRegularFF,0,FALSE,TRUE,0,8.013333333
Normal,6884,trace 5644,introToPumpingFF,0,FALSE,TRUE,0,9.4
Normal,6884,trace 5645,PLExample1FF,0,FALSE,TRUE,0.040816327,8.8375
Normal,6884,trace 5646,PLExample2FF,0,FALSE,TRUE,0,6.765517241
Normal,6884,trace 5647,PLExample3FF,0,FALSE,TRUE,0.034482759,6.364285714
Normal,6884,trace 5648,PLExample4FF,0,FALSE,TRUE,0,4.288
Normal,6884,trace 5649,PLExample5FF,0,FALSE,TRUE,0,5.961904762
Normal,6884,trace 5650,PLExample6FF,0,TRUE,TRUE,0,7.032432432
Normal,6884,trace 5651,ClosurePropertiesFF,0,FALSE,TRUE,0,5.3
Normal,6884,trace 5652,ClosurePropertiesExample1FF,0,FALSE,TRUE,0,8.42
Normal,6884,trace 5653,ClosurePropertiesExample2FF,0,FALSE,TRUE,0,8.9
Normal,6884,trace 5654,ClosurePropertiesExample3FF,0,FALSE,TRUE,0,9.457142857
Normal,6884,trace 5655,HomomorphismFF,0,FALSE,FALSE,0,14.7
Normal,6884,trace 5656,ClosureRegularLangFF,0,FALSE,TRUE,0.1,4.115789474
Normal,6884,trace 5657,NFAToReExampleFF,0,FALSE,FALSE,0,4.275
Normal,6884,trace 5658,PLExample4FF,1,FALSE,FALSE,0,2.366666667
Normal,6884,trace 5660,ClosureConceptFF,0,FALSE,TRUE,0.066666667,4.514285714
Credit Seeking,6884,trace 5661,PLExample6FF,1,TRUE,FALSE,0.333333333,3.82
Normal,6884,trace 5662,PLExample3FF,1,FALSE,FALSE,0,4.05
Normal,6884,trace 5663,PLExample4FF,1,FALSE,FALSE,0,3.033333333
Credit Seeking,6884,trace 5664,SetDefFS,0,FALSE,TRUE,0.470588235,4.45
Normal,6884,trace 5665,SetNotationFS,0,FALSE,FALSE,0,4.55
Normal,6884,trace 5666,NFAequivFS,1,TRUE,TRUE,0,0.1
Credit Seeking,6884,trace 5667,NFA2DFAlargeExFS,0,FALSE,TRUE,0.352941176,8.824242424
Normal,6884,trace 5668,ClosureRegularLangFF,1,TRUE,TRUE,0,4.55
Credit Seeking,6884,trace 5670,ContextFreeLanguagesFF,0,FALSE,FALSE,0.444444444,3.025
Credit Seeking,6884,trace 5671,PDA,0,FALSE,TRUE,0.333333333,10.11
Normal,6884,trace 5672,PDATransitionsFF,0,TRUE,TRUE,0.043478261,7.918181818
Normal,6884,trace 5673,PDAAcceptanceFF,0,FALSE,TRUE,0.093023256,6.433333333
Normal,6884,trace 5674,PDAEmptyStackAcceptanceFF,0,FALSE,TRUE,0.069767442,5.242857143
Normal,6884,trace 5675,PDAAcceptanceEquivalenceFF,0,FALSE,TRUE,0.04,4.341666667
Normal,6884,trace 5676,PDACFLFF,0,FALSE,TRUE,0.125,9.367272727
Credit Seeking,6884,trace 5677,GreibachNormalFormFF,0,FALSE,TRUE,0.546666667,3.462162162
Normal,6884,trace 5678,PDACFLFF,1,FALSE,FALSE,0,1.55
Credit Seeking,6884,trace 5679,RemoveUselessFF,0,FALSE,TRUE,0.605263158,4.296
Normal,6884,trace 5680,RemoveLambdaFF,0,FALSE,TRUE,0.136363636,6.104761905
Credit Seeking,6884,trace 5681,GreibachNormalFormFF,1,FALSE,FALSE,0.636363636,3.471875
Normal,6884,trace 5682,ChomskyNormalFormFF,0,FALSE,FALSE,0,4.788888889
Normal,6884,trace 5683,RemoveUnitFF,0,FALSE,TRUE,0.208333333,5.280851064
Normal,6884,trace 5684,ChomskyNormalFormFF,1,FALSE,TRUE,0,2.366666667
Normal,6884,trace 5685,PDAAcceptanceEquivalenceFF,1,TRUE,TRUE,0,508.0045455
Normal,6884,trace 5686,CFLClosurePropertiesFF,0,FALSE,TRUE,0,9.508333333
Normal,6884,trace 5687,CFLPumpingLemmaFF,0,FALSE,FALSE,0,4.677777778
Credit Seeking,6884,trace 5688,ContextFreeLanguagesFF,1,FALSE,TRUE,0.725490196,3.259405941
Normal,6884,trace 5689,CFLPumpingLemmaFF,1,FALSE,TRUE,0,4.2
Credit Seeking,6884,trace 5690,CFLPumpingLemmaExample1FF,0,FALSE,TRUE,0.40625,5.257142857
Normal,6884,trace 5691,CFLPumpingLemmaExample2FF,0,FALSE,FALSE,0,9.003225806
Normal,6884,trace 5692,CFLPumpingLemmaExample1FF,1,FALSE,FALSE,0,63.275
Normal,6884,trace 5693,CFLPumpingLemmaExample4FF,0,FALSE,FALSE,0,7.2625
Normal,6884,trace 5694,CFGDerivationsFF,0,FALSE,TRUE,0.053571429,4.894545455
Normal,6884,trace 5695,DerivationTreesFF,0,FALSE,TRUE,0,5.4
Credit Seeking,6884,trace 5696,MembershipProblemFF,0,FALSE,TRUE,0.404761905,7.346341463
Credit Seeking,6884,trace 5697,AmbiguityFF,0,FALSE,TRUE,0.538461538,2.964705882
Normal,6884,trace 5698,TransformGrammarsFF,0,FALSE,TRUE,0,4.868965517
Normal,6884,trace 5699,DPDAFF,0,FALSE,TRUE,0,3.825
Normal,6884,trace 5700,NCFLProofFF,0,FALSE,FALSE,0,2.05
Normal,6884,trace 5701,GrammarsForDCFLFF,0,FALSE,TRUE,0.071428571,2.784615385
Normal,6884,trace 5702,CFLClosurePropertiesFF,1,FALSE,FALSE,0,54.72857143
Normal,6884,trace 5703,TMGeneralModel,0,FALSE,TRUE,0.171428571,528.626087
Normal,6884,trace 5704,TMInterpreting,0,FALSE,TRUE,0,6.96
Normal,6884,trace 5705,TMDecidableVSAcceptable,0,FALSE,TRUE,0,5.52
Normal,6884,trace 5706,TMComplicatedMachine3,0,FALSE,TRUE,0,5.008695652
Credit Seeking,6884,trace 5707,SetNotationFS,1,FALSE,TRUE,0.543859649,9.503571429
Normal,6884,trace 5708,NFAequivFS,1,TRUE,TRUE,0.2,2.55
Normal,6884,trace 5709,DFAMinFS,0,FALSE,TRUE,0,2.96
Normal,6884,trace 5710,DFAMinEx1FS,0,FALSE,TRUE,0.0625,2.55483871
Normal,6884,trace 5711,DFAMinEx2FS,0,FALSE,TRUE,0.133333333,2.095454545
Credit Seeking,6884,trace 5712,PairToSortCONPI,0,FALSE,TRUE,0.347826087,20.41818182
Credit Seeking,6884,trace 5713,LowerBound,0,FALSE,TRUE,0.625,8.356521739
Normal,6884,trace 5714,TwoMulExample,0,FALSE,TRUE,0,20.34444444
Normal,6884,trace 5715,TravelSalesman,0,TRUE,TRUE,0.178571429,10.6
Normal,6884,trace 5716,DFAMinEx1FS,1,FALSE,FALSE,0,15.43571429
Normal,6884,trace 5717,ConvertRLREFF,1,FALSE,TRUE,0.142857143,2.71
Credit Seeking,6884,trace 5718,RegularGrammarFF,1,FALSE,TRUE,0.86440678,2.944318182
Credit Seeking,6884,trace 5719,NFAToREFF,0,FALSE,TRUE,0.468085106,2.113043478
Normal,6884,trace 5720,REtoFAExampleFF,0,FALSE,TRUE,0.090909091,2.52
Normal,6884,trace 5721,RightLinearRGFF,0,FALSE,TRUE,0,2.88
Credit Seeking,6884,trace 5722,NFAToReExampleFF,1,FALSE,TRUE,0.678571429,1.414814815
Normal,6884,trace 5723,LeftLinearGrammarFF,0,FALSE,TRUE,0.075,2.979487179
Normal,6884,trace 5724,RegEXtoRegGrammarFF,0,FALSE,TRUE,0.205128205,4.268421053
Normal,6884,trace 5725,RegEXtoLeftRegGrammarFF,0,FALSE,TRUE,0.117647059,4.672727273
Normal,6884,trace 5726,STA,0,FALSE,TRUE,0,2.72
Normal,6884,trace 5727,RegularLangClosedInterFF,0,FALSE,TRUE,0.227272727,3.725581395
Normal,6884,trace 5728,RightQuotientFF,0,FALSE,TRUE,0.181818182,3.190697674
Normal,6884,trace 5729,HomomorphismFF,1,FALSE,TRUE,0,4.022222222
Normal,6884,trace 5730,KClique,0,FALSE,TRUE,0,2.52
Normal,6884,trace 5731,SATProof,0,FALSE,TRUE,0,2.2
Credit Seeking,6884,trace 5732,NPCCoping,0,FALSE,TRUE,0.696428571,2.730909091
Normal,6884,trace 5733,UnsolveableProblems1,0,FALSE,TRUE,0,2.12
Normal,6884,trace 5734,UnsolveableProblems2,0,FALSE,TRUE,0,1.72
Credit Seeking,6884,trace 5735,NCFLProofFF,1,FALSE,TRUE,0.444444444,1.541176471
Normal,6884,trace 5736,NCFLversusDCFLFF,0,FALSE,TRUE,0,1.577777778
Normal,6884,trace 5737,CFLPumpingLemmaExample3FF,0,FALSE,TRUE,0.058823529,3.096969697
Normal,6884,trace 5738,CFLPumpingLemmaExample4FF,1,FALSE,TRUE,0.081081081,3.422222222
Normal,6884,trace 5739,CFLPumpingLemmaExample5FF,0,FALSE,TRUE,0.068181818,2.818604651
Credit Seeking,6884,trace 5740,NFAequivFS,1,TRUE,TRUE,0.5,1.314285714
Credit Seeking,6884,trace 5741,RegExFS,1,FALSE,TRUE,0.865979381,2.502083333
Normal,6884,trace 5742,NFAequivFS,1,TRUE,TRUE,0.227272727,20.77142857
Normal,6884,trace 5743,KClique,1,TRUE,TRUE,0,4.4
Normal,6885,trace 5744,LanguagesFS,0,FALSE,TRUE,0,96428.08889
Normal,6885,trace 5745,GrammarIntroFS,0,FALSE,TRUE,0.088235294,137.3090909
Normal,6885,trace 5746,SetDefFS,0,FALSE,TRUE,0,29.36666667
Normal,6885,trace 5747,SetNotationFS,0,FALSE,TRUE,0.111111111,14.27692308
Normal,6885,trace 5748,RelationsFS,0,FALSE,TRUE,0.117647059,37106.7625
Normal,6885,trace 5749,EquivFS,0,FALSE,TRUE,0,95.025
Normal,6885,trace 5750,DFAintroFS,0,FALSE,TRUE,0.227272727,21.15238095
Normal,6885,trace 5751,DFAadvancedFS,0,FALSE,FALSE,0,11.55
Normal,6885,trace 5752,RegularGrammarFF,0,FALSE,TRUE,0.178571429,562.8592593
Credit Seeking,6885,trace 5753,NFAToREFF,0,FALSE,FALSE,0.333333333,60.91818182
Normal,6885,trace 5754,NFAFS,0,FALSE,TRUE,0.052631579,105.7888889
Normal,6885,trace 5755,NFAequivFS,0,FALSE,TRUE,0.2,3.55
Normal,6885,trace 5756,NFA2DFAlargeExFS,0,FALSE,TRUE,0,31.12222222
Normal,6885,trace 5757,DFAMinFS,0,FALSE,TRUE,0.130434783,61.6
Normal,6885,trace 5758,DFAMinEx1FS,0,FALSE,TRUE,0,67.83478261
Normal,6885,trace 5759,DFAMinEx2FS,0,FALSE,TRUE,0.033333333,53.86896552
Credit Seeking,6885,trace 5760,RegExFS,0,FALSE,TRUE,0.348837209,174.1714286
Normal,6885,trace 5761,RegEx2NFA1FS,0,FALSE,TRUE,0,46.68888889
Normal,6885,trace 5762,RegEx2NFAorFS,0,FALSE,TRUE,0,23.88571429
Normal,6885,trace 5763,RegEx2NFAcatFS,0,FALSE,TRUE,0.083333333,12.47272727
Normal,6885,trace 5764,RegEx2NFAstarFS,0,FALSE,TRUE,0.166666667,13.65454545
Credit Seeking,6885,trace 5765,RegEXtoNFAExampleFF,0,FALSE,TRUE,0.4,35.74736842
Normal,6885,trace 5766,ConvertRLREFF,0,FALSE,TRUE,0.090909091,62.86666667
Normal,6885,trace 5767,NFAToREFF,1,FALSE,TRUE,0,31.1
Normal,6885,trace 5768,REtoFAExampleFF,0,FALSE,TRUE,0.076923077,50.26666667
Normal,6885,trace 5769,RightLinearRGFF,0,FALSE,TRUE,0,49.3
Normal,6885,trace 5770,NFAToReExampleFF,0,FALSE,TRUE,0.076923077,66.26666667
Normal,6885,trace 5771,LeftLinearGrammarFF,0,FALSE,TRUE,0,45.58888889
Normal,6885,trace 5772,RegEXtoRegGrammarFF,0,FALSE,TRUE,0,55.48695652
Normal,6885,trace 5773,RegEXtoLeftRegGrammarFF,0,FALSE,TRUE,0.060606061,39.7875
Normal,6885,trace 5774,STA,0,FALSE,TRUE,0,10.72
Normal,6885,trace 5775,ClosureConceptFF,0,FALSE,TRUE,0,54.12
Credit Seeking,6885,trace 5776,ClosureRegularLangFF,0,FALSE,TRUE,0.34375,66.61935484
Normal,6885,trace 5777,RegularLangClosedInterFF,0,FALSE,TRUE,0,31.808
Normal,6885,trace 5778,RightQuotientFF,0,FALSE,TRUE,0,29.33939394
Normal,6885,trace 5779,HomomorphismFF,0,FALSE,TRUE,0,18.02222222
Normal,6885,trace 5780,introToNonRegularFF,0,FALSE,TRUE,0,12.14666667
Normal,6885,trace 5781,introToPumpingFF,0,FALSE,TRUE,0,207.025
Normal,6885,trace 5782,PLExample1FF,0,FALSE,TRUE,0.058823529,18.884
Normal,6885,trace 5783,PLExample2FF,0,FALSE,TRUE,0,24.67407407
Normal,6885,trace 5784,PLExample3FF,0,FALSE,TRUE,0,11.50769231
Normal,6885,trace 5785,PLExample4FF,0,FALSE,TRUE,0,9.469230769
Normal,6885,trace 5786,PLExample5FF,0,FALSE,TRUE,0,23.31304348
Normal,6885,trace 5787,PLExample6FF,0,FALSE,TRUE,0,41.24
Normal,6885,trace 5788,ClosurePropertiesFF,0,FALSE,TRUE,0,6.55
Normal,6885,trace 5789,ClosurePropertiesExample1FF,0,FALSE,TRUE,0,20.02222222
Normal,6885,trace 5790,ClosurePropertiesExample2FF,0,FALSE,TRUE,0,7.457142857
Normal,6885,trace 5791,ClosurePropertiesExample3FF,0,FALSE,TRUE,0,33.775
Credit Seeking,6885,trace 5792,ContextFreeLanguagesFF,0,FALSE,TRUE,0.795918367,41.71369863
Normal,6885,trace 5793,CFGDerivationsFF,0,FALSE,TRUE,0.037037037,17.07924528
Normal,6885,trace 5794,DerivationTreesFF,0,FALSE,FALSE,0,8.372727273
Normal,6885,trace 5795,MembershipProblemFF,0,FALSE,TRUE,0.24137931,28.18571429
Normal,6885,trace 5796,AmbiguityFF,0,FALSE,TRUE,0,8.92173913
Normal,6900,trace 5797,LanguagesFS,0,FALSE,TRUE,0.025,51.23589744
Normal,6900,trace 5798,GrammarIntroFS,0,TRUE,TRUE,0.222222222,1829.3
Normal,6900,trace 5799,SetDefFS,0,FALSE,TRUE,0.1,8.911111111
Credit Seeking,6900,trace 5800,SetNotationFS,0,FALSE,TRUE,0.324324324,13.95
Normal,6900,trace 5802,RelationsFS,0,FALSE,TRUE,0,26.32307692
Normal,6900,trace 5803,EquivFS,0,FALSE,TRUE,0,19.7
Credit Seeking,6900,trace 5804,DFAintroFS,0,FALSE,TRUE,0.526315789,37.97837838
Normal,6900,trace 5805,DFAadvancedFS,0,FALSE,TRUE,0.058823529,36.1375
Normal,6900,trace 5806,NFAFS,0,FALSE,TRUE,0,26.95
Normal,6900,trace 5807,NFAequivFS,0,FALSE,TRUE,0,0.1
Normal,6900,trace 5808,NFA2DFAlargeExFS,0,FALSE,TRUE,0.125,22.70434783
Credit Seeking,6900,trace 5809,RegularGrammarFF,0,FALSE,TRUE,0.307692308,54.728
Normal,6900,trace 5810,NFAToREFF,0,FALSE,TRUE,0,26.28
Normal,6900,trace 5811,SetDefFS,1,FALSE,FALSE,0,26.05
Normal,6900,trace 5812,RightLinearRGFF,0,TRUE,TRUE,0,15.56666667
Normal,6900,trace 5813,LeftLinearGrammarFF,0,FALSE,TRUE,0,14.84516129
Normal,6900,trace 5814,PDACFLFF,0,FALSE,FALSE,0.235294118,28.94242424
Normal,6900,trace 5815,RemoveUnitFF,0,FALSE,TRUE,0.028571429,28.88823529
Normal,6900,trace 5816,ChomskyNormalFormFF,0,FALSE,FALSE,0,14.72857143
Credit Seeking,6900,trace 5817,RemoveUselessFF,0,FALSE,TRUE,0.408163265,19.5875
Normal,6900,trace 5818,ChomskyNormalFormFF,1,FALSE,TRUE,0.222222222,38.15
Credit Seeking,6900,trace 5819,GreibachNormalFormFF,0,FALSE,TRUE,0.355555556,40.48181818
Normal,6900,trace 5820,DPDAFF,0,FALSE,TRUE,0.125,49.09565217
Normal,6900,trace 5821,NCFLversusDCFLFF,0,FALSE,TRUE,0,2.72
Normal,6900,trace 5822,GrammarsForDCFLFF,0,FALSE,TRUE,0.076923077,38.85
Normal,6900,trace 5824,PDA,0,FALSE,TRUE,0.066666667,99.8
Normal,6900,trace 5825,introToNonRegularFF,0,FALSE,TRUE,0,47.32307692
Normal,6900,trace 5826,introToPumpingFF,0,FALSE,TRUE,0,4.4
Normal,6900,trace 5827,PLExample1FF,0,FALSE,FALSE,0.083333333,19.11714286
Normal,6900,trace 5828,CFLClosurePropertiesFF,0,FALSE,TRUE,0,65.175
Normal,6900,trace 5829,CFLPumpingLemmaFF,0,FALSE,TRUE,0,11.51111111
Normal,6900,trace 5830,CFLPumpingLemmaExample1FF,0,FALSE,TRUE,0.028571429,1738.152941
Normal,6900,trace 5831,TMGeneralModel,0,FALSE,TRUE,0.016666667,29.27457627
Normal,6900,trace 5832,TMInterpreting,0,FALSE,TRUE,0.043478261,18.1
Normal,6900,trace 5833,PDACFLFF,1,FALSE,FALSE,0,2.55
Normal,6900,trace 5834,TMDecidableVSAcceptable,0,FALSE,TRUE,0,35.02
Normal,6900,trace 5835,TMComplicatedMachine3,0,FALSE,TRUE,0,39.51
Normal,6900,trace 5836,TravelSalesman,0,FALSE,TRUE,0.136363636,96.67619048
Normal,6900,trace 5837,PairToSortCONPI,0,FALSE,FALSE,0,202.775
Normal,6900,trace 5838,NPCCoping,0,FALSE,FALSE,0,10.03333333
Normal,6900,trace 5839,KClique,0,FALSE,FALSE,0,7.525
Normal,6900,trace 5840,UnsolveableProblems1,0,FALSE,TRUE,0,1160.688889
Normal,6900,trace 5841,DFAMinFS,0,FALSE,TRUE,0.142857143,17.76
Normal,6900,trace 5842,DFAMinEx1FS,0,FALSE,FALSE,0.181818182,282.81
Normal,6900,trace 5843,NFAequivFS,1,TRUE,TRUE,0,0.1
Normal,6900,trace 5844,DFAMinEx1FS,1,FALSE,TRUE,0,2.16
Normal,6900,trace 5845,DFAMinEx2FS,0,FALSE,TRUE,0.090909091,2.469767442
Credit Seeking,6900,trace 5846,RegExFS,0,FALSE,FALSE,0.753246753,5.357894737
Normal,6900,trace 5847,RegEx2NFA1FS,0,FALSE,TRUE,0,5.109090909
Credit Seeking,6900,trace 5848,RegExFS,1,FALSE,TRUE,0.428571429,17.51
Normal,6900,trace 5849,RegEx2NFAorFS,0,FALSE,TRUE,0,5.885714286
Normal,6900,trace 5850,RegEx2NFAcatFS,0,FALSE,TRUE,0,4.707692308
Normal,6900,trace 5851,RegEx2NFAstarFS,0,FALSE,TRUE,0,2.22
Normal,6900,trace 5852,RegEXtoNFAExampleFF,0,FALSE,TRUE,0.1875,6.413333333
Normal,6900,trace 5853,ConvertRLREFF,0,FALSE,TRUE,0,3.852631579
Normal,6900,trace 5854,REtoFAExampleFF,0,FALSE,TRUE,0,3.4
Normal,6900,trace 5855,NFAToReExampleFF,0,FALSE,TRUE,0,4.02
Normal,6900,trace 5856,RegEXtoRegGrammarFF,0,FALSE,TRUE,0.034482759,8.15
Normal,6900,trace 5857,RegEXtoLeftRegGrammarFF,0,FALSE,TRUE,0.236842105,4.627027027
Normal,6900,trace 5858,STA,0,FALSE,TRUE,0,2.654545455
Normal,6900,trace 5859,ClosureConceptFF,0,FALSE,TRUE,0,2.766666667
Normal,6900,trace 5860,ClosureRegularLangFF,0,FALSE,TRUE,0.136363636,3.533333333
Normal,6900,trace 5861,RegularLangClosedInterFF,0,FALSE,TRUE,0.260869565,3.937777778
Normal,6900,trace 5862,RightQuotientFF,0,FALSE,TRUE,0.111111111,7.459090909
Normal,6900,trace 5863,HomomorphismFF,0,FALSE,TRUE,0,5.82
Normal,6900,trace 5864,PLExample1FF,1,FALSE,TRUE,0,40.02857143
Normal,6900,trace 5865,PLExample2FF,0,FALSE,TRUE,0.060606061,2.56875
Normal,6900,trace 5866,PLExample3FF,0,FALSE,TRUE,0,2.4
Normal,6900,trace 5867,PLExample4FF,0,FALSE,TRUE,0,2.2
Normal,6900,trace 5868,PLExample5FF,0,FALSE,TRUE,0.04,2.508333333
Normal,6900,trace 5869,PLExample6FF,0,FALSE,TRUE,0.102564103,2.084210526
Credit Seeking,6900,trace 5870,ClosurePropertiesFF,0,FALSE,TRUE,0.5,3.577777778
Normal,6900,trace 5871,ClosurePropertiesExample1FF,0,FALSE,TRUE,0,2.018181818
Normal,6900,trace 5872,ClosurePropertiesExample2FF,0,FALSE,TRUE,0,1.8
Normal,6900,trace 5873,ClosurePropertiesExample3FF,0,FALSE,TRUE,0,1.52
Normal,6900,trace 5874,PDATransitionsFF,0,FALSE,FALSE,0,2.3
Normal,6900,trace 5876,PDACFLFF,1,FALSE,FALSE,0,0.55
Normal,6900,trace 5877,PairToSortCONPI,1,FALSE,FALSE,0.166666667,2.62
Normal,6900,trace 5878,KClique,1,FALSE,TRUE,0,1.466666667
Normal,6918,trace 5879,ClosureConceptFF,0,FALSE,TRUE,0,3.02
Normal,6918,trace 5880,ClosureRegularLangFF,0,FALSE,TRUE,0.142857143,4.46
Credit Seeking,6918,trace 5881,RegularLangClosedInterFF,0,FALSE,TRUE,0.319148936,34.11304348
Normal,6918,trace 5882,RightQuotientFF,0,TRUE,TRUE,0,14.00555556
Normal,6918,trace 5883,HomomorphismFF,0,FALSE,TRUE,0,8.8
Normal,6918,trace 5884,MajorConceptsFF,0,FALSE,TRUE,0.051282051,14.32105263
Credit Seeking,6918,trace 5885,GrammarIntroFF,0,FALSE,TRUE,0.389830508,9.296551724
Normal,6918,trace 5886,SetDefFF,0,FALSE,TRUE,0,19.7
Normal,6918,trace 5887,SetCommonSymbolsFF,0,FALSE,FALSE,0.111111111,9.2625
Normal,6918,trace 5888,RelationsFF,0,FALSE,TRUE,0,30.01176471
Normal,6918,trace 5889,introToNonRegularFF,0,FALSE,TRUE,0,12.34666667
Normal,6918,trace 5890,introToPumpingFF,0,FALSE,TRUE,0,7.577777778
Normal,6918,trace 5891,PLExample1FF,0,FALSE,TRUE,0.065217391,10.07111111
Credit Seeking,6918,trace 5892,ContextFreeLanguagesFF,0,FALSE,FALSE,0.928571429,3.385454545
Normal,6918,trace 5893,CFGDerivationsFF,0,FALSE,TRUE,0,9.947169811
Normal,6918,trace 5894,DerivationTreesFF,0,FALSE,FALSE,0,32.75833333
Credit Seeking,6918,trace 5895,ContextFreeLanguagesFF,1,FALSE,FALSE,0.823529412,3.2
Normal,6918,trace 5896,MembershipProblemFF,0,FALSE,FALSE,0,24.025
Normal,6918,trace 5897,TransformGrammarsFF,0,FALSE,FALSE,0,11.05
Normal,6918,trace 5898,RightLinearRGFF,0,FALSE,FALSE,0,4.05
Credit Seeking,6918,trace 5899,RegularGrammarFF,0,FALSE,TRUE,0.511627907,5.076190476
Normal,6918,trace 5900,RightLinearRGFF,1,FALSE,FALSE,0,8.025
Normal,6918,trace 5901,LeftLinearGrammarFF,0,TRUE,TRUE,0.023809524,1179.273171
Credit Seeking,6918,trace 5902,SetCommonSymbolsFF,1,FALSE,TRUE,0.28125,2.329032258
Normal,6918,trace 5903,TransformGrammarsFF,1,FALSE,TRUE,0,24.59310345
Normal,6918,trace 5904,RemoveUselessFF,0,FALSE,TRUE,0.035714286,41.48888889
Normal,6918,trace 5905,RemoveLambdaFF,0,FALSE,TRUE,0,24.41333333
Normal,6918,trace 5906,RemoveUnitFF,0,FALSE,TRUE,0.244444444,17.86818182
Normal,6918,trace 5907,PDA,0,FALSE,TRUE,0.117647059,30.2625
Normal,6918,trace 5908,PDATransitionsFF,0,TRUE,TRUE,0,15.06666667
Normal,6918,trace 5909,PDAAcceptanceFF,0,FALSE,TRUE,0.026315789,8.789189189
Normal,6918,trace 5910,PDAEmptyStackAcceptanceFF,0,FALSE,TRUE,0.026315789,6.545945946
Normal,6918,trace 5911,PDAAcceptanceEquivalenceFF,0,FALSE,FALSE,0.266666667,11352.79655
Normal,6918,trace 5912,RemoveUselessFF,1,FALSE,FALSE,0.2,101.6777778
Normal,6918,trace 5913,ChomskyNormalFormFF,0,FALSE,FALSE,0,15.01428571
Credit Seeking,6918,trace 5914,RemoveLambdaFF,1,FALSE,FALSE,0.720930233,10.5047619
Normal,6918,trace 5915,RemoveUnitFF,1,FALSE,FALSE,0,2.05
Credit Seeking,6918,trace 5916,PDACFLFF,0,FALSE,FALSE,0.29787234,51.80869565
Normal,6918,trace 5917,GreibachNormalFormFF,0,FALSE,FALSE,0,8.82
Credit Seeking,6918,trace 5918,ChomskyNormalFormFF,1,FALSE,FALSE,0.4,43.58571429
Credit Seeking,6918,trace 5919,GreibachNormalFormFF,1,FALSE,FALSE,0.9,3.317241379
Credit Seeking,6918,trace 5920,PDACFLFF,1,FALSE,FALSE,0.318181818,72.28139535
Credit Seeking,6918,trace 5921,DPDAFF,0,FALSE,TRUE,0.433333333,36.8
Normal,6918,trace 5922,NCFLProofFF,0,FALSE,TRUE,0,77.8
Normal,6918,trace 5923,NCFLversusDCFLFF,0,FALSE,TRUE,0,4.525
Normal,6918,trace 5924,GrammarsForDCFLFF,0,FALSE,TRUE,0,25.12
Credit Seeking,6918,trace 5925,PDACFLFF,1,FALSE,FALSE,0.625,1.585714286
Credit Seeking,6918,trace 5926,RemoveLambdaFF,1,TRUE,TRUE,0.428571429,3.469230769
Normal,6918,trace 5927,CFLClosurePropertiesFF,0,FALSE,TRUE,0,13.55454545
Normal,6918,trace 5928,CFLPumpingLemmaFF,0,FALSE,TRUE,0,7.747368421
Normal,6918,trace 5929,CFLPumpingLemmaExample1FF,0,FALSE,TRUE,0,6.50625
Normal,6918,trace 5930,CFLPumpingLemmaExample3FF,0,FALSE,TRUE,0,5.007692308
Normal,6918,trace 5931,TMGeneralModel,0,FALSE,TRUE,0.114754098,21.98666667
Normal,6918,trace 5932,TMInterpreting,0,FALSE,TRUE,0,17.67777778
Normal,6918,trace 5933,TMDecidableVSAcceptable,0,FALSE,TRUE,0,12209.86429
Normal,6918,trace 5935,CFLPumpingLemmaExample2FF,0,FALSE,TRUE,0,5.741176471
Credit Seeking,6918,trace 5936,RemoveLambdaFF,1,TRUE,TRUE,0.321428571,2.266666667
Credit Seeking,6918,trace 5937,RemoveUnitFF,1,FALSE,FALSE,0.5,18.93076923
Normal,6918,trace 5938,CFLClosurePropertiesFF,1,FALSE,FALSE,0,46.22
Normal,6918,trace 5939,TravelSalesman,0,FALSE,TRUE,0,208.95
Normal,6918,trace 5940,KClique,0,FALSE,TRUE,0.083333333,32.29090909
Normal,6918,trace 5941,SATProof,0,FALSE,TRUE,0,243.6833333
Normal,6918,trace 5943,UnsolveableProblems1,0,FALSE,TRUE,0,261.275
Normal,6918,trace 5944,UnsolveableProblems2,0,FALSE,FALSE,0,5.033333333
Normal,6918,trace 5945,NPCCoping,0,FALSE,FALSE,0,24.7
Normal,6918,trace 5946,PairToSortCONPI,0,FALSE,TRUE,0,30.09230769
Normal,6918,trace 5947,LowerBound,0,FALSE,FALSE,0,55.58571429
Normal,6918,trace 5948,TwoMulExample,0,FALSE,FALSE,0,8.42
Normal,6918,trace 5949,TravelSalesman,1,FALSE,FALSE,0,179.05
Credit Seeking,6918,trace 5950,NPCCoping,1,FALSE,FALSE,0.588235294,28.8875
Normal,6921,trace 5952,RelationsFS,0,FALSE,FALSE,0,24.02
Normal,6921,trace 5953,GrammarIntroFS,0,FALSE,FALSE,0,8.7
Normal,6921,trace 5955,NFAFS,0,FALSE,FALSE,0.1,19.45555556
Credit Seeking,6921,trace 5956,LanguagesFS,0,FALSE,FALSE,0.6,4.721428571
Normal,7265,trace 5957,LanguagesFS,0,FALSE,TRUE,0.25,23.22181818
Normal,7265,trace 5958,GrammarIntroFS,0,FALSE,TRUE,0.102564103,2437.952632
Normal,7265,trace 5959,SetDefFS,0,FALSE,TRUE,0,22.86666667
Normal,7265,trace 5960,SetNotationFS,0,FALSE,TRUE,0,32.79130435
Credit Seeking,7265,trace 5961,RelationsFS,0,FALSE,TRUE,0.285714286,22.76
Normal,7265,trace 5962,LanguagesFS,1,TRUE,TRUE,0,151.4555556
Normal,7265,trace 5964,DFAintroFS,0,FALSE,TRUE,0.25,1046.896296
Normal,7265,trace 5965,DFAadvancedFS,0,FALSE,TRUE,0.08,1073.8375
Credit Seeking,7265,trace 5968,NFAFS,0,FALSE,FALSE,0.433333333,1736.558621
Normal,7265,trace 5969,NFAequivFS,0,FALSE,TRUE,0,0.1
Normal,7265,trace 5970,DFAMinFS,0,FALSE,TRUE,0.1,74.58947368
Normal,7265,trace 5971,NFAFS,1,FALSE,TRUE,0,2.733333333
Normal,7265,trace 5972,NFAequivFS,1,TRUE,TRUE,0,0.1
Normal,7265,trace 5973,NFA2DFAlargeExFS,0,FALSE,TRUE,0,40.95789474
Normal,7265,trace 5974,DFAMinEx1FS,0,FALSE,FALSE,0,3152.736364
Normal,7265,trace 5975,DFAMinFS,1,TRUE,TRUE,0,0.1
Normal,7265,trace 5976,DFAMinEx1FS,1,FALSE,TRUE,0,15.26
Normal,7265,trace 5977,DFAMinEx2FS,0,FALSE,TRUE,0.064516129,20.14
Normal,7265,trace 5978,DFAMinFS,1,TRUE,FALSE,0,5.516666667
Normal,7265,trace 5979,NFAFS,1,FALSE,FALSE,0,2686.1
Normal,7265,trace 5981,DFAMinEx1FS,1,FALSE,FALSE,0,29.62
Normal,7265,trace 5982,RegExFS,0,FALSE,TRUE,0.142857143,1362.388235
Normal,7265,trace 5983,RegEx2NFA1FS,0,FALSE,TRUE,0,12.35
Normal,7265,trace 5984,RegEx2NFAorFS,0,FALSE,TRUE,0,14.8
Normal,7265,trace 5985,RegEx2NFAcatFS,0,FALSE,TRUE,0,26.91111111
Normal,7265,trace 5986,RegEx2NFAstarFS,0,FALSE,TRUE,0,16.9
Normal,7265,trace 5987,RegEXtoNFAExampleFF,0,FALSE,TRUE,0,18.26666667
Normal,7265,trace 5988,ConvertRLREFF,0,FALSE,TRUE,0,43.7
Normal,7265,trace 5989,EquivFS,0,FALSE,TRUE,0.111111111,19.15
Normal,7265,trace 5991,NFA2DFAlargeExFS,1,FALSE,FALSE,0.2,12.275
Credit Seeking,7265,trace 5992,RegularGrammarFF,0,FALSE,TRUE,0.533333333,5702.140909
Normal,7265,trace 5993,NFAToREFF,0,FALSE,TRUE,0,40653.28
Normal,7265,trace 5994,REtoFAExampleFF,0,FALSE,TRUE,0,7.15
Normal,7265,trace 5995,RightLinearRGFF,0,FALSE,TRUE,0,8.371428571
Normal,7265,trace 5996,NFAToReExampleFF,0,FALSE,TRUE,0,7.836363636
Normal,7265,trace 5997,LeftLinearGrammarFF,0,FALSE,TRUE,0.028571429,13.85882353
Normal,7265,trace 5998,RegEXtoRegGrammarFF,0,FALSE,TRUE,0,31.408
Normal,7265,trace 5999,RegEXtoLeftRegGrammarFF,0,FALSE,TRUE,0,797.4666667
Normal,7265,trace 6000,STA,0,FALSE,TRUE,0,30.2
Normal,7265,trace 6001,ClosureConceptFF,0,FALSE,TRUE,0,6.355555556
Normal,7265,trace 6002,ClosureRegularLangFF,0,FALSE,TRUE,0.095238095,16.61
Normal,7265,trace 6003,RegularLangClosedInterFF,0,FALSE,TRUE,0.189189189,11.06111111
Normal,7265,trace 6004,RightQuotientFF,0,TRUE,TRUE,0,42.55151515
Normal,7265,trace 6005,HomomorphismFF,0,FALSE,TRUE,0,10.01818182
Normal,7265,trace 6006,introToNonRegularFF,0,FALSE,TRUE,0,10.15714286
Normal,7265,trace 6007,introToPumpingFF,0,FALSE,TRUE,0,10.525
Normal,7265,trace 6008,PLExample1FF,0,FALSE,TRUE,0.022222222,16.45909091
Normal,7265,trace 6009,PLExample2FF,0,FALSE,TRUE,0,9.377777778
Normal,7265,trace 6010,PLExample3FF,0,FALSE,TRUE,0.035714286,6.118518519
Normal,7265,trace 6011,PLExample4FF,0,FALSE,TRUE,0,7.091666667
Normal,7265,trace 6012,PLExample5FF,0,FALSE,TRUE,0,6.327272727
Normal,7265,trace 6013,PLExample6FF,0,FALSE,TRUE,0.029411765,7.490909091
Credit Seeking,7265,trace 6014,ClosurePropertiesFF,0,FALSE,TRUE,0.454545455,3.92
Normal,7265,trace 6015,ClosurePropertiesExample1FF,0,FALSE,TRUE,0,10.52
Normal,7265,trace 6016,ClosurePropertiesExample2FF,0,FALSE,TRUE,0,23.45714286
Normal,7265,trace 6017,ClosurePropertiesExample3FF,0,FALSE,TRUE,0,18.42
Credit Seeking,7265,trace 6018,ContextFreeLanguagesFF,0,FALSE,FALSE,0.833333333,10.76551724
Normal,7265,trace 6019,CFGDerivationsFF,0,FALSE,TRUE,0.018518519,31.43773585
Credit Seeking,7265,trace 6020,ContextFreeLanguagesFF,1,FALSE,FALSE,0.769230769,3.35
Normal,7265,trace 6021,DerivationTreesFF,0,TRUE,TRUE,0,5.88
Credit Seeking,7265,trace 6022,MembershipProblemFF,0,FALSE,FALSE,0.818181818,10.28372093
Normal,7265,trace 6023,AmbiguityFF,0,FALSE,TRUE,0.111111111,9.892307692
Normal,7265,trace 6024,TransformGrammarsFF,0,FALSE,FALSE,0,41.775
Credit Seeking,7265,trace 6025,RemoveUselessFF,0,FALSE,FALSE,0.375,23.44347826
Credit Seeking,7265,trace 6026,TransformGrammarsFF,1,FALSE,FALSE,0.428571429,15.18333333
Normal,7265,trace 6027,DFAMinFS,1,TRUE,FALSE,0.25,1.366666667
Normal,7265,trace 6028,RightQuotientFF,1,TRUE,FALSE,0,16.82
Normal,7265,trace 6029,ClosureRegularLangFF,1,TRUE,TRUE,0,0.1
Normal,7265,trace 6030,TransformGrammarsFF,1,FALSE,TRUE,0,34.86
Normal,7265,trace 6031,RemoveUselessFF,1,FALSE,TRUE,0.176470588,4827.0125
Normal,7265,trace 6032,RemoveLambdaFF,0,FALSE,TRUE,0,97.01333333
Credit Seeking,7265,trace 6033,RemoveUnitFF,0,FALSE,TRUE,0.365384615,60.08235294
Normal,7265,trace 6034,ChomskyNormalFormFF,0,FALSE,TRUE,0,16.14666667
Credit Seeking,7265,trace 6035,GreibachNormalFormFF,0,FALSE,TRUE,0.346153846,53.69019608
Credit Seeking,7265,trace 6036,ContextFreeLanguagesFF,1,FALSE,TRUE,0.42,11.61632653
Normal,7265,trace 6037,LeftLinearGrammarFF,1,TRUE,TRUE,0.064516129,8.44
Normal,7265,trace 6038,RegularGrammarFF,1,FALSE,FALSE,0,14.55
Credit Seeking,7265,trace 6039,PDA,0,FALSE,TRUE,0.35,32.64210526
Normal,7265,trace 6040,PDATransitionsFF,0,TRUE,TRUE,0.045454545,12.67619048
Normal,7265,trace 6041,PDAAcceptanceFF,0,FALSE,TRUE,0.086956522,361.2488889
Normal,7265,trace 6042,PDAEmptyStackAcceptanceFF,0,FALSE,TRUE,0.046511628,8.623809524
Normal,7265,trace 6043,PDAAcceptanceEquivalenceFF,0,FALSE,TRUE,0,7.313043478
Normal,7265,trace 6044,PDACFLFF,0,FALSE,TRUE,0.232142857,726.5836364
Normal,7265,trace 6045,GreibachNormalFormFF,1,TRUE,TRUE,0.117647059,11.0969697
Normal,7265,trace 6046,PDACFLFF,1,FALSE,FALSE,0,22.7
Normal,7265,trace 6047,ChomskyNormalFormFF,1,TRUE,TRUE,0,9.22
Normal,7265,trace 6048,RemoveLambdaFF,1,FALSE,FALSE,0,13.58571429
Normal,7265,trace 6049,PDAAcceptanceEquivalenceFF,1,TRUE,TRUE,0,237.0366667
Normal,7265,trace 6051,ChomskyNormalFormFF,1,TRUE,TRUE,0,7.355555556
Normal,7265,trace 6052,RemoveUselessFF,1,FALSE,FALSE,0,6.025
Normal,7265,trace 6053,ChomskyNormalFormFF,1,TRUE,FALSE,0,5.033333333
Normal,7265,trace 6054,RemoveLambdaFF,1,TRUE,TRUE,0,7.62
Normal,7265,trace 6055,RemoveUnitFF,1,FALSE,FALSE,0,22.34
Normal,7265,trace 6056,DPDAFF,0,FALSE,TRUE,0.142857143,16.96
Normal,7265,trace 6057,CFLClosurePropertiesFF,0,FALSE,TRUE,0,12.69090909
Normal,7265,trace 6058,CFLPumpingLemmaFF,0,FALSE,TRUE,0,803.2736842
Normal,7265,trace 6059,CFLPumpingLemmaExample1FF,0,FALSE,TRUE,0.057142857,17.56470588
Normal,7265,trace 6060,CFLPumpingLemmaExample2FF,0,FALSE,FALSE,0,11.00333333
Normal,7265,trace 6061,CFLPumpingLemmaExample3FF,0,FALSE,TRUE,0,12.568
Normal,7265,trace 6062,CFLPumpingLemmaExample4FF,0,FALSE,TRUE,0.023255814,28.71904762
Normal,7265,trace 6063,CFLPumpingLemmaExample5FF,0,FALSE,TRUE,0,13.7030303
Normal,7265,trace 6067,PDAEmptyStackAcceptanceFF,1,TRUE,TRUE,0,7.885714286
Normal,7265,trace 6068,TMGeneralModel,0,FALSE,TRUE,0.05,14.22372881
Normal,7265,trace 6069,TMInterpreting,0,FALSE,TRUE,0.045454545,22.48571429
Normal,7265,trace 6070,TMDecidableVSAcceptable,0,FALSE,TRUE,0,11.74545455
Normal,7265,trace 6071,TMComplicatedMachine3,0,FALSE,TRUE,0,37364.72381
Normal,7265,trace 6072,PairToSortCONPI,0,FALSE,TRUE,0.133333333,12.22857143
Normal,7265,trace 6073,LowerBound,0,TRUE,TRUE,0,12.13333333
Normal,7265,trace 6074,TwoMulExample,0,FALSE,TRUE,0,15.65714286
Normal,7265,trace 6075,TravelSalesman,0,FALSE,TRUE,0,21.85263158
Normal,7265,trace 6076,KClique,0,FALSE,TRUE,0,16.2
Normal,7265,trace 6077,SATProof,0,FALSE,TRUE,0.133333333,6.014285714
Normal,7265,trace 6078,NPCCoping,0,FALSE,TRUE,0.176470588,14.5125
Normal,7265,trace 6079,UnsolveableProblems1,0,FALSE,TRUE,0,22.29090909
Normal,7265,trace 6080,UnsolveableProblems2,0,FALSE,TRUE,0,14.775
Normal,7265,trace 6081,TravelSalesman,1,FALSE,FALSE,0,14.55
Normal,7265,trace 6082,KClique,1,FALSE,FALSE,0,36.55
Normal,7265,trace 6084,NFAequivFS,1,TRUE,TRUE,0,6.3
Credit Seeking,7265,trace 6085,MembershipProblemFF,1,FALSE,TRUE,0.35,12.43157895
Normal,7265,trace 6086,NCFLProofFF,0,FALSE,TRUE,0,5.02
Normal,7265,trace 6087,NCFLversusDCFLFF,0,FALSE,TRUE,0,3.32
Normal,7265,trace 6088,GrammarsForDCFLFF,0,FALSE,TRUE,0,8.32
Normal,7265,trace 6091,TMGeneralModel,1,FALSE,FALSE,0,12.3875
Normal,7509,trace 6093,ClosureRegularLangFF,0,FALSE,TRUE,0.15,10.37894737
Normal,7509,trace 6094,HomomorphismFF,0,FALSE,FALSE,0,9.775
Normal,7509,trace 6095,SetDefFF,0,FALSE,FALSE,0,1.55
Normal,7509,trace 6100,PDACFLFF,0,FALSE,FALSE,0.1875,30.6
Normal,7509,trace 6101,RemoveLambdaFF,0,FALSE,FALSE,0,33.46666667
Normal,7509,trace 6103,RemoveLambdaFF,1,FALSE,TRUE,0,24.32
Normal,7509,trace 6104,GreibachNormalFormFF,0,FALSE,FALSE,0.269230769,148.884
Credit Seeking,7509,trace 6105,ChomskyNormalFormFF,0,FALSE,FALSE,0.928571429,9.2
Normal,7509,trace 6106,RemoveUnitFF,0,FALSE,FALSE,0.117647059,23.7
Normal,7509,trace 6107,GrammarsForDCFLFF,0,FALSE,TRUE,0,20.38181818
Normal,7509,trace 6108,DPDAFF,0,FALSE,FALSE,0,13.45555556
Normal,7509,trace 6109,CFLPumpingLemmaFF,0,FALSE,FALSE,0,14.55
Credit Seeking,7509,trace 6110,RelationsFF,0,FALSE,TRUE,0.28125,3.135483871
Normal,7509,trace 6111,TravelSalesman,0,FALSE,FALSE,0,1.05
Normal,7509,trace 6112,UnsolveableProblems1,0,FALSE,TRUE,0,114.8
Normal,7509,trace 6113,TravelSalesman,1,FALSE,FALSE,0.217391304,23.59545455
Normal,7510,trace 6114,LanguagesFS,0,FALSE,TRUE,0.163265306,61.8375
Normal,7510,trace 6115,GrammarIntroFS,0,FALSE,TRUE,0.085714286,64.09411765
Normal,7510,trace 6116,SetDefFS,0,FALSE,TRUE,0.076923077,35.76666667
Normal,7510,trace 6117,SetNotationFS,0,FALSE,TRUE,0.103448276,156.0428571
Normal,7510,trace 6118,RelationsFS,0,FALSE,TRUE,0.263157895,33.51111111
Normal,7510,trace 6119,EquivFS,0,FALSE,TRUE,0,305.8857143
Normal,7510,trace 6120,DFAintroFS,0,FALSE,TRUE,0.173913043,11.64545455
Normal,7510,trace 6121,DFAadvancedFS,0,FALSE,TRUE,0,13.09230769
Normal,7510,trace 6122,DFAintroFS,1,FALSE,FALSE,0,5.7
Normal,7510,trace 6124,RegExFS,0,FALSE,TRUE,0.234042553,177.526087
Normal,7510,trace 6125,RegEx2NFA1FS,0,FALSE,TRUE,0,11.68888889
Normal,7510,trace 6126,DFAintroFS,1,TRUE,TRUE,0.090909091,25.05714286
Normal,7510,trace 6127,DFAadvancedFS,1,TRUE,TRUE,0,48.67777778
Normal,7510,trace 6128,NFAFS,0,FALSE,TRUE,0.095238095,50.81
Normal,7510,trace 6129,NFAequivFS,0,FALSE,TRUE,0,0.1
Normal,7510,trace 6130,NFA2DFAlargeExFS,0,FALSE,TRUE,0,10.71
Normal,7510,trace 6131,DFAMinFS,0,FALSE,TRUE,0.1,68.01052632
Normal,7510,trace 6132,DFAMinEx1FS,0,FALSE,TRUE,0,17.05454545
Normal,7510,trace 6133,DFAMinEx2FS,0,FALSE,TRUE,0.027777778,95.14857143
Credit Seeking,7510,trace 6134,RegExFS,1,TRUE,TRUE,0.433962264,34.81153846
Normal,7510,trace 6135,RegEx2NFA1FS,1,TRUE,TRUE,0,8.133333333
Normal,7510,trace 6136,RegEx2NFAorFS,0,FALSE,TRUE,0,11.4
Normal,7510,trace 6137,RegEx2NFAcatFS,0,FALSE,TRUE,0,5.745454545
Normal,7510,trace 6138,RegEx2NFAstarFS,0,FALSE,TRUE,0,4.275
Credit Seeking,7510,trace 6139,RegEXtoNFAExampleFF,0,FALSE,TRUE,0.482758621,7.757142857
Normal,7510,trace 6140,ConvertRLREFF,0,FALSE,TRUE,0,8.233333333
Credit Seeking,7510,trace 6141,RegularGrammarFF,0,FALSE,FALSE,0.545454545,3.1
Credit Seeking,7510,trace 6142,NFAToREFF,0,FALSE,FALSE,0.566666667,7.037931034
Normal,7510,trace 6143,RightLinearRGFF,0,FALSE,FALSE,0,17.44285714
Normal,7510,trace 6144,RegEXtoRegGrammarFF,0,FALSE,TRUE,0.151515152,9.475
Normal,7510,trace 6145,LeftLinearGrammarFF,0,TRUE,TRUE,0,16.32340426
Normal,7510,trace 6146,REtoFAExampleFF,0,FALSE,TRUE,0,22.525
Normal,7510,trace 6147,LeftLinearGrammarFF,1,TRUE,FALSE,0,35.46923077
Credit Seeking,7510,trace 6148,ContextFreeLanguagesFF,0,FALSE,FALSE,0.782608696,5.554545455
Normal,7510,trace 6149,introToNonRegularFF,0,FALSE,TRUE,0,7.3
Normal,7510,trace 6150,ContextFreeLanguagesFF,1,FALSE,TRUE,0,14.688
Credit Seeking,7510,trace 6151,PDA,0,FALSE,TRUE,0.59375,41.7483871
Normal,7510,trace 6152,PDATransitionsFF,0,TRUE,TRUE,0.043478261,22.64545455
Normal,7510,trace 6153,PDAAcceptanceFF,0,FALSE,TRUE,0.041666667,23.30212766
Normal,7510,trace 6154,PDAEmptyStackAcceptanceFF,0,FALSE,TRUE,0,9.843243243
Normal,7510,trace 6155,PDAAcceptanceEquivalenceFF,0,FALSE,TRUE,0,2609.945714
Normal,7510,trace 6156,PDACFLFF,0,FALSE,FALSE,0.2,10.09318182
Credit Seeking,7510,trace 6158,CFGDerivationsFF,0,FALSE,TRUE,0.285714286,6.171084337
Normal,7510,trace 6159,DerivationTreesFF,0,FALSE,TRUE,0,7.3
Normal,7510,trace 6161,TransformGrammarsFF,0,FALSE,FALSE,0,125.3153846
Normal,7510,trace 6162,RemoveUselessFF,0,FALSE,TRUE,0.228571429,84.94705882
Normal,7510,trace 6163,RemoveLambdaFF,0,FALSE,TRUE,0,33.81333333
Credit Seeking,7510,trace 6164,RemoveUnitFF,0,FALSE,TRUE,0.333333333,14.584
Normal,7510,trace 6165,ChomskyNormalFormFF,0,FALSE,TRUE,0,13.08571429
Normal,7510,trace 6166,PLExample5FF,0,FALSE,TRUE,0,8.87826087
Normal,7510,trace 6167,ContextFreeLanguagesFF,1,TRUE,TRUE,0,48.4
Normal,7510,trace 6168,CFGDerivationsFF,1,TRUE,TRUE,0,11.89787234
Normal,7510,trace 6169,MembershipProblemFF,0,FALSE,TRUE,0.125,68.57391304
Normal,7510,trace 6170,AmbiguityFF,0,FALSE,TRUE,0.1,57.83448276
Normal,7510,trace 6171,TransformGrammarsFF,1,FALSE,TRUE,0,47.61935484
Normal,7510,trace 6172,RemoveUselessFF,1,TRUE,TRUE,0.035714286,14.41481481
Normal,7510,trace 6173,RemoveLambdaFF,1,FALSE,FALSE,0,33.84166667
Normal,7510,trace 6174,RemoveUnitFF,1,FALSE,FALSE,0,20.01666667
Normal,7510,trace 6175,ChomskyNormalFormFF,1,FALSE,FALSE,0,10.275
Normal,7510,trace 6176,GreibachNormalFormFF,0,FALSE,TRUE,0.048780488,25.53
Normal,7510,trace 6177,PDA,1,TRUE,TRUE,0.076923077,27.01666667
Normal,7510,trace 6178,PDATransitionsFF,1,TRUE,TRUE,0,21.11578947
Normal,7510,trace 6179,PDAAcceptanceFF,1,FALSE,FALSE,0,168.11
Normal,7510,trace 6180,PDAAcceptanceEquivalenceFF,1,TRUE,TRUE,0,15.46
Normal,7510,trace 6181,PDACFLFF,1,FALSE,TRUE,0,32.32
Normal,7510,trace 6182,DPDAFF,0,FALSE,TRUE,0,14.28888889
Normal,7510,trace 6183,NCFLProofFF,0,FALSE,FALSE,0,5.033333333
Normal,7510,trace 6184,NCFLversusDCFLFF,0,FALSE,TRUE,0.1,2.911111111
Normal,7510,trace 6185,GrammarsForDCFLFF,0,FALSE,TRUE,0,13.3
Normal,7510,trace 6186,PairToSortCONPI,0,FALSE,TRUE,0.071428571,334.6307692
Normal,7510,trace 6188,NFAequivFS,1,TRUE,TRUE,0,2.733333333
Credit Seeking,7510,trace 6189,RegularGrammarFF,1,FALSE,TRUE,0.352941176,5.0125
Credit Seeking,7510,trace 6190,NFAToREFF,1,FALSE,TRUE,0.5,5.630769231
Normal,7510,trace 6191,RightLinearRGFF,1,FALSE,TRUE,0,5.15
Normal,7510,trace 6192,NFAToReExampleFF,0,FALSE,TRUE,0,5.22
Normal,7510,trace 6193,RegEXtoLeftRegGrammarFF,0,FALSE,TRUE,0.088235294,8.43030303
Normal,7510,trace 6194,STA,0,FALSE,TRUE,0,3.109090909
Normal,7510,trace 6195,introToPumpingFF,0,FALSE,TRUE,0,6.025
Credit Seeking,7510,trace 6196,NCFLProofFF,1,FALSE,TRUE,0.333333333,3.247058824
Normal,7510,trace 6197,LowerBound,0,FALSE,TRUE,0,102.7
Normal,7510,trace 6198,TwoMulExample,0,FALSE,TRUE,0,105.08
Normal,7510,trace 6199,TravelSalesman,0,FALSE,TRUE,0,532.7176471
Normal,7510,trace 6200,KClique,0,FALSE,TRUE,0,2087.12
Normal,7510,trace 6201,SATProof,0,FALSE,TRUE,0,4245.766667
Normal,7510,trace 6202,NPCCoping,0,FALSE,TRUE,0.076923077,299.1833333
Normal,7510,trace 6203,UnsolveableProblems1,0,FALSE,TRUE,0,139.525
Normal,7510,trace 6204,UnsolveableProblems2,0,FALSE,TRUE,0,130.1714286
Normal,7523,trace 6205,LanguagesFS,0,FALSE,TRUE,0.159090909,111.6790698
Normal,7523,trace 6206,GrammarIntroFS,0,FALSE,TRUE,0.157894737,921.1405405
Normal,7523,trace 6207,SetDefFS,0,FALSE,TRUE,0,9.171428571
Normal,7523,trace 6208,SetNotationFS,0,FALSE,TRUE,0.21875,11.45806452
Normal,7523,trace 6209,RelationsFS,0,FALSE,TRUE,0.2,264.5894737
Normal,7523,trace 6210,EquivFS,0,FALSE,TRUE,0.181818182,16.82
Normal,7523,trace 6211,LanguagesFS,1,FALSE,FALSE,0,1211.31
Credit Seeking,7523,trace 6212,DFAintroFS,0,FALSE,TRUE,0.684210526,11.73571429
Normal,7523,trace 6213,DFAadvancedFS,0,FALSE,TRUE,0.1,357.6894737
Credit Seeking,7523,trace 6214,NFAFS,0,FALSE,TRUE,0.387096774,15.34
Normal,7523,trace 6215,NFAequivFS,0,FALSE,TRUE,0,0.1
Normal,7523,trace 6216,NFA2DFAlargeExFS,0,FALSE,TRUE,0,13.22105263
Normal,7523,trace 6217,NFAequivFS,1,TRUE,TRUE,0,0.1
Normal,7523,trace 6218,DFAMinFS,0,FALSE,TRUE,0.05,33.27368421
Normal,7523,trace 6219,DFAMinEx1FS,0,FALSE,TRUE,0,22.19090909
Normal,7523,trace 6220,DFAMinEx2FS,0,FALSE,TRUE,0,11.448
Normal,7523,trace 6221,DFAMinEx1FS,1,FALSE,FALSE,0.142857143,31.85
Normal,7523,trace 6223,RegExFS,0,FALSE,TRUE,0.032258065,20.90666667
Normal,7523,trace 6224,RegEx2NFA1FS,0,FALSE,TRUE,0,11.24444444
Credit Seeking,7523,trace 6225,RegEx2NFAorFS,0,FALSE,FALSE,0.8,29.79705882
Normal,7523,trace 6226,RegEx2NFAcatFS,0,FALSE,TRUE,0,7.516666667
Normal,7523,trace 6227,RegEx2NFAstarFS,0,FALSE,TRUE,0.090909091,5.62
Normal,7523,trace 6228,RegEXtoNFAExampleFF,0,FALSE,TRUE,0,21.02
Normal,7523,trace 6229,ConvertRLREFF,0,FALSE,TRUE,0,12.53684211
Credit Seeking,7523,trace 6231,RegularGrammarFF,0,FALSE,TRUE,0.666666667,9.075
Normal,7523,trace 6232,NFAToREFF,0,FALSE,TRUE,0.105263158,11.01111111
Normal,7523,trace 6233,REtoFAExampleFF,0,FALSE,TRUE,0,5.911111111
Normal,7523,trace 6234,RightLinearRGFF,0,FALSE,TRUE,0,5.861538462
Normal,7523,trace 6235,LeftLinearGrammarFF,0,FALSE,TRUE,0,13.36428571
Credit Seeking,7523,trace 6236,RegEx2NFAorFS,1,FALSE,FALSE,0.333333333,24.05
Normal,7523,trace 6237,RegEXtoRegGrammarFF,0,FALSE,TRUE,0,14.09565217
Normal,7523,trace 6238,RegEXtoLeftRegGrammarFF,0,FALSE,TRUE,0,10.408
Normal,7523,trace 6239,STA,0,FALSE,TRUE,0,7.52
Normal,7523,trace 6240,RightLinearRGFF,1,FALSE,FALSE,0,8.344444444
Normal,7523,trace 6242,LeftLinearGrammarFF,1,FALSE,FALSE,0,9.05
Normal,7523,trace 6243,ClosureConceptFF,0,FALSE,TRUE,0,4.911111111
Normal,7523,trace 6244,ClosureRegularLangFF,0,FALSE,TRUE,0,9.7625
Normal,7523,trace 6245,RegularLangClosedInterFF,0,FALSE,TRUE,0.034482759,37.72142857
Normal,7523,trace 6246,RightQuotientFF,0,FALSE,TRUE,0,67.16774194
Normal,7523,trace 6247,HomomorphismFF,0,FALSE,TRUE,0,8.62
Normal,7523,trace 6248,introToNonRegularFF,0,FALSE,TRUE,0,7.246153846
Normal,7523,trace 6249,introToPumpingFF,0,FALSE,TRUE,0,19.025
Normal,7523,trace 6250,PLExample1FF,0,FALSE,TRUE,0.057692308,9.88627451
Normal,7523,trace 6251,PLExample2FF,0,FALSE,TRUE,0,12.2
Normal,7523,trace 6252,PLExample3FF,0,FALSE,TRUE,0,8.328
Normal,7523,trace 6253,PLExample4FF,0,FALSE,TRUE,0,14.84166667
Normal,7523,trace 6254,PLExample5FF,0,FALSE,TRUE,0,8.16
Normal,7523,trace 6255,PLExample6FF,0,FALSE,TRUE,0,6.9
Credit Seeking,7523,trace 6256,ClosurePropertiesFF,0,FALSE,TRUE,0.333333333,3.65
Normal,7523,trace 6257,ClosurePropertiesExample1FF,0,FALSE,TRUE,0,7.12
Normal,7523,trace 6258,ClosurePropertiesExample2FF,0,FALSE,TRUE,0,5.6
Normal,7523,trace 6259,ClosurePropertiesExample3FF,0,FALSE,TRUE,0,5.457142857
Normal,7523,trace 6260,PLExample2FF,1,FALSE,FALSE,0,4.033333333
Normal,7523,trace 6261,ClosurePropertiesFF,1,TRUE,TRUE,0,4.55
Normal,7523,trace 6262,ClosurePropertiesExample1FF,1,TRUE,TRUE,0,18.025
Credit Seeking,7523,trace 6263,ContextFreeLanguagesFF,0,FALSE,FALSE,0.862068966,31.43571429
Normal,7523,trace 6264,CFGDerivationsFF,0,FALSE,TRUE,0,12.12857143
Normal,7523,trace 6265,DerivationTreesFF,0,TRUE,TRUE,0,6.273684211
Normal,7523,trace 6266,MembershipProblemFF,0,FALSE,TRUE,0.04,12.71666667
Credit Seeking,7523,trace 6267,AmbiguityFF,0,FALSE,TRUE,0.333333333,5.948571429
Credit Seeking,7523,trace 6268,ContextFreeLanguagesFF,1,FALSE,TRUE,0.72826087,29.02417582
Normal,7523,trace 6269,TransformGrammarsFF,0,FALSE,TRUE,0,14.27692308
Normal,7523,trace 6270,RemoveUselessFF,0,FALSE,TRUE,0.083333333,14.00571429
Normal,7523,trace 6271,RemoveLambdaFF,0,FALSE,TRUE,0,9.146666667
Credit Seeking,7523,trace 6272,RemoveUnitFF,0,FALSE,TRUE,0.454545455,296.2814815
Normal,7523,trace 6273,ChomskyNormalFormFF,0,FALSE,TRUE,0.052631579,13.17777778
Normal,7523,trace 6274,GreibachNormalFormFF,0,FALSE,TRUE,0.128205128,7.742105263
Normal,7523,trace 6275,RemoveUselessFF,1,TRUE,TRUE,0,13.76666667
Normal,7523,trace 6276,RemoveUnitFF,1,FALSE,FALSE,0.111111111,19.35882353
Normal,7523,trace 6277,PDA,0,FALSE,TRUE,0,14.8
Normal,7523,trace 6278,PDATransitionsFF,0,FALSE,TRUE,0.047619048,10.61
Normal,7523,trace 6279,PDAAcceptanceFF,0,FALSE,TRUE,0,11.63902439
Normal,7523,trace 6280,PDAEmptyStackAcceptanceFF,0,FALSE,TRUE,0,7.477777778
Normal,7523,trace 6281,PDAAcceptanceEquivalenceFF,0,FALSE,TRUE,0,5.11
Normal,7523,trace 6282,PDACFLFF,0,FALSE,TRUE,0.213114754,50.27
Normal,7523,trace 6283,DPDAFF,0,FALSE,TRUE,0.047619048,7.51
Normal,7523,trace 6284,NCFLProofFF,0,FALSE,TRUE,0,6.133333333
Normal,7523,trace 6285,NCFLversusDCFLFF,0,FALSE,TRUE,0,2.466666667
Normal,7523,trace 6286,GrammarsForDCFLFF,0,FALSE,TRUE,0,7.927272727
Normal,7523,trace 6287,NFAToReExampleFF,0,FALSE,TRUE,0,6.32
Normal,7523,trace 6289,CFLClosurePropertiesFF,0,FALSE,TRUE,0,8.052173913
Normal,7523,trace 6290,CFLPumpingLemmaFF,0,FALSE,TRUE,0,7.852631579
Normal,7523,trace 6291,CFLPumpingLemmaExample1FF,0,FALSE,TRUE,0.218181818,8.707407407
Normal,7523,trace 6292,CFLPumpingLemmaExample2FF,0,FALSE,TRUE,0.052631579,14.6
Normal,7523,trace 6293,CFLPumpingLemmaExample3FF,0,FALSE,TRUE,0,11.54615385
Normal,7523,trace 6294,CFLPumpingLemmaExample4FF,0,FALSE,TRUE,0,10.08421053
Normal,7523,trace 6295,CFLPumpingLemmaExample5FF,0,FALSE,TRUE,0,5.711764706
Normal,7523,trace 6297,PDAAcceptanceEquivalenceFF,1,TRUE,TRUE,0,173.2
Normal,7523,trace 6299,RemoveUselessFF,1,TRUE,FALSE,0,24.62
Normal,7523,trace 6300,ChomskyNormalFormFF,1,FALSE,FALSE,0,137.05
Credit Seeking,7523,trace 6302,ChomskyNormalFormFF,1,FALSE,FALSE,0.4,1.3
Normal,7523,trace 6303,RemoveUnitFF,1,FALSE,FALSE,0,68.36666667
Normal,7523,trace 6304,RemoveUselessFF,1,TRUE,FALSE,0,3.033333333
Normal,7523,trace 6305,GreibachNormalFormFF,1,TRUE,TRUE,0,7417.472727
Normal,7523,trace 6306,TransformGrammarsFF,1,FALSE,FALSE,0,78.925
Normal,7523,trace 6307,TMGeneralModel,0,FALSE,TRUE,0.018181818,54.81851852
Normal,7523,trace 6308,TMInterpreting,0,FALSE,TRUE,0,12.2
Normal,7523,trace 6309,TMDecidableVSAcceptable,0,FALSE,TRUE,0,29.72
Normal,7523,trace 6310,TMComplicatedMachine3,0,FALSE,TRUE,0.086956522,3257.872727
Normal,7523,trace 6311,TMInterpreting,1,FALSE,FALSE,0,14.55
Normal,7523,trace 6312,TMDecidableVSAcceptable,1,FALSE,FALSE,0,7.7
Normal,7523,trace 6313,CFLPumpingLemmaExample1FF,1,TRUE,TRUE,0,12030.02857
Normal,7523,trace 6314,PairToSortCONPI,0,FALSE,TRUE,0,13.61333333
Normal,7523,trace 6315,LowerBound,0,FALSE,FALSE,0.222222222,17.2625
Normal,7523,trace 6316,TwoMulExample,0,FALSE,TRUE,0,9.0125
Normal,7523,trace 6317,TravelSalesman,0,FALSE,TRUE,0.222222222,13.16153846
Normal,7523,trace 6318,KClique,0,FALSE,TRUE,0,14.12
Normal,7523,trace 6319,SATProof,0,FALSE,TRUE,0,5.654545455
Normal,7523,trace 6320,NPCCoping,0,FALSE,TRUE,0,10.85
Normal,7523,trace 6321,UnsolveableProblems1,0,FALSE,TRUE,0,62.13333333
Normal,7523,trace 6322,UnsolveableProblems2,0,FALSE,TRUE,0,51.45714286
Normal,7523,trace 6323,TMGeneralModel,1,FALSE,FALSE,0,2.55
Normal,7523,trace 6324,RemoveLambdaFF,1,FALSE,FALSE,0,9.525
Normal,7523,trace 6325,RemoveUnitFF,1,FALSE,FALSE,0,1.05
Normal,7523,trace 6327,TMComplicatedMachine3,1,FALSE,FALSE,0,123.0333333
Normal,7523,trace 6329,SATProof,1,FALSE,FALSE,0,14.62
Normal,7526,trace 6330,LanguagesFS,0,FALSE,TRUE,0.086956522,89.72205882
Credit Seeking,7526,trace 6331,GrammarIntroFS,0,FALSE,TRUE,0.445783133,42.84268293
Credit Seeking,7526,trace 6332,LanguagesFS,1,FALSE,FALSE,0.571428571,1.35
Normal,7526,trace 6333,DFAintroFS,0,FALSE,TRUE,0.05,53.64210526
Normal,7526,trace 6334,DFAadvancedFS,0,FALSE,TRUE,0.0625,57.74666667
Normal,7526,trace 6335,SetDefFS,0,FALSE,TRUE,0.090909091,16.72
Normal,7526,trace 6336,SetNotationFS,0,FALSE,TRUE,0.166666667,7.691428571
Credit Seeking,7526,trace 6337,RelationsFS,0,FALSE,TRUE,0.375,10.79130435
Credit Seeking,7526,trace 6338,EquivFS,0,FALSE,FALSE,0.8,20.37142857
Credit Seeking,7526,trace 6339,RelationsFS,1,TRUE,TRUE,0.428571429,1.2
Normal,7526,trace 6340,EquivFS,1,FALSE,FALSE,0,0.1
Credit Seeking,7526,trace 6341,RelationsFS,1,TRUE,FALSE,0.7,1.344444444
Normal,7526,trace 6342,EquivFS,1,FALSE,FALSE,0.25,0.066666667
Normal,7526,trace 6343,RelationsFS,1,TRUE,TRUE,0,3.4
Credit Seeking,7526,trace 6344,EquivFS,1,FALSE,TRUE,0.4,18.22857143
Normal,7526,trace 6345,LanguagesFS,1,TRUE,TRUE,0.142857143,108.605
Normal,7526,trace 6346,DFAMinFS,0,FALSE,FALSE,0,0.55
Normal,7526,trace 6347,DFAadvancedFS,1,FALSE,FALSE,0,5.55
Credit Seeking,7526,trace 6348,NFAFS,0,FALSE,FALSE,0.628571429,14.03529412
Credit Seeking,7526,trace 6349,NFAequivFS,0,FALSE,TRUE,0.428571429,1.533333333
Credit Seeking,7526,trace 6350,NFAFS,1,FALSE,FALSE,0.541666667,9.269565217
Credit Seeking,7526,trace 6351,NFA2DFAlargeExFS,0,FALSE,FALSE,0.8125,6.34
Normal,7526,trace 6352,NFAFS,1,FALSE,TRUE,0.272727273,17.72
Normal,7526,trace 6353,NFA2DFAlargeExFS,1,FALSE,TRUE,0.045454545,23.24761905
Normal,7526,trace 6355,DFAMinFS,1,FALSE,TRUE,0.05,9055.694737
Normal,7526,trace 6356,DFAMinEx1FS,0,FALSE,TRUE,0.068965517,11.36428571
Normal,7526,trace 6357,DFAMinEx2FS,0,FALSE,TRUE,0.033333333,99.93793103
Normal,7526,trace 6358,DFAMinFS,1,FALSE,FALSE,0,230.1571429
Normal,7526,trace 6359,DFAMinEx2FS,1,FALSE,FALSE,0,74.31875
Credit Seeking,7526,trace 6360,RegExFS,0,FALSE,FALSE,0.608695652,24.2
Normal,7526,trace 6361,RegEx2NFA1FS,0,FALSE,TRUE,0,3.472727273
Credit Seeking,7526,trace 6362,RegExFS,1,FALSE,TRUE,0.617647059,28.97575758
Normal,7526,trace 6363,RegEx2NFAorFS,0,FALSE,TRUE,0,6.742857143
Normal,7526,trace 6364,RegularGrammarFF,0,FALSE,FALSE,0,1.05
Normal,7526,trace 6365,RegEx2NFA1FS,1,TRUE,TRUE,0,29.65454545
Normal,7526,trace 6366,RegEx2NFAcatFS,0,FALSE,TRUE,0.071428571,6.784615385
Normal,7526,trace 6367,RegEx2NFAstarFS,0,FALSE,TRUE,0,18.02222222
Normal,7526,trace 6368,RegEXtoNFAExampleFF,0,FALSE,TRUE,0,15.47272727
Normal,7526,trace 6369,ConvertRLREFF,0,FALSE,TRUE,0.045454545,20.39047619
Credit Seeking,7526,trace 6370,RegularGrammarFF,1,FALSE,TRUE,0.603174603,27.74516129
Normal,7526,trace 6371,NFAToREFF,0,FALSE,TRUE,0.052631579,33.9
Normal,7526,trace 6372,RightLinearRGFF,0,FALSE,TRUE,0,5.013333333
Normal,7526,trace 6373,RegEXtoRegGrammarFF,0,FALSE,FALSE,0,2.05
Credit Seeking,7526,trace 6374,RegEXtoLeftRegGrammarFF,0,FALSE,TRUE,0.293103448,31.77368421
Normal,7526,trace 6375,STA,0,FALSE,TRUE,0,3.016666667
Normal,7526,trace 6376,RegExFS,1,FALSE,FALSE,0,16.55
Normal,7526,trace 6377,introToNonRegularFF,0,FALSE,FALSE,0,7.827272727
Normal,7526,trace 6378,introToPumpingFF,0,FALSE,TRUE,0,9.927272727
Normal,7526,trace 6379,PLExample1FF,0,FALSE,FALSE,0.209302326,129.2880952
Normal,7526,trace 6380,PLExample3FF,0,FALSE,FALSE,0.0625,5.273333333
Normal,7526,trace 6381,PLExample5FF,0,FALSE,TRUE,0,13.50769231
Normal,7526,trace 6382,PLExample3FF,1,FALSE,FALSE,0.142857143,5.930769231
Normal,7526,trace 6383,PLExample5FF,1,FALSE,FALSE,0,4.366666667
Normal,7526,trace 6384,ClosurePropertiesFF,0,FALSE,TRUE,0.25,85.17142857
Credit Seeking,7526,trace 6385,ContextFreeLanguagesFF,0,FALSE,FALSE,0.814814815,11.27692308
Normal,7526,trace 6386,AmbiguityFF,0,FALSE,FALSE,0,1.05
Normal,7526,trace 6387,DerivationTreesFF,0,FALSE,FALSE,0,1.05
Credit Seeking,7526,trace 6388,CFGDerivationsFF,0,FALSE,FALSE,0.538461538,1.925
Normal,7526,trace 6389,HomomorphismFF,0,FALSE,TRUE,0,5.016666667
Normal,7526,trace 6390,ClosureConceptFF,0,FALSE,TRUE,0.2,4.514285714
Normal,7526,trace 6391,ClosureRegularLangFF,0,FALSE,TRUE,0.052631579,4.511111111
Credit Seeking,7526,trace 6392,CFGDerivationsFF,1,FALSE,FALSE,0.5,1.22
Credit Seeking,7526,trace 6393,ContextFreeLanguagesFF,1,FALSE,TRUE,0.555555556,193.4253521
Normal,7526,trace 6394,CFGDerivationsFF,1,FALSE,TRUE,0.109375,31.08253968
Normal,7526,trace 6395,DerivationTreesFF,1,FALSE,TRUE,0,45.54666667
Normal,7526,trace 6396,TransformGrammarsFF,0,FALSE,TRUE,0,43.97241379
Normal,7526,trace 6397,RemoveUselessFF,0,FALSE,TRUE,0.131578947,22.54594595
Normal,7526,trace 6398,RemoveLambdaFF,0,FALSE,TRUE,0,20.68
Normal,7526,trace 6399,RemoveUnitFF,0,FALSE,TRUE,0.26,44.82040816
Normal,7526,trace 6400,RemoveLambdaFF,1,FALSE,FALSE,0,4.82
Normal,7526,trace 6401,ChomskyNormalFormFF,0,FALSE,FALSE,0,41.01428571
Normal,7526,trace 6402,GreibachNormalFormFF,0,FALSE,TRUE,0.114285714,7.123529412
Normal,7526,trace 6403,PDA,0,FALSE,TRUE,0,38.08571429
Normal,7526,trace 6404,PDATransitionsFF,0,TRUE,TRUE,0.041666667,61.66086957
Normal,7526,trace 6405,PDAAcceptanceFF,0,FALSE,TRUE,0.044444444,25.75454545
Normal,7526,trace 6406,PDAEmptyStackAcceptanceFF,0,FALSE,TRUE,0,21.95263158
Normal,7526,trace 6407,PDAAcceptanceEquivalenceFF,0,FALSE,FALSE,0,1.7
Normal,7526,trace 6409,ContextFreeLanguagesFF,1,FALSE,FALSE,0,2.05
Normal,7526,trace 6410,RemoveLambdaFF,1,FALSE,FALSE,0,57.00909091
Normal,7526,trace 6411,PDATransitionsFF,1,TRUE,FALSE,0,306.775
Normal,7526,trace 6412,PDAAcceptanceEquivalenceFF,1,FALSE,FALSE,0,2.275
Normal,7526,trace 6413,PDAEmptyStackAcceptanceFF,1,FALSE,FALSE,0,10.82
Normal,7526,trace 6415,RemoveLambdaFF,1,FALSE,FALSE,0,2.05
Normal,7526,trace 6417,NCFLversusDCFLFF,0,FALSE,TRUE,0,2.355555556
Credit Seeking,7526,trace 6418,DPDAFF,0,FALSE,FALSE,0.863636364,2.00952381
Normal,7526,trace 6419,NCFLProofFF,0,FALSE,FALSE,0,1.05
Normal,7526,trace 6420,DPDAFF,1,FALSE,FALSE,0,2.033333333
Normal,7526,trace 6421,PDACFLFF,0,FALSE,FALSE,0.16,4321.129167
Normal,7526,trace 6422,TMGeneralModel,0,FALSE,FALSE,0,9433.91
Normal,7526,trace 6423,TMComplicatedMachine3,0,TRUE,TRUE,0.038461538,957.048
Credit Seeking,7528,trace 6424,RegEXandRegLangStarFF,0,FALSE,TRUE,0.333333333,3.129411765
Credit Seeking,7528,trace 6425,RegEXtoNFAExampleFF,0,FALSE,FALSE,0.6,3.788888889
Normal,7528,trace 6426,ConvertRLREFF,0,FALSE,TRUE,0.045454545,5.961904762
Credit Seeking,7528,trace 6427,RegularGrammarFF,0,FALSE,FALSE,0.4,1.55
Normal,7528,trace 6428,introToNonRegularFF,0,FALSE,TRUE,0,4.553846154
Normal,7528,trace 6430,GrammarsForDCFLFF,0,FALSE,FALSE,0,38.17142857
Credit Seeking,7528,trace 6431,PDACFLFF,0,FALSE,FALSE,0.407407407,72.8525
Normal,7528,trace 6433,RelationsFF,0,FALSE,TRUE,0,17.325
Credit Seeking,7528,trace 6434,NFA2DFAFrames,0,FALSE,FALSE,0.291666667,54.43913043
Normal,7528,trace 6436,MinimizationWithQuestionsFF,0,FALSE,FALSE,0,15.34444444
Normal,7528,trace 6437,PairToSortCONPI,0,FALSE,TRUE,0,200.6833333
Normal,7528,trace 6439,UnsolveableProblems1,0,FALSE,FALSE,0,1.05
Normal,7528,trace 6440,LowerBound,0,TRUE,TRUE,0,32.57777778
Normal,7528,trace 6441,TwoMulExample,0,FALSE,FALSE,0,32.525
Normal,7528,trace 6442,TravelSalesman,0,FALSE,FALSE,0,39.01428571
Normal,7528,trace 6443,UnsolveableProblems1,1,FALSE,TRUE,0,181.15
Normal,7528,trace 6444,UnsolveableProblems2,0,FALSE,TRUE,0,8.466666667
Normal,7528,trace 6445,UnsolveableProblems1,1,TRUE,TRUE,0,0.1
Normal,7528,trace 6446,TravelSalesman,1,FALSE,TRUE,0,165.48
Normal,7528,trace 6448,SATProof,0,FALSE,FALSE,0,4.016666667
Credit Seeking,7528,trace 6449,TMGeneralModel,0,FALSE,FALSE,0.294117647,7.262
Credit Seeking,7537,trace 6450,LanguagesFS,0,TRUE,TRUE,0.347222222,2096.270423
Normal,7537,trace 6451,GrammarIntroFS,0,FALSE,TRUE,0.230769231,12.13684211
Normal,7537,trace 6452,LanguagesFS,1,TRUE,FALSE,0,11497.82
Credit Seeking,7537,trace 6453,DFAintroFS,0,FALSE,TRUE,0.322580645,28.07333333
Normal,7537,trace 6454,DFAadvancedFS,0,FALSE,TRUE,0.055555556,16.95294118
Credit Seeking,7537,trace 6455,NFAFS,0,FALSE,TRUE,0.425531915,650.1130435
Normal,7537,trace 6456,NFAequivFS,0,FALSE,TRUE,0.2,8.3
Credit Seeking,7537,trace 6458,NFA2DFAlargeExFS,0,FALSE,TRUE,0.719512195,8.520987654
Normal,7537,trace 6460,DFAMinFS,0,FALSE,FALSE,0,7.55
Normal,7537,trace 6461,DFAMinEx1FS,0,FALSE,FALSE,0,40.22142857
Normal,7537,trace 6462,DFAMinFS,1,FALSE,FALSE,0.2,233.525
Credit Seeking,7537,trace 6463,RegExFS,0,FALSE,TRUE,0.765957447,20.52285714
Normal,7537,trace 6465,RegEx2NFA1FS,0,FALSE,TRUE,0,104.72
Normal,7537,trace 6466,RegEx2NFAorFS,0,FALSE,TRUE,0,52.9
Normal,7537,trace 6467,RegEx2NFAcatFS,0,FALSE,TRUE,0,52.35555556
Normal,7537,trace 6468,RegEx2NFAstarFS,0,FALSE,TRUE,0.090909091,8.82
Normal,7537,trace 6469,RegEXtoNFAExampleFF,0,FALSE,TRUE,0.076923077,65.18333333
Normal,7537,trace 6470,ConvertRLREFF,0,FALSE,TRUE,0,353.0111111
Normal,7537,trace 6471,STA,0,FALSE,TRUE,0,4.02
Normal,7537,trace 6472,introToNonRegularFF,0,FALSE,TRUE,0,38.37142857
Normal,7537,trace 6473,introToPumpingFF,0,FALSE,TRUE,0,16.82
Normal,7537,trace 6474,PLExample1FF,0,FALSE,FALSE,0.033333333,16.58965517
Credit Seeking,7537,trace 6475,LanguagesFS,1,TRUE,FALSE,0.625,2.728571429
Normal,7537,trace 6476,NFAequivFS,1,TRUE,TRUE,0,0.1
Normal,7537,trace 6478,DFAMinFS,1,FALSE,TRUE,0,6953.22
Normal,7537,trace 6479,DFAMinEx1FS,1,FALSE,TRUE,0.083333333,20.83636364
Normal,7537,trace 6480,DFAMinEx2FS,0,FALSE,TRUE,0.090909091,33.38125
Credit Seeking,7537,trace 6481,RegularGrammarFF,0,FALSE,TRUE,0.672727273,1108.056881
Normal,7537,trace 6482,DFAMinFS,1,FALSE,FALSE,0,1.05
Normal,7537,trace 6483,MembershipProblemFF,0,FALSE,FALSE,0,1.05
Normal,7537,trace 6484,PLExample1FF,1,FALSE,TRUE,0.0625,26.70638298
Normal,7537,trace 6485,PLExample2FF,0,FALSE,FALSE,0,0.1
Normal,7537,trace 6486,PLExample3FF,0,FALSE,TRUE,0,28.04285714
Normal,7537,trace 6487,PDA,0,FALSE,TRUE,0.058823529,51.2
Normal,7537,trace 6488,PDATransitionsFF,0,FALSE,FALSE,0.111111111,139.3
Normal,7537,trace 6489,PDA,1,TRUE,TRUE,0,15.775
Normal,7537,trace 6490,PDATransitionsFF,1,FALSE,TRUE,0,13.36666667
Normal,7537,trace 6491,PDAAcceptanceFF,0,FALSE,TRUE,0.044444444,15.95909091
Normal,7537,trace 6492,PDAEmptyStackAcceptanceFF,0,FALSE,TRUE,0,9.294736842
Normal,7537,trace 6493,PDAAcceptanceEquivalenceFF,0,TRUE,TRUE,0.035714286,137.1185185
Credit Seeking,7537,trace 6494,ContextFreeLanguagesFF,0,FALSE,TRUE,0.597826087,1474.056044
Normal,7537,trace 6495,CFGDerivationsFF,0,FALSE,TRUE,0.05,191.4779661
Normal,7537,trace 6496,DerivationTreesFF,0,TRUE,TRUE,0,9.011111111
Normal,7537,trace 6497,TransformGrammarsFF,0,TRUE,TRUE,0,504.0864865
Normal,7537,trace 6498,RemoveUselessFF,0,FALSE,FALSE,0,856.5666667
Normal,7537,trace 6499,PDACFLFF,0,FALSE,FALSE,0,63.5125
Normal,7537,trace 6500,ContextFreeLanguagesFF,1,FALSE,FALSE,0,1.55
Normal,7537,trace 6501,CFLPumpingLemmaFF,0,FALSE,TRUE,0.083333333,26.1826087
Credit Seeking,7537,trace 6502,CFLPumpingLemmaExample1FF,0,FALSE,TRUE,0.716535433,57.46904762
Normal,7537,trace 6503,CFLPumpingLemmaExample3FF,0,FALSE,FALSE,0,3.033333333
Normal,7537,trace 6504,CFLPumpingLemmaExample4FF,0,FALSE,FALSE,0.176470588,26.91212121
Credit Seeking,7537,trace 6505,MembershipProblemFF,1,TRUE,TRUE,0.409090909,30.09534884
Credit Seeking,7537,trace 6506,AmbiguityFF,0,FALSE,TRUE,0.342857143,8.123529412
Normal,7537,trace 6507,RemoveUselessFF,1,TRUE,TRUE,0.25,54.32903226
Normal,7537,trace 6508,RemoveLambdaFF,0,FALSE,TRUE,0.105263158,38.4
Credit Seeking,7537,trace 6509,RemoveUnitFF,0,FALSE,TRUE,0.628571429,58.87692308
Normal,7537,trace 6510,ChomskyNormalFormFF,0,FALSE,FALSE,0,16282.8875
Normal,7537,trace 6511,CFLPumpingLemmaExample1FF,1,FALSE,FALSE,0,31.01111111
Normal,7537,trace 6512,CFLPumpingLemmaExample2FF,0,FALSE,FALSE,0,1.55
Normal,7537,trace 6514,CFLPumpingLemmaExample2FF,1,FALSE,FALSE,0,14.83103448
Normal,7537,trace 6515,TMGeneralModel,0,FALSE,FALSE,0,8.02
Normal,7537,trace 6516,NCFLProofFF,0,FALSE,FALSE,0,23.275
Normal,7537,trace 6517,TMGeneralModel,1,FALSE,TRUE,0.054545455,38.92962963
Normal,7537,trace 6518,TMDecidableVSAcceptable,0,FALSE,TRUE,0,611.7454545
Normal,7537,trace 6519,NCFLversusDCFLFF,0,FALSE,TRUE,0,7.244444444
Normal,7537,trace 6520,NCFLProofFF,1,FALSE,FALSE,0,0.55
Normal,7537,trace 6521,CFLClosurePropertiesFF,0,FALSE,FALSE,0,10.025
Normal,7537,trace 6522,TMGeneralModel,1,FALSE,FALSE,0,61.35
Normal,7537,trace 6523,CFLPumpingLemmaExample2FF,1,FALSE,FALSE,0,566.5125
Normal,7537,trace 6524,TMInterpreting,0,FALSE,TRUE,0,5219.008333
Normal,7537,trace 6525,TMComplicatedMachine3,0,FALSE,TRUE,0,1774.507692
Normal,7537,trace 6526,PairToSortCONPI,0,FALSE,TRUE,0,64.01428571
Normal,7537,trace 6527,LowerBound,0,FALSE,FALSE,0,1421.55
Normal,7537,trace 6528,TravelSalesman,0,FALSE,TRUE,0.08,316.425
Normal,7537,trace 6529,NFAequivFS,1,TRUE,TRUE,0,0.1
Normal,7537,trace 6530,NFAToREFF,0,FALSE,TRUE,0.15,15.64210526
Normal,7537,trace 6531,REtoFAExampleFF,0,FALSE,TRUE,0.090909091,6.32
Normal,7537,trace 6532,RightLinearRGFF,0,FALSE,TRUE,0,46.37142857
Normal,7537,trace 6533,NFAToReExampleFF,0,FALSE,TRUE,0,29.01818182
Normal,7537,trace 6534,LeftLinearGrammarFF,0,FALSE,TRUE,0,16.10322581
Normal,7537,trace 6535,RegEXtoRegGrammarFF,0,FALSE,TRUE,0.25,27.83428571
Credit Seeking,7537,trace 6536,RegEXtoLeftRegGrammarFF,0,FALSE,TRUE,0.285714286,9.907317073
Normal,7537,trace 6537,ClosureConceptFF,0,FALSE,TRUE,0,16.22
Normal,7537,trace 6538,ClosureRegularLangFF,0,FALSE,TRUE,0.045454545,37.39047619
Credit Seeking,7537,trace 6539,RegularLangClosedInterFF,0,FALSE,TRUE,0.417910448,14.44242424
Credit Seeking,7537,trace 6540,RightQuotientFF,0,FALSE,TRUE,0.558139535,9.540625
Normal,7537,trace 6541,HomomorphismFF,0,FALSE,TRUE,0,28.52
Normal,7537,trace 6542,PLExample2FF,1,FALSE,TRUE,0.03030303,10.06875
Normal,7537,trace 6543,PLExample4FF,0,FALSE,TRUE,0.03125,10.00645161
Normal,7537,trace 6544,PLExample5FF,0,FALSE,FALSE,0,2.525
Normal,7537,trace 6545,LowerBound,1,TRUE,TRUE,0,45.45714286
Normal,7537,trace 6546,PairToSortCONPI,1,TRUE,TRUE,0.142857143,8.630769231
Normal,7537,trace 6547,TwoMulExample,0,FALSE,TRUE,0,20.48
Normal,7537,trace 6548,TravelSalesman,1,TRUE,TRUE,0,754.9466667
Normal,7537,trace 6549,KClique,0,FALSE,TRUE,0,23.12
Normal,7537,trace 6550,SATProof,0,FALSE,TRUE,0,12.82
Credit Seeking,7537,trace 6551,NPCCoping,0,FALSE,TRUE,0.3,7.747368421
Normal,7537,trace 6552,UnsolveableProblems1,0,FALSE,TRUE,0,101.15
Normal,7537,trace 6553,UnsolveableProblems2,0,FALSE,TRUE,0,7125.577778
Normal,7537,trace 6554,UnsolveableProblems1,1,TRUE,TRUE,0,0.1
Normal,7537,trace 6555,PLExample5FF,1,FALSE,TRUE,0,41.74736842
Normal,7537,trace 6556,PLExample6FF,0,FALSE,TRUE,0.108108108,13.25555556
Normal,7537,trace 6557,ClosurePropertiesFF,0,FALSE,TRUE,0.222222222,4.025
Normal,7537,trace 6558,ClosurePropertiesExample1FF,0,FALSE,TRUE,0.105263158,9.844444444
Normal,7537,trace 6559,ClosurePropertiesExample2FF,0,FALSE,TRUE,0,3.028571429
Normal,7537,trace 6560,ClosurePropertiesExample3FF,0,FALSE,TRUE,0,2.275
Normal,7537,trace 6561,ChomskyNormalFormFF,1,FALSE,TRUE,0,3.15
Normal,7537,trace 6562,GreibachNormalFormFF,0,FALSE,TRUE,0.245614035,10.03928571
Credit Seeking,7537,trace 6563,PDACFLFF,1,FALSE,TRUE,0.371428571,15.91594203
Credit Seeking,7537,trace 6564,DPDAFF,0,FALSE,FALSE,0.352941176,42.56875
Normal,7537,trace 6565,CFLClosurePropertiesFF,1,TRUE,TRUE,0,6.925
Normal,7537,trace 6566,CFLPumpingLemmaExample3FF,1,FALSE,TRUE,0.034482759,10.15
Normal,7537,trace 6567,CFLPumpingLemmaExample4FF,1,FALSE,TRUE,0,15.16842105
Credit Seeking,7537,trace 6568,CFLPumpingLemmaExample5FF,0,FALSE,TRUE,0.758169935,24.98815789
Normal,7537,trace 6569,DPDAFF,1,FALSE,TRUE,0.083333333,6.2
Normal,7537,trace 6570,NCFLProofFF,1,FALSE,TRUE,0,4.24
Normal,7537,trace 6571,GrammarsForDCFLFF,0,FALSE,TRUE,0,10.38181818
Normal,7537,trace 6572,TMGeneralModel,1,FALSE,FALSE,0.045454545,39.24285714
Credit Seeking,7537,trace 6573,RelationsFS,0,FALSE,TRUE,0.540540541,3.172222222
Normal,7537,trace 6574,EquivFS,0,FALSE,TRUE,0,5.457142857
Normal,7537,trace 6575,SetDefFS,0,FALSE,TRUE,0.272727273,7.32
Credit Seeking,7537,trace 6576,SetNotationFS,0,FALSE,TRUE,0.375,10.45106383
Normal,7537,trace 6577,NFAequivFS,1,TRUE,TRUE,0,0.1
Normal,7537,trace 6578,TMDecidableVSAcceptable,1,FALSE,FALSE,0,150.025
Normal,7537,trace 6579,TMGeneralModel,1,FALSE,FALSE,0,4.025
Normal,7537,trace 6580,TMComplicatedMachine3,1,FALSE,FALSE,0,7.55
Normal,7537,trace 6582,TravelSalesman,1,TRUE,FALSE,0,22.4
Normal,7537,trace 6583,GreibachNormalFormFF,1,FALSE,FALSE,0,9.55
Normal,7548,trace 6584,DFAintroFS,0,FALSE,FALSE,0,4.42
Normal,7548,trace 6585,LanguagesFS,0,FALSE,TRUE,0.06122449,19.81666667
Normal,7548,trace 6586,GrammarIntroFS,0,TRUE,TRUE,0.186440678,2744.193103
Credit Seeking,7548,trace 6587,RelationsFS,0,FALSE,TRUE,0.523809524,3.248780488
Normal,7548,trace 6588,DFAadvancedFS,0,FALSE,TRUE,0.166666667,10.26956522
Credit Seeking,7548,trace 6589,DFAintroFS,1,FALSE,TRUE,0.736111111,10.53802817
Normal,7548,trace 6591,DFAintroFS,1,FALSE,FALSE,0,2.366666667
Normal,7548,trace 6592,PDAAcceptanceEquivalenceFF,0,FALSE,TRUE,0,4772.190909
Normal,7548,trace 6593,PDAEmptyStackAcceptanceFF,0,FALSE,TRUE,0.044444444,3.868181818
Credit Seeking,7548,trace 6594,PDA,0,FALSE,FALSE,0.851351351,13.68630137
Credit Seeking,7548,trace 6595,NFAFS,0,FALSE,TRUE,0.4,12.56470588
Normal,7548,trace 6596,NFAequivFS,0,FALSE,TRUE,0,0.1
Credit Seeking,7548,trace 6597,NFA2DFAlargeExFS,0,TRUE,TRUE,0.324324324,16.58888889
Normal,7548,trace 6598,DFAMinFS,0,FALSE,TRUE,0.107142857,2.822222222
Normal,7548,trace 6599,DFAMinEx1FS,0,FALSE,TRUE,0,2.8
Normal,7548,trace 6600,DFAMinEx2FS,0,FALSE,TRUE,0.051282051,3.689473684
Credit Seeking,7548,trace 6601,RegExFS,0,FALSE,FALSE,0.62295082,4.336666667
Normal,7548,trace 6602,RegEx2NFA1FS,0,FALSE,FALSE,0,1.8
Credit Seeking,7548,trace 6603,RegExFS,1,FALSE,FALSE,0.785714286,1.246153846
Normal,7548,trace 6604,RegEx2NFA1FS,1,FALSE,TRUE,0,1.72
Normal,7548,trace 6605,RegEx2NFAorFS,0,FALSE,TRUE,0,1.52
Normal,7548,trace 6606,RegEx2NFAcatFS,0,FALSE,TRUE,0.071428571,1.707692308
Normal,7548,trace 6607,RegEx2NFAstarFS,0,FALSE,TRUE,0,1.472727273
Normal,7548,trace 6608,RegEXtoNFAExampleFF,0,FALSE,TRUE,0.227272727,2.438095238
Normal,7548,trace 6609,ConvertRLREFF,0,FALSE,TRUE,0.115384615,1.888
Credit Seeking,7548,trace 6610,RegExFS,1,FALSE,TRUE,0.903553299,5.873469388
Credit Seeking,7548,trace 6611,RegularGrammarFF,0,FALSE,TRUE,0.640625,2.733333333
Normal,7548,trace 6612,NFAToREFF,0,FALSE,TRUE,0.25,4.052173913
Normal,7548,trace 6613,REtoFAExampleFF,0,FALSE,TRUE,0.076923077,3.183333333
Normal,7548,trace 6614,RightLinearRGFF,0,TRUE,TRUE,0.045454545,2.723809524
Normal,7548,trace 6615,NFAToReExampleFF,0,FALSE,TRUE,0.1875,4.546666667
Normal,7548,trace 6616,LeftLinearGrammarFF,0,FALSE,FALSE,0,1.275
Normal,7548,trace 6617,TMGeneralModel,0,FALSE,FALSE,0,2.42
Normal,7548,trace 6618,LeftLinearGrammarFF,1,FALSE,TRUE,0.054054054,2.866666667
Credit Seeking,7548,trace 6619,RegEXtoRegGrammarFF,0,FALSE,TRUE,0.626373626,1.991111111
Credit Seeking,7548,trace 6620,RegEXtoLeftRegGrammarFF,0,FALSE,TRUE,0.453125,2.622222222
Normal,7548,trace 6621,STA,0,FALSE,TRUE,0,1.657142857
Credit Seeking,7548,trace 6622,ClosureConceptFF,0,FALSE,TRUE,0.428571429,1.637037037
Credit Seeking,7548,trace 6623,ClosureRegularLangFF,0,FALSE,TRUE,0.3125,1.812903226
Credit Seeking,7548,trace 6624,RegularLangClosedInterFF,0,FALSE,TRUE,0.348484848,1.68
Credit Seeking,7548,trace 6625,RightQuotientFF,0,FALSE,TRUE,0.322580645,13.44590164
Credit Seeking,7548,trace 6626,HomomorphismFF,0,FALSE,TRUE,0.333333333,1.46
Normal,7548,trace 6627,introToNonRegularFF,0,FALSE,TRUE,0.173913043,1.554545455
Credit Seeking,7548,trace 6628,introToPumpingFF,0,FALSE,TRUE,0.285714286,12.51
Normal,7548,trace 6629,PLExample1FF,0,FALSE,TRUE,0.128571429,0.017391304
Normal,7548,trace 6630,PLExample2FF,0,FALSE,TRUE,0.15,2.492307692
Normal,7548,trace 6631,PLExample3FF,0,FALSE,TRUE,0.055555556,2.348571429
Normal,7548,trace 6634,PLExample4FF,0,FALSE,TRUE,0.0625,3.619354839
Normal,7548,trace 6635,PLExample5FF,0,FALSE,TRUE,0.111111111,75.7
Credit Seeking,7548,trace 6637,ClosurePropertiesFF,0,FALSE,TRUE,0.766666667,1.731034483
Normal,7548,trace 6638,PLExample6FF,0,FALSE,TRUE,0.159090909,3.074418605
Normal,7548,trace 6639,ClosurePropertiesExample1FF,0,FALSE,TRUE,0,1.476923077
Normal,7548,trace 6640,ClosurePropertiesExample2FF,0,FALSE,TRUE,0.090909091,1.42
Normal,7548,trace 6641,ClosurePropertiesExample3FF,0,FALSE,TRUE,0,72.02
Normal,7548,trace 6642,DerivationTreesFF,0,FALSE,FALSE,0.071428571,1.776923077
Credit Seeking,7548,trace 6643,ContextFreeLanguagesFF,0,FALSE,TRUE,0.558441558,2.765789474
Credit Seeking,7548,trace 6644,AmbiguityFF,0,FALSE,TRUE,0.42,36.98367347
Credit Seeking,7548,trace 6645,MembershipProblemFF,0,FALSE,FALSE,0.681818182,7.1
Normal,7559,trace 6646,SetDefFF,0,FALSE,TRUE,0,17.525
Normal,7559,trace 6647,SetCommonSymbolsFF,0,FALSE,FALSE,0.181818182,7.81
Normal,7573,trace 6648,RegularExpressionsFF,0,FALSE,FALSE,0,354.02
Normal,7573,trace 6649,PDA,0,FALSE,TRUE,0.176470588,20.7
Normal,7573,trace 6650,PDATransitionsFF,0,TRUE,TRUE,0,15.27368421
Normal,7573,trace 6651,PDAAcceptanceFF,0,FALSE,TRUE,0.096153846,12.21960784
Normal,7573,trace 6652,PDAEmptyStackAcceptanceFF,0,FALSE,TRUE,0.022727273,1051.818605
Credit Seeking,7573,trace 6653,PDAAcceptanceEquivalenceFF,0,FALSE,TRUE,0.303030303,4.44375
Normal,7573,trace 6654,PDACFLFF,0,FALSE,TRUE,0.276595745,640.527957
Credit Seeking,7573,trace 6655,TMGeneralModel,0,FALSE,TRUE,0.431818182,2.619847328
Normal,7573,trace 6656,TMInterpreting,0,FALSE,FALSE,0.2,3.011111111
Credit Seeking,7573,trace 6657,TMDecidableVSAcceptable,0,FALSE,TRUE,0.333333333,1.96
Credit Seeking,7573,trace 6658,TMInterpreting,1,FALSE,TRUE,0.3125,2.038709677
Credit Seeking,7573,trace 6659,DFAFF,0,FALSE,FALSE,0.435897436,11.87105263
Credit Seeking,7573,trace 6660,PairToSortCONPI,0,FALSE,TRUE,0.428571429,17.71111111
Normal,7573,trace 6661,LowerBound,0,FALSE,TRUE,0.090909091,31.62
Normal,7573,trace 6662,TwoMulExample,0,FALSE,TRUE,0,4.221052632
Normal,7573,trace 6663,LowerBound,1,FALSE,FALSE,0,379.775
Normal,7573,trace 6664,TravelSalesman,0,FALSE,TRUE,0.257142857,19.74117647
Normal,7573,trace 6665,KClique,0,FALSE,TRUE,0.25,2.273684211
Normal,7573,trace 6666,SATProof,0,FALSE,FALSE,0,1.7
Normal,7573,trace 6668,SATProof,1,FALSE,TRUE,0.076923077,10.68333333
Credit Seeking,7573,trace 6669,NPCCoping,0,FALSE,TRUE,0.407407407,2.546153846
Credit Seeking,7573,trace 6670,RelationsFF,0,FALSE,TRUE,0.321428571,2.303703704
Normal,7573,trace 6671,UnsolveableProblems1,0,FALSE,TRUE,0,12.92727273
Normal,7573,trace 6672,UnsolveableProblems2,0,FALSE,TRUE,0,22.74285714
Normal,7582,trace 6673,LanguagesFS,0,FALSE,TRUE,0.181818182,19.20740741
Credit Seeking,7582,trace 6674,GrammarIntroFS,0,FALSE,TRUE,0.377358491,10.61923077
Normal,7582,trace 6675,DFAintroFS,0,FALSE,FALSE,0.2,3.577777778
Normal,7582,trace 6676,DFAMinFS,0,FALSE,FALSE,0,4.62
Normal,7582,trace 6677,DFAMinEx1FS,0,FALSE,FALSE,0,7.2625
Normal,7582,trace 6678,DFAintroFS,1,FALSE,FALSE,0,4.366666667
Credit Seeking,7582,trace 6679,RegExFS,0,FALSE,FALSE,0.602941176,1629.092537
Normal,7582,trace 6680,DFAintroFS,1,FALSE,TRUE,0.1875,3.946666667
Credit Seeking,7582,trace 6681,ContextFreeLanguagesFF,0,FALSE,FALSE,0.666666667,1.275
Normal,7582,trace 6682,LanguagesFS,1,FALSE,FALSE,0,1078.7
Normal,7582,trace 6683,PDACFLFF,0,FALSE,TRUE,0.085106383,17.00434783
Normal,7582,trace 6684,PDA,0,FALSE,TRUE,0,4.085714286
Normal,7582,trace 6685,PDATransitionsFF,0,FALSE,FALSE,0,92.18333333
Credit Seeking,7582,trace 6686,ContextFreeLanguagesFF,1,FALSE,FALSE,0.666666667,3.275
Normal,7582,trace 6687,CFGDerivationsFF,0,FALSE,TRUE,0.066666667,3.681355932
Normal,7582,trace 6688,NFAequivFS,0,FALSE,TRUE,0,0.733333333
Credit Seeking,7582,trace 6689,NFA2DFAlargeExFS,0,FALSE,FALSE,0.636363636,5.11
Normal,7582,trace 6691,DFAMinEx1FS,1,FALSE,TRUE,0.035714286,12.45185185
Normal,7582,trace 6692,DFAMinEx2FS,0,FALSE,FALSE,0,9.525
Normal,7582,trace 6693,PairToSortCONPI,0,FALSE,TRUE,0.238095238,9.81
Credit Seeking,7582,trace 6694,LowerBound,0,FALSE,FALSE,0.466666667,4.507142857
Normal,7582,trace 6695,TravelSalesman,0,FALSE,TRUE,0.047619048,10.96
Normal,7582,trace 6696,KClique,0,FALSE,TRUE,0,6.683333333
Normal,7582,trace 6697,TMDecidableVSAcceptable,0,FALSE,FALSE,0.166666667,2.82
Credit Seeking,7582,trace 6698,CFLPumpingLemmaExample5FF,0,FALSE,FALSE,0.294117647,5.187878788
Credit Seeking,7582,trace 6699,SetDefFS,0,FALSE,TRUE,0.357142857,3.553846154
Normal,7582,trace 6700,SetNotationFS,0,FALSE,TRUE,0.09375,3.296774194
Normal,7582,trace 6701,NFAFS,0,FALSE,TRUE,0.185185185,4.046153846
Normal,7582,trace 6702,NFAequivFS,1,TRUE,TRUE,0,0.1
Normal,7582,trace 6703,NFA2DFAlargeExFS,1,FALSE,FALSE,0,0.14
Credit Seeking,7582,trace 6704,NFAequivFS,1,TRUE,TRUE,0.428571429,1.033333333
Credit Seeking,7582,trace 6705,DFAMinFS,1,FALSE,TRUE,0.56,2.591666667
Normal,7582,trace 6706,DFAMinEx2FS,1,FALSE,TRUE,0,1.55483871
Credit Seeking,7582,trace 6707,RegExFS,1,FALSE,TRUE,0.4375,3.746666667
Normal,7582,trace 6708,RegEx2NFA1FS,0,FALSE,TRUE,0,1.433333333
Normal,7582,trace 6709,RegEx2NFAorFS,0,FALSE,TRUE,0,1.688888889
Normal,7582,trace 6710,RegEx2NFAcatFS,0,FALSE,TRUE,0.066666667,1.514285714
Normal,7582,trace 6711,RegEx2NFAstarFS,0,FALSE,TRUE,0.076923077,1.433333333
Normal,7582,trace 6712,RegEXtoNFAExampleFF,0,FALSE,TRUE,0.214285714,3.4
Normal,7582,trace 6713,ConvertRLREFF,0,FALSE,TRUE,0.083333333,1.486956522
Credit Seeking,7582,trace 6714,RegularGrammarFF,0,FALSE,FALSE,0.535714286,3.374074074
Normal,7582,trace 6715,NFAToREFF,0,FALSE,TRUE,0.052631579,2.511111111
Normal,7582,trace 6716,REtoFAExampleFF,0,FALSE,TRUE,0,1.775
Normal,7582,trace 6717,RightLinearRGFF,0,FALSE,TRUE,0,2.28
Normal,7582,trace 6718,NFAToReExampleFF,0,FALSE,TRUE,0,2.516666667
Normal,7582,trace 6719,LeftLinearGrammarFF,0,FALSE,TRUE,0.058823529,2.309090909
Credit Seeking,7582,trace 6720,RegEXtoRegGrammarFF,0,FALSE,TRUE,0.323529412,3.309090909
Normal,7582,trace 6721,RegEXtoLeftRegGrammarFF,0,FALSE,TRUE,0.195121951,2.78
Normal,7582,trace 6722,STA,0,FALSE,TRUE,0,2.657142857
Normal,7582,trace 6723,ClosureConceptFF,0,FALSE,TRUE,0.133333333,1.728571429
Normal,7582,trace 6724,ClosureRegularLangFF,0,FALSE,TRUE,0.173913043,2.1
Normal,7582,trace 6725,RegularLangClosedInterFF,0,FALSE,TRUE,0.275862069,1.547368421
Normal,7582,trace 6726,RightQuotientFF,0,TRUE,TRUE,0.127659574,2.308695652
Normal,7582,trace 6727,HomomorphismFF,0,FALSE,TRUE,0.076923077,2.85
Normal,7582,trace 6728,introToNonRegularFF,0,FALSE,TRUE,0.105263158,2.622222222
Normal,7582,trace 6729,introToPumpingFF,0,FALSE,TRUE,0.066666667,1.514285714
Normal,7582,trace 6730,PLExample1FF,0,FALSE,TRUE,0.185714286,1.828985507
Normal,7582,trace 6731,PLExample2FF,0,FALSE,TRUE,0.027777778,2.091428571
Normal,7582,trace 6732,PLExample3FF,0,FALSE,TRUE,0.060606061,2.00625
Normal,7582,trace 6733,PLExample4FF,0,FALSE,TRUE,0.09375,1.974193548
Normal,7582,trace 6734,PLExample5FF,0,FALSE,TRUE,0.09375,1.780645161
Normal,7582,trace 6735,PLExample6FF,0,FALSE,TRUE,0.146341463,2.18
Normal,7582,trace 6736,ClosurePropertiesFF,0,FALSE,TRUE,0.166666667,2.84
Normal,7582,trace 6737,ClosurePropertiesExample1FF,0,FALSE,TRUE,0,1.553846154
Normal,7582,trace 6738,ClosurePropertiesExample2FF,0,FALSE,TRUE,0,1.6
Normal,7582,trace 6739,ClosurePropertiesExample3FF,0,FALSE,TRUE,0,1.244444444
Normal,7582,trace 6740,TransformGrammarsFF,0,FALSE,FALSE,0,0.1
Credit Seeking,7582,trace 6741,ContextFreeLanguagesFF,1,FALSE,FALSE,0.357142857,2.587804878
Normal,7582,trace 6742,DerivationTreesFF,0,FALSE,TRUE,0.055555556,1.423529412
Normal,7582,trace 6743,MembershipProblemFF,0,FALSE,TRUE,0.16,2.3
Normal,7582,trace 6744,AmbiguityFF,0,FALSE,TRUE,0.041666667,1.965217391
Normal,7582,trace 6745,TransformGrammarsFF,1,FALSE,TRUE,0,2.110526316
Credit Seeking,7582,trace 6746,RemoveUselessFF,0,FALSE,FALSE,0.292682927,2.4775
Normal,7582,trace 6747,RemoveLambdaFF,0,FALSE,TRUE,0.125,2.4
Normal,7582,trace 6748,RemoveUnitFF,0,FALSE,TRUE,0.205128205,2.926315789
Normal,7582,trace 6749,ChomskyNormalFormFF,0,FALSE,TRUE,0.1,1.642105263
Normal,7582,trace 6750,GreibachNormalFormFF,0,FALSE,TRUE,0.239130435,2.048888889
Normal,7582,trace 6751,PDATransitionsFF,1,TRUE,TRUE,0,1.325
Normal,7582,trace 6752,PDAAcceptanceFF,0,FALSE,TRUE,0.216216216,2.043835616
Normal,7582,trace 6753,PDAEmptyStackAcceptanceFF,0,FALSE,TRUE,0.088888889,2.368181818
Normal,7582,trace 6754,PDAAcceptanceEquivalenceFF,0,FALSE,TRUE,0,1.528
Normal,7582,trace 6755,DPDAFF,0,FALSE,TRUE,0.12,1.8
Normal,7582,trace 6756,NCFLProofFF,0,FALSE,TRUE,0,5.516666667
Normal,7582,trace 6757,NCFLversusDCFLFF,0,FALSE,TRUE,0.076923077,1.183333333
Normal,7582,trace 6758,GrammarsForDCFLFF,0,FALSE,TRUE,0,1.766666667
Normal,7582,trace 6759,CFLClosurePropertiesFF,0,FALSE,TRUE,0,1.608
Normal,7582,trace 6760,CFLPumpingLemmaFF,0,FALSE,TRUE,0.038461538,1.648
Normal,7582,trace 6761,CFLPumpingLemmaExample1FF,0,FALSE,TRUE,0.047619048,1.907317073
Normal,7582,trace 6762,CFLPumpingLemmaExample2FF,0,FALSE,FALSE,0.130434783,2.113333333
Normal,7582,trace 6763,CFLPumpingLemmaExample3FF,0,FALSE,TRUE,0.095238095,2.663414634
Normal,7582,trace 6764,CFLPumpingLemmaExample4FF,0,FALSE,TRUE,0.068965517,2.389473684
Normal,7582,trace 6765,CFLPumpingLemmaExample5FF,1,FALSE,TRUE,0,1.55862069
Normal,7582,trace 6766,TMGeneralModel,0,FALSE,TRUE,0.247311828,2.143478261
Normal,7582,trace 6767,TMInterpreting,0,FALSE,TRUE,0.235294118,1.763636364
Normal,7582,trace 6768,TMDecidableVSAcceptable,1,FALSE,TRUE,0,1.275
Normal,7582,trace 6769,TMComplicatedMachine3,0,FALSE,TRUE,0.107142857,1.748148148
Normal,7582,trace 6770,TwoMulExample,0,FALSE,TRUE,0,1.86
Normal,7582,trace 6771,SATProof,0,FALSE,TRUE,0,1.836363636
Normal,7582,trace 6772,NPCCoping,0,FALSE,TRUE,0.222222222,2.658823529
Normal,7582,trace 6773,UnsolveableProblems1,0,FALSE,TRUE,0.071428571,1.553846154
Normal,7582,trace 6774,UnsolveableProblems2,0,FALSE,TRUE,0,1.742857143
Credit Seeking,7582,trace 6775,RelationsFS,0,FALSE,TRUE,0.818181818,1.335632184
Normal,7582,trace 6776,EquivFS,0,FALSE,TRUE,0.272727273,2.02
Credit Seeking,7582,trace 6777,DFAadvancedFS,0,FALSE,TRUE,0.375,1.361290323
Credit Seeking,7582,trace 6778,NFAequivFS,1,TRUE,TRUE,0.428571429,0.7
Normal,7598,trace 6779,LanguagesFS,0,FALSE,TRUE,0.104166667,48.34468085
Normal,7598,trace 6780,GrammarIntroFS,0,FALSE,TRUE,0.234042553,52.43913043
Normal,7598,trace 6781,SetDefFS,0,FALSE,TRUE,0,9.775
Credit Seeking,7598,trace 6782,SetNotationFS,0,FALSE,TRUE,0.372093023,10.24285714
Normal,7598,trace 6783,RelationsFS,0,FALSE,TRUE,0.105263158,11.56666667
Normal,7598,trace 6784,EquivFS,0,FALSE,TRUE,0,11.88571429
Credit Seeking,7598,trace 6785,DFAintroFS,0,FALSE,TRUE,0.739130435,10.10588235
Normal,7598,trace 6786,DFAadvancedFS,0,FALSE,TRUE,0,10.85
Credit Seeking,7598,trace 6787,NFAFS,0,FALSE,TRUE,0.56,8.575510204
Normal,7598,trace 6788,DFAMinFS,0,FALSE,TRUE,0.05,8.273684211
Normal,7598,trace 6789,DFAMinEx1FS,0,FALSE,TRUE,0.035714286,10.45185185
Normal,7598,trace 6790,TMGeneralModel,0,FALSE,FALSE,0,6.455555556
Credit Seeking,7598,trace 6791,RegExFS,0,FALSE,TRUE,0.744360902,9.183333333
Normal,7598,trace 6792,RegEx2NFA1FS,0,FALSE,TRUE,0,2.82
Normal,7598,trace 6793,RegEx2NFAorFS,0,FALSE,TRUE,0,3.4
Normal,7598,trace 6794,RegEx2NFAcatFS,0,FALSE,TRUE,0.076923077,3.6
Normal,7598,trace 6795,RegEx2NFAstarFS,0,FALSE,TRUE,0.083333333,3.018181818
Normal,7598,trace 6796,RegEXtoNFAExampleFF,0,FALSE,TRUE,0,11.52
Normal,7598,trace 6797,NFAequivFS,0,FALSE,TRUE,0,0.1
Credit Seeking,7598,trace 6798,NFA2DFAlargeExFS,0,FALSE,FALSE,0.888888889,8.507692308
Normal,7598,trace 6799,NFAequivFS,1,TRUE,TRUE,0,0.1
Normal,7598,trace 6800,NFA2DFAlargeExFS,1,FALSE,TRUE,0.047619048,14.71
Credit Seeking,7598,trace 6801,PDA,0,FALSE,TRUE,0.375,5.573913043
Normal,7598,trace 6802,PDATransitionsFF,0,TRUE,TRUE,0,12.675
Normal,7598,trace 6803,TransformGrammarsFF,0,FALSE,FALSE,0.111111111,5.2625
Normal,7598,trace 6804,PairToSortCONPI,0,FALSE,FALSE,0.1875,48.67333333
Credit Seeking,7598,trace 6805,ContextFreeLanguagesFF,0,FALSE,FALSE,0.9,3.765517241
Normal,7598,trace 6806,introToNonRegularFF,0,FALSE,FALSE,0,3.55
Credit Seeking,7598,trace 6807,ContextFreeLanguagesFF,1,FALSE,FALSE,0.636363636,7.92
Normal,7598,trace 6808,introToNonRegularFF,1,FALSE,FALSE,0,5.275
Credit Seeking,7598,trace 6809,ContextFreeLanguagesFF,1,FALSE,FALSE,0.6,3.65
Normal,7598,trace 6811,PDAAcceptanceFF,0,FALSE,TRUE,0.175438596,5.825
Normal,7598,trace 6812,PDAEmptyStackAcceptanceFF,0,FALSE,FALSE,0.071428571,3.084615385
Normal,7598,trace 6813,PDAAcceptanceEquivalenceFF,0,FALSE,TRUE,0,2.872727273
Normal,7598,trace 6814,PDAAcceptanceFF,1,FALSE,FALSE,0,14595.525
Normal,7607,trace 6815,LanguagesFS,0,FALSE,TRUE,0.266666667,130.2067797
Credit Seeking,7607,trace 6816,GrammarIntroFS,0,FALSE,TRUE,0.320754717,19.27307692
Credit Seeking,7607,trace 6817,SetDefFS,0,FALSE,TRUE,0.75,4.780645161
Credit Seeking,7607,trace 6818,SetNotationFS,0,FALSE,TRUE,0.433962264,7.561538462
Normal,7607,trace 6819,RelationsFS,0,FALSE,TRUE,0.227272727,5.723809524
Normal,7607,trace 6820,EquivFS,0,FALSE,TRUE,0.266666667,21.58571429
Credit Seeking,7607,trace 6821,DFAintroFS,0,FALSE,FALSE,0.486486486,59.91944444
Normal,7607,trace 6822,DFAadvancedFS,0,FALSE,TRUE,0.157894737,19.73333333
Normal,7607,trace 6824,DFAadvancedFS,1,FALSE,FALSE,0,101.275
Normal,7607,trace 6825,DFAMinFS,0,FALSE,TRUE,0.25,12.35652174
Normal,7607,trace 6826,DFAMinEx1FS,0,FALSE,TRUE,0.058823529,195.0060606
Normal,7607,trace 6828,DFAintroFS,1,FALSE,FALSE,0,1.05
Credit Seeking,7607,trace 6829,NFAFS,0,FALSE,TRUE,0.747368421,8.746808511
Normal,7607,trace 6830,NFAequivFS,0,FALSE,TRUE,0,0.1
Normal,7607,trace 6831,NFA2DFAlargeExFS,0,FALSE,TRUE,0.139534884,76.57380952
Normal,7607,trace 6832,DFAMinEx2FS,0,FALSE,TRUE,0.028571429,7.388235294
Credit Seeking,7607,trace 6833,RegExFS,0,FALSE,TRUE,0.597402597,2049.239474
Normal,7607,trace 6834,RegEx2NFA1FS,0,FALSE,TRUE,0,14.29090909
Normal,7607,trace 6835,RegEx2NFAorFS,0,FALSE,TRUE,0.1,20.46666667
Normal,7607,trace 6836,RegEx2NFAcatFS,0,FALSE,TRUE,0.133333333,30.44285714
Normal,7607,trace 6837,RegEx2NFAstarFS,0,FALSE,TRUE,0.083333333,18.10909091
Credit Seeking,7607,trace 6838,RegEXtoNFAExampleFF,0,FALSE,TRUE,0.527777778,7.805714286
Normal,7607,trace 6839,ConvertRLREFF,0,FALSE,TRUE,0,10.6
Credit Seeking,7607,trace 6840,RegularGrammarFF,0,FALSE,TRUE,0.744897959,6.919587629
Credit Seeking,7607,trace 6841,NFAToREFF,0,FALSE,TRUE,0.382352941,9.763636364
Normal,7607,trace 6842,REtoFAExampleFF,0,FALSE,TRUE,0.090909091,8.72
Normal,7607,trace 6843,RightLinearRGFF,0,TRUE,TRUE,0,8.45
Credit Seeking,7607,trace 6844,NFAToReExampleFF,0,FALSE,TRUE,0.380952381,9.36
Normal,7607,trace 6845,LeftLinearGrammarFF,0,FALSE,TRUE,0.027777778,31.74857143
Credit Seeking,7607,trace 6846,RegEXtoRegGrammarFF,0,FALSE,TRUE,0.333333333,10.46829268
Normal,7607,trace 6847,RegEXtoLeftRegGrammarFF,0,FALSE,TRUE,0.186046512,8.957142857
Normal,7607,trace 6848,STA,0,FALSE,TRUE,0.058823529,2.575
Credit Seeking,7607,trace 6849,RegEXtoLeftRegGrammarFF,1,FALSE,FALSE,0.75,4.554545455
Normal,7607,trace 6850,ClosureConceptFF,0,FALSE,TRUE,0.066666667,3.728571429
Normal,7607,trace 6851,ClosureRegularLangFF,0,FALSE,TRUE,0.095238095,19.21
Credit Seeking,7607,trace 6852,RegularLangClosedInterFF,0,FALSE,TRUE,0.445945946,5.37260274
Normal,7607,trace 6853,RightQuotientFF,0,TRUE,TRUE,0.115384615,6.043137255
Normal,7607,trace 6854,HomomorphismFF,0,FALSE,TRUE,0,8.22
Normal,7607,trace 6855,introToNonRegularFF,0,FALSE,TRUE,0,15.26
Normal,7607,trace 6856,introToPumpingFF,0,FALSE,TRUE,0,10.35555556
Normal,7607,trace 6857,PLExample1FF,0,FALSE,TRUE,0.054545455,8.448148148
Normal,7607,trace 6858,PLExample2FF,0,FALSE,TRUE,0.066666667,5.179310345
Normal,7607,trace 6859,PLExample3FF,0,FALSE,TRUE,0.081081081,3.866666667
Normal,7607,trace 6860,PLExample4FF,0,FALSE,TRUE,0.066666667,3.179310345
Normal,7607,trace 6861,PLExample5FF,0,FALSE,TRUE,0,5.175
Normal,7607,trace 6862,PLExample6FF,0,FALSE,TRUE,0.027027027,4.088888889
Normal,7607,trace 6863,ClosurePropertiesFF,0,FALSE,TRUE,0,6.028571429
Normal,7607,trace 6864,PLExample4FF,1,TRUE,TRUE,0.045454545,58.53333333
Normal,7607,trace 6865,PLExample5FF,1,FALSE,FALSE,0,3.05
Normal,7607,trace 6866,ClosurePropertiesExample1FF,0,FALSE,TRUE,0,4.52
Normal,7607,trace 6867,ClosurePropertiesExample2FF,0,FALSE,TRUE,0.090909091,2.92
Normal,7607,trace 6868,ClosurePropertiesExample3FF,0,FALSE,TRUE,0,3.025
Credit Seeking,7607,trace 6869,ContextFreeLanguagesFF,0,FALSE,TRUE,0.453125,11.32063492
Normal,7607,trace 6870,CFGDerivationsFF,0,FALSE,TRUE,0.149253731,13.27575758
Normal,7607,trace 6871,DerivationTreesFF,0,TRUE,TRUE,0,14.83529412
Normal,7607,trace 6872,MembershipProblemFF,0,FALSE,FALSE,0.210526316,1055.4
Normal,7607,trace 6873,AmbiguityFF,0,FALSE,TRUE,0.25,4.948571429
Normal,7607,trace 6874,MembershipProblemFF,1,FALSE,TRUE,0.2,8.716666667
Normal,7607,trace 6875,TransformGrammarsFF,0,FALSE,FALSE,0,5.366666667
Normal,7607,trace 6876,PDACFLFF,0,FALSE,FALSE,0.2,3.577777778
Normal,7607,trace 6877,CFLPumpingLemmaFF,0,FALSE,FALSE,0,4.161538462
Normal,7607,trace 6878,CFLPumpingLemmaExample5FF,0,FALSE,FALSE,0,3.366666667
Normal,7607,trace 6879,TransformGrammarsFF,1,FALSE,FALSE,0.083333333,21.22173913
Normal,7607,trace 6880,GreibachNormalFormFF,0,FALSE,FALSE,0,1.55
Normal,7607,trace 6881,TransformGrammarsFF,1,FALSE,TRUE,0.027777778,7.491428571
Normal,7607,trace 6882,RemoveUselessFF,0,FALSE,FALSE,0.2,2.025
Normal,7607,trace 6883,RemoveUnitFF,0,FALSE,FALSE,0,4.0125
Credit Seeking,7607,trace 6884,RemoveUselessFF,1,FALSE,FALSE,0.303030303,365.284375
Normal,7607,trace 6885,LeftLinearGrammarFF,1,FALSE,FALSE,0,1.05
Credit Seeking,7607,trace 6886,PDA,0,FALSE,TRUE,0.304347826,9.872727273
Normal,7607,trace 6887,PDATransitionsFF,0,TRUE,TRUE,0.04,5.216666667
Credit Seeking,7607,trace 6888,PDAAcceptanceFF,0,FALSE,FALSE,0.357142857,673.9296296
Normal,7607,trace 6889,PDACFLFF,1,FALSE,FALSE,0,5.366666667
Credit Seeking,7607,trace 6890,DPDAFF,0,FALSE,FALSE,0.434782609,3.05
Normal,7607,trace 6891,PDACFLFF,1,FALSE,FALSE,0.043478261,102.5133333
Credit Seeking,7607,trace 6893,PDACFLFF,1,FALSE,FALSE,0.384615385,54.59166667
Normal,7607,trace 6894,PDAAcceptanceEquivalenceFF,0,FALSE,FALSE,0,53.44375
Credit Seeking,7607,trace 6895,RemoveUselessFF,1,FALSE,FALSE,0.789473684,37.92432432
Normal,7607,trace 6896,RemoveLambdaFF,0,FALSE,TRUE,0.095238095,47.71
Credit Seeking,7607,trace 6897,RemoveUnitFF,1,FALSE,TRUE,0.446428571,14.42181818
Normal,7607,trace 6898,ChomskyNormalFormFF,0,FALSE,TRUE,0,5.3875
Credit Seeking,7607,trace 6899,GreibachNormalFormFF,1,FALSE,TRUE,0.339285714,5.44
Credit Seeking,7607,trace 6900,RemoveUselessFF,1,FALSE,TRUE,0.380952381,3.31
Normal,7607,trace 6901,PDAAcceptanceFF,1,FALSE,TRUE,0.197530864,48.99
Normal,7607,trace 6902,PDAAcceptanceEquivalenceFF,1,FALSE,TRUE,0,1.55
Normal,7607,trace 6903,PDAEmptyStackAcceptanceFF,0,FALSE,TRUE,0.12244898,11.35833333
Normal,7607,trace 6904,PDAAcceptanceFF,1,TRUE,TRUE,0,3.885714286
Normal,7607,trace 6905,PDAEmptyStackAcceptanceFF,1,TRUE,TRUE,0.043478261,4.96
Normal,7607,trace 6906,PDAAcceptanceEquivalenceFF,1,TRUE,TRUE,0,1.55
Normal,7607,trace 6907,CFLClosurePropertiesFF,0,FALSE,TRUE,0.035714286,62.04444444
Normal,7607,trace 6908,CFLPumpingLemmaFF,1,FALSE,TRUE,0.1,3.577777778
Credit Seeking,7607,trace 6909,CFLPumpingLemmaExample1FF,0,FALSE,TRUE,0.455696203,4.143589744
Normal,7607,trace 6910,CFLPumpingLemmaExample2FF,0,FALSE,FALSE,0.218181818,145.6685185
Normal,7607,trace 6911,CFLPumpingLemmaExample3FF,0,FALSE,TRUE,0.229166667,5.174468085
Normal,7607,trace 6912,CFLPumpingLemmaExample4FF,0,FALSE,TRUE,0.148648649,7.947945205
Normal,7607,trace 6913,CFLPumpingLemmaExample5FF,1,FALSE,TRUE,0.228070175,5.021428571
Normal,7607,trace 6914,TMGeneralModel,0,FALSE,FALSE,0.125,6.439130435
Credit Seeking,7607,trace 6916,CFLPumpingLemmaExample3FF,1,FALSE,FALSE,0.333333333,2.82
Normal,7607,trace 6917,CFLPumpingLemmaExample4FF,1,FALSE,FALSE,0,1.033333333
Normal,7607,trace 6918,DPDAFF,1,FALSE,TRUE,0.076923077,2.85
Normal,7607,trace 6919,GrammarsForDCFLFF,0,FALSE,FALSE,0,2.183333333
Normal,7607,trace 6920,NCFLProofFF,0,FALSE,FALSE,0,0.1
Normal,7607,trace 6921,TMGeneralModel,1,FALSE,FALSE,0,2.775
Normal,7607,trace 6922,TMInterpreting,0,FALSE,FALSE,0.25,2.033333333
Normal,7607,trace 6923,TMComplicatedMachine3,0,TRUE,TRUE,0.025,492.7974359
Credit Seeking,7607,trace 6924,TMGeneralModel,1,FALSE,FALSE,0.571428571,1.7
Normal,7607,trace 6925,TMComplicatedMachine3,1,TRUE,TRUE,0,642.4666667
Normal,7607,trace 6926,TwoMulExample,0,FALSE,FALSE,0,5.233333333
Credit Seeking,7607,trace 6928,PDACFLFF,1,FALSE,TRUE,0.551020408,2.670833333
Normal,7607,trace 6929,NCFLProofFF,1,FALSE,TRUE,0,3.553846154
Normal,7607,trace 6930,NCFLversusDCFLFF,0,FALSE,TRUE,0.090909091,6.12
Normal,7607,trace 6931,GrammarsForDCFLFF,1,FALSE,TRUE,0,2.6
Credit Seeking,7607,trace 6932,TMInterpreting,1,FALSE,TRUE,0.390243902,5.505
Normal,7607,trace 6933,TMDecidableVSAcceptable,0,FALSE,TRUE,0.222222222,3.6
Credit Seeking,7607,trace 6934,PairToSortCONPI,0,FALSE,TRUE,0.4,3.593103448
Normal,7607,trace 6935,LowerBound,0,TRUE,TRUE,0.136363636,8.795348837
Normal,7607,trace 6936,TwoMulExample,1,FALSE,TRUE,0,2.577777778
Normal,7607,trace 6937,TravelSalesman,0,FALSE,TRUE,0,2.723809524
Normal,7607,trace 6938,KClique,0,FALSE,TRUE,0,2.6
Normal,7607,trace 6939,SATProof,0,FALSE,TRUE,0,1.861538462
Credit Seeking,7607,trace 6940,NPCCoping,0,FALSE,TRUE,0.380952381,2.46
Normal,7607,trace 6941,UnsolveableProblems1,0,FALSE,TRUE,0,2.72
Normal,7607,trace 6942,UnsolveableProblems2,0,FALSE,TRUE,0,2.133333333
Credit Seeking,7607,trace 6943,TMInterpreting,1,FALSE,FALSE,0.285714286,11.01666667
Normal,7607,trace 6944,TMGeneralModel,1,FALSE,FALSE,0,2.05
Normal,7619,trace 6945,LanguagesFS,0,FALSE,TRUE,0.166666667,16.34468085
Normal,7619,trace 6946,GrammarIntroFS,0,FALSE,TRUE,0.25,14.8
Normal,7619,trace 6947,LanguagesFS,1,FALSE,FALSE,0,176.9181818
Credit Seeking,7619,trace 6948,SetDefFS,0,FALSE,TRUE,0.769230769,3.031578947
Normal,7619,trace 6949,SetNotationFS,0,FALSE,TRUE,0.193548387,8.106666667
Normal,7619,trace 6950,RelationsFS,0,FALSE,TRUE,0.055555556,6.658823529
Normal,7619,trace 6951,EquivFS,0,FALSE,TRUE,0.272727273,65.62
Normal,7619,trace 6952,DFAintroFS,0,FALSE,TRUE,0.192307692,18.728
Normal,7619,trace 6953,DFAadvancedFS,0,FALSE,TRUE,0,15.63076923
Credit Seeking,7619,trace 6954,NFAFS,0,FALSE,TRUE,0.629032258,9.085245902
Normal,7619,trace 6955,NFAequivFS,0,FALSE,TRUE,0,0.1
Normal,7619,trace 6956,NFA2DFAlargeExFS,0,FALSE,TRUE,0.166666667,11.17931034
Normal,7619,trace 6957,DFAMinFS,0,FALSE,TRUE,0,21.575
Normal,7619,trace 6958,DFAMinEx1FS,0,FALSE,TRUE,0.096774194,11.94
Normal,7619,trace 6959,DFAMinEx2FS,0,FALSE,TRUE,0.153846154,8.163157895
Credit Seeking,7619,trace 6960,RegExFS,0,FALSE,TRUE,0.736,5.429032258
Normal,7619,trace 6961,RegEx2NFA1FS,0,FALSE,TRUE,0,11.65454545
Normal,7619,trace 6962,RegEx2NFAorFS,0,FALSE,TRUE,0,7.028571429
Normal,7619,trace 6963,RegEx2NFAcatFS,0,FALSE,TRUE,0.071428571,5.630769231
Normal,7619,trace 6964,RegEx2NFAstarFS,0,FALSE,TRUE,0,6.65
Normal,7619,trace 6965,RegEXtoNFAExampleFF,0,FALSE,TRUE,0,7.323076923
Normal,7619,trace 6966,ConvertRLREFF,0,FALSE,TRUE,0,7.9
Credit Seeking,7619,trace 6967,RegularGrammarFF,0,FALSE,TRUE,0.617647059,5.644776119
Credit Seeking,7619,trace 6968,NFAToREFF,0,FALSE,TRUE,0.296296296,4.546153846
Normal,7619,trace 6969,REtoFAExampleFF,0,FALSE,TRUE,0,2.775
Normal,7619,trace 6970,RightLinearRGFF,0,FALSE,TRUE,0,5.657142857
Normal,7619,trace 6971,LeftLinearGrammarFF,0,FALSE,TRUE,0.026315789,4.059459459
Credit Seeking,7619,trace 6972,RegEXtoRegGrammarFF,0,FALSE,TRUE,0.326086957,5.515555556
Normal,7619,trace 6973,RegEXtoLeftRegGrammarFF,0,FALSE,TRUE,0.068965517,6.185714286
Normal,7619,trace 6974,STA,0,FALSE,TRUE,0,2.942857143
Normal,7619,trace 6975,NFAToReExampleFF,0,FALSE,TRUE,0.2,3.728571429
Normal,7619,trace 6976,ClosureConceptFF,0,FALSE,TRUE,0.125,2.613333333
Normal,7619,trace 6977,ClosureRegularLangFF,0,FALSE,TRUE,0.185185185,2.584615385
Normal,7619,trace 6978,RegularLangClosedInterFF,0,FALSE,FALSE,0.25,10.10769231
Normal,7619,trace 6979,introToNonRegularFF,0,FALSE,TRUE,0,5.011764706
Credit Seeking,7619,trace 6980,ContextFreeLanguagesFF,0,FALSE,TRUE,0.820809249,3.518604651
Normal,7619,trace 6981,CFGDerivationsFF,0,FALSE,TRUE,0.230769231,5.587012987
Normal,7619,trace 6982,DerivationTreesFF,0,TRUE,TRUE,0,3.6
Credit Seeking,7619,trace 6983,MembershipProblemFF,0,FALSE,TRUE,0.744444444,3.833707865
Normal,7619,trace 6984,AmbiguityFF,0,FALSE,FALSE,0.181818182,51.51
Normal,7619,trace 6985,TransformGrammarsFF,0,FALSE,TRUE,0.083333333,3.148571429
Credit Seeking,7619,trace 6986,RemoveUselessFF,0,FALSE,FALSE,0.780487805,3.32345679
Normal,7619,trace 6987,RemoveLambdaFF,0,FALSE,FALSE,0.083333333,3.009090909
Credit Seeking,7619,trace 6988,RemoveUselessFF,1,FALSE,FALSE,0.8,3.228571429
Normal,7619,trace 6989,RemoveLambdaFF,1,FALSE,TRUE,0.076923077,6.516666667
Credit Seeking,7619,trace 6990,RemoveUselessFF,1,FALSE,FALSE,0.892857143,2.155555556
Credit Seeking,7619,trace 6991,RemoveUnitFF,0,FALSE,TRUE,0.584269663,5.468181818
Normal,7619,trace 6992,ChomskyNormalFormFF,0,FALSE,TRUE,0.0625,2.946666667
Credit Seeking,7619,trace 6993,GreibachNormalFormFF,0,FALSE,FALSE,0.906542056,1.90754717
Credit Seeking,7619,trace 6994,RemoveUselessFF,1,FALSE,FALSE,0.934782609,1.582222222
Credit Seeking,7619,trace 6995,GreibachNormalFormFF,1,FALSE,TRUE,0.712871287,2.472
Credit Seeking,7619,trace 6996,RemoveUselessFF,1,FALSE,TRUE,0.871134021,3.001036269
Normal,7619,trace 6997,RegExFS,1,FALSE,FALSE,0,3.05
Normal,7619,trace 6998,NFAequivFS,1,TRUE,TRUE,0,0.1
Normal,7619,trace 7000,SetNotationFS,1,FALSE,FALSE,0,1.55
Normal,7619,trace 7001,LeftLinearGrammarFF,1,FALSE,FALSE,0,429.55
Credit Seeking,7619,trace 7002,PDA,0,FALSE,TRUE,0.4,16.96666667
Normal,7619,trace 7003,PDATransitionsFF,0,TRUE,TRUE,0.076923077,4.048
Normal,7619,trace 7004,PDAAcceptanceFF,0,FALSE,TRUE,0.137254902,4.924
Normal,7619,trace 7005,PDAEmptyStackAcceptanceFF,0,FALSE,TRUE,0.045454545,4.306976744
Normal,7619,trace 7006,PDAAcceptanceEquivalenceFF,0,FALSE,TRUE,0,2.736363636
Credit Seeking,7619,trace 7008,PDACFLFF,0,FALSE,TRUE,0.333333333,3.865
Normal,7619,trace 7010,RemoveLambdaFF,1,FALSE,FALSE,0,3.05
Credit Seeking,7619,trace 7011,RemoveUselessFF,1,FALSE,FALSE,0.4,17.79473684
Credit Seeking,7619,trace 7012,RemoveLambdaFF,1,FALSE,FALSE,0.666666667,2.1
Normal,7619,trace 7013,RemoveUnitFF,1,FALSE,FALSE,0,4.366666667
Normal,7619,trace 7015,RemoveUnitFF,1,FALSE,FALSE,0,4.033333333
Normal,7619,trace 7018,AmbiguityFF,1,FALSE,FALSE,0,0.55
Normal,7619,trace 7019,DPDAFF,0,FALSE,TRUE,0.076923077,3.848
Normal,7619,trace 7020,NCFLProofFF,0,FALSE,TRUE,0,3.22
Normal,7619,trace 7021,NCFLversusDCFLFF,0,FALSE,TRUE,0,2.6
Normal,7619,trace 7022,GrammarsForDCFLFF,0,FALSE,TRUE,0,5.015384615
Normal,7619,trace 7023,CFLClosurePropertiesFF,0,FALSE,TRUE,0.033333333,2.593103448
Normal,7619,trace 7024,CFLPumpingLemmaFF,0,FALSE,TRUE,0,3.86
Normal,7619,trace 7025,TMGeneralModel,0,FALSE,FALSE,0.195652174,4.691111111
Normal,7619,trace 7026,TMDecidableVSAcceptable,0,FALSE,TRUE,0,4.630769231
Normal,7619,trace 7027,TMComplicatedMachine3,0,FALSE,TRUE,0.153846154,2.005263158
Credit Seeking,7619,trace 7028,TMGeneralModel,1,FALSE,TRUE,0.389830508,8.796551724
Credit Seeking,7619,trace 7029,PairToSortCONPI,0,FALSE,TRUE,0.36,6.8
Normal,7619,trace 7030,TravelSalesman,0,TRUE,TRUE,0.041666667,34.83478261
Normal,7619,trace 7031,KClique,0,FALSE,TRUE,0.071428571,3.553846154
Normal,7619,trace 7032,SATProof,0,FALSE,TRUE,0,2.22
Normal,7629,trace 7033,introToNonRegularFF,0,FALSE,TRUE,0,16.325
Normal,7629,trace 7034,introToPumpingFF,0,FALSE,TRUE,0,4.688888889
Normal,7629,trace 7035,PLExample1FF,0,FALSE,FALSE,0.0625,11.51276596
Normal,7629,trace 7036,PLExample3FF,0,FALSE,TRUE,0.088235294,9.612121212
Normal,7629,trace 7037,PLExample6FF,0,FALSE,FALSE,0,8.71
Normal,7629,trace 7038,PLExample4FF,0,FALSE,FALSE,0,14.9
Credit Seeking,7629,trace 7039,PLExample6FF,1,FALSE,FALSE,0.833333333,3.947058824
Normal,7629,trace 7040,PLExample4FF,1,FALSE,FALSE,0.222222222,6.182352941
Normal,7629,trace 7042,ClosurePropertiesExample1FF,0,FALSE,TRUE,0,10.13333333
Normal,7629,trace 7043,ClosurePropertiesExample3FF,0,FALSE,FALSE,0,2.775
Normal,7629,trace 7045,ClosurePropertiesFF,0,FALSE,TRUE,0,9568.2625
Normal,7629,trace 7046,PLExample2FF,0,FALSE,FALSE,0,5.6375
Normal,7629,trace 7047,SetDefFF,0,FALSE,TRUE,0.111111111,10.025
Normal,7629,trace 7048,SetCommonSymbolsFF,0,FALSE,TRUE,0.111111111,9.623076923
Normal,7629,trace 7049,RelationsFF,0,FALSE,TRUE,0,18.23333333
Normal,7629,trace 7050,MathProofFF,0,FALSE,FALSE,0,2.85
Credit Seeking,7629,trace 7051,ContextFreeLanguagesFF,0,FALSE,FALSE,0.833333333,12.46829268
Normal,7629,trace 7052,introToNonRegularFF,1,TRUE,TRUE,0,12.44285714
Credit Seeking,7629,trace 7053,ContextFreeLanguagesFF,1,FALSE,TRUE,0.630136986,12.96111111
Normal,7629,trace 7054,CFGDerivationsFF,0,FALSE,TRUE,0.06779661,24.24482759
Normal,7629,trace 7055,DerivationTreesFF,0,FALSE,TRUE,0,16.61333333
Normal,7629,trace 7056,MembershipProblemFF,0,FALSE,FALSE,0,40.525
Credit Seeking,7629,trace 7057,AmbiguityFF,0,FALSE,TRUE,0.352941176,7.612121212
Normal,7629,trace 7058,TransformGrammarsFF,0,FALSE,TRUE,0,8.903448276
Normal,7629,trace 7059,RemoveUselessFF,0,FALSE,FALSE,0,14.11
Normal,7629,trace 7060,AmbiguityFF,1,FALSE,FALSE,0,26.05
Normal,7629,trace 7061,MajorConceptsFF,0,FALSE,TRUE,0.12195122,50.58
Normal,7629,trace 7062,GrammarIntroFF,0,FALSE,TRUE,0.12195122,21.48
Normal,7629,trace 7063,SetDefFF,1,TRUE,TRUE,0,5.04
Normal,7629,trace 7064,SetCommonSymbolsFF,1,TRUE,TRUE,0.178571429,7.377777778
Normal,7629,trace 7065,RelationsFF,1,TRUE,TRUE,0.058823529,162.369697
Normal,7629,trace 7066,MathProofFF,1,FALSE,TRUE,0,46.448
Normal,7629,trace 7067,ContinuedMathProofFF,0,FALSE,TRUE,0,13.58095238
Normal,7629,trace 7068,InductionProofExample1FF,0,FALSE,TRUE,0.055555556,4.6
Normal,7629,trace 7069,InductionProofExample2FF,0,FALSE,TRUE,0.076923077,195.85
Normal,7629,trace 7070,DFAFF,0,FALSE,TRUE,0,670.1103448
Normal,7629,trace 7071,FADefinitionsFF,0,FALSE,TRUE,0,13.74545455
Credit Seeking,7629,trace 7072,NFA,0,FALSE,TRUE,0.325581395,25.62380952
Normal,7629,trace 7073,NFA2DFAFrames,0,FALSE,TRUE,0.148148148,26.23846154
Normal,7629,trace 7074,NFAtoDFAFF,0,FALSE,TRUE,0,14.36666667
Normal,7629,trace 7075,DFAMinimizationFF,0,FALSE,TRUE,0,16.24761905
Normal,7629,trace 7076,MinimizationWithQuestionsFF,0,FALSE,TRUE,0,11.88333333
Normal,7629,trace 7077,MinimizationWithQuestions2FF,0,FALSE,TRUE,0.111111111,12.20571429
Normal,7629,trace 7078,RegularExpressionsFF,0,FALSE,FALSE,0,9.2625
Normal,7629,trace 7079,RegEXandRegLangFF,0,FALSE,FALSE,0,2.05
Normal,7629,trace 7080,RegularExpressionsFF,1,FALSE,TRUE,0,12.36470588
Credit Seeking,7629,trace 7081,RegEXandRegLangFF,1,FALSE,TRUE,0.529411765,3.672727273
Normal,7629,trace 7082,RegEXandRegLangORFF,0,FALSE,TRUE,0,17.02
Normal,7629,trace 7083,ConvertRLREFF,0,FALSE,TRUE,0,5.063157895
Normal,7629,trace 7084,RegEXandRegLangConcatFF,0,FALSE,TRUE,0,65.83636364
Normal,7629,trace 7085,RegEXandRegLangStarFF,0,FALSE,TRUE,0,3.275
Normal,7629,trace 7086,RegEXtoNFAExampleFF,0,FALSE,TRUE,0,4.4
Credit Seeking,7629,trace 7087,RegularGrammarFF,0,FALSE,TRUE,0.333333333,5.057894737
Normal,7629,trace 7088,REtoFAExampleFF,0,FALSE,FALSE,0,1.05
Normal,7629,trace 7089,NFAToREFF,0,FALSE,TRUE,0,5.070588235
Credit Seeking,7629,trace 7090,RegEXtoLeftRegGrammarFF,0,FALSE,FALSE,0.352941176,4.63125
Normal,7629,trace 7091,introToNonRegularFF,1,TRUE,TRUE,0,3.45
Normal,7629,trace 7092,PLExample1FF,1,FALSE,TRUE,0,0.4
Normal,7629,trace 7093,PLExample2FF,1,FALSE,TRUE,0,4.617391304
Normal,7629,trace 7094,DerivationTreesFF,1,TRUE,TRUE,0,3.21
Normal,7629,trace 7095,AmbiguityFF,1,FALSE,FALSE,0,3.455555556
Credit Seeking,7629,trace 7097,MembershipProblemFF,1,FALSE,FALSE,0.571428571,5.533333333
Normal,7629,trace 7098,RemoveUselessFF,1,FALSE,FALSE,0,9.24
Normal,7629,trace 7099,LeftLinearGrammarFF,0,FALSE,TRUE,0,12.04
Credit Seeking,7629,trace 7100,PDA,0,FALSE,TRUE,0.5,10.40571429
Normal,7629,trace 7102,PDATransitionsFF,0,FALSE,TRUE,0,8.96
Normal,7629,trace 7103,PDAAcceptanceFF,0,FALSE,TRUE,0,7.78
Normal,7629,trace 7104,PDAEmptyStackAcceptanceFF,0,FALSE,FALSE,0,3.366666667
Normal,7629,trace 7106,PDAAcceptanceEquivalenceFF,0,FALSE,FALSE,0,111.61
Normal,7629,trace 7107,PDACFLFF,0,FALSE,FALSE,0.193548387,13.07
Normal,7629,trace 7108,DPDAFF,0,FALSE,FALSE,0,5.35
Normal,7629,trace 7109,GrammarsForDCFLFF,0,FALSE,FALSE,0.214285714,4.630769231
Normal,7629,trace 7111,DPDAFF,1,FALSE,TRUE,0,4.836363636
Normal,7629,trace 7112,TransformGrammarsFF,1,FALSE,FALSE,0,4.960869565
Normal,7629,trace 7113,RemoveLambdaFF,0,FALSE,TRUE,0.208333333,11.83478261
Credit Seeking,7629,trace 7114,RemoveUselessFF,1,FALSE,TRUE,0.41025641,10.66052632
Normal,7629,trace 7115,ChomskyNormalFormFF,0,FALSE,TRUE,0,12.48
Normal,7629,trace 7116,RemoveUnitFF,0,FALSE,TRUE,0.083333333,9.577142857
Normal,7629,trace 7117,GreibachNormalFormFF,0,FALSE,TRUE,0.238095238,6.956097561
Normal,7629,trace 7119,PDAEmptyStackAcceptanceFF,1,FALSE,FALSE,0.076923077,16.484
Normal,7629,trace 7120,NFA2DFAFrames,1,FALSE,FALSE,0,23.525
Normal,7629,trace 7121,PDAEmptyStackAcceptanceFF,1,FALSE,TRUE,0,3.290909091
Credit Seeking,7629,trace 7122,CFLClosurePropertiesFF,0,FALSE,TRUE,0.4,306.6636364
Normal,7629,trace 7123,CFLPumpingLemmaFF,0,FALSE,TRUE,0,4.91
Normal,7629,trace 7124,GrammarsForDCFLFF,1,TRUE,TRUE,0,5.169230769
Normal,7629,trace 7125,NCFLversusDCFLFF,0,FALSE,TRUE,0,2.133333333
Normal,7629,trace 7126,GrammarsForDCFLFF,1,TRUE,FALSE,0,6.55
Normal,7629,trace 7127,RegEXtoLeftRegGrammarFF,1,FALSE,FALSE,0.117647059,13.31875
Normal,7629,trace 7128,RightLinearRGFF,0,FALSE,TRUE,0,3.085714286
Normal,7629,trace 7129,CFLPumpingLemmaExample1FF,0,FALSE,TRUE,0.025,13.85128205
Normal,7629,trace 7130,ContextFreeLanguagesFF,1,FALSE,FALSE,0,13.11
Normal,7629,trace 7131,CFLPumpingLemmaExample4FF,0,FALSE,TRUE,0.245283019,17.58076923
Normal,7629,trace 7132,CFLPumpingLemmaExample3FF,0,FALSE,FALSE,0,85.3875
Normal,7629,trace 7133,CFLPumpingLemmaExample4FF,1,FALSE,FALSE,0,5.05
Normal,7629,trace 7134,TMGeneralModel,0,FALSE,TRUE,0.0625,1521.780952
Normal,7629,trace 7135,PDACFLFF,1,FALSE,TRUE,0.153846154,36.928
Normal,7629,trace 7136,NCFLProofFF,0,FALSE,TRUE,0,10.00909091
Normal,7629,trace 7137,CFLPumpingLemmaExample2FF,0,FALSE,TRUE,0,16.22162162
Normal,7629,trace 7138,CFLPumpingLemmaExample3FF,1,FALSE,TRUE,0,4.589473684
Normal,7629,trace 7139,CFLPumpingLemmaExample5FF,0,FALSE,TRUE,0,7.061111111
Normal,7629,trace 7140,TMInterpreting,0,FALSE,TRUE,0.111111111,10.66153846
Normal,7629,trace 7141,TMDecidableVSAcceptable,0,FALSE,TRUE,0.076923077,6.266666667
Normal,7629,trace 7142,TMComplicatedMachine3,0,FALSE,TRUE,0,22.35652174
Normal,7629,trace 7143,PDAAcceptanceEquivalenceFF,1,FALSE,TRUE,0.055555556,11.12941176
Normal,7629,trace 7144,CFLClosurePropertiesFF,1,TRUE,TRUE,0,8.508333333
Normal,7629,trace 7145,RemoveLambdaFF,1,TRUE,TRUE,0,9.0125
Normal,7629,trace 7146,RemoveUselessFF,1,TRUE,TRUE,0.107142857,9.637037037
Normal,7629,trace 7147,RemoveUnitFF,1,FALSE,FALSE,0.193548387,4.703333333
Normal,7629,trace 7148,ChomskyNormalFormFF,1,TRUE,TRUE,0,6.02
Normal,7629,trace 7149,GreibachNormalFormFF,1,FALSE,FALSE,0.0625,8.34
Normal,7629,trace 7150,CFLPumpingLemmaExample1FF,1,FALSE,FALSE,0,16.01666667
Normal,7629,trace 7151,TMDecidableVSAcceptable,1,FALSE,FALSE,0,7.05
Normal,7629,trace 7152,NFA,1,FALSE,FALSE,0,7.033333333
Normal,7629,trace 7153,TMDecidableVSAcceptable,1,FALSE,FALSE,0,12.82
Normal,7629,trace 7154,PairToSortCONPI,0,FALSE,TRUE,0,47.21333333
Normal,7629,trace 7155,LowerBound,0,TRUE,TRUE,0.25,6.613333333
Normal,7629,trace 7156,TwoMulExample,0,FALSE,TRUE,0,6.642105263
Credit Seeking,7629,trace 7157,TravelSalesman,0,FALSE,TRUE,0.371428571,26.38823529
Normal,7629,trace 7158,UnsolveableProblems1,0,FALSE,TRUE,0,56.24444444
Normal,7629,trace 7159,KClique,0,FALSE,TRUE,0,10.10909091
Normal,7629,trace 7160,SATProof,0,FALSE,TRUE,0,5.133333333
Normal,7666,trace 7165,LanguagesFS,0,FALSE,TRUE,0,13.55789474
Normal,7666,trace 7166,GrammarIntroFS,0,FALSE,TRUE,0.219512195,14.605
Normal,7666,trace 7167,SetDefFS,0,FALSE,TRUE,0,10.31428571
Normal,7666,trace 7168,SetNotationFS,0,FALSE,TRUE,0.074074074,7.546153846
Credit Seeking,7666,trace 7169,RelationsFS,0,FALSE,TRUE,0.333333333,8.71
Credit Seeking,7666,trace 7170,EquivFS,0,FALSE,TRUE,0.529411765,6.6375
Normal,7666,trace 7171,DFAintroFS,0,FALSE,TRUE,0.105263158,23.56666667
Normal,7666,trace 7172,DFAadvancedFS,0,FALSE,TRUE,0,24.37142857
Credit Seeking,7666,trace 7173,NFAFS,0,FALSE,TRUE,0.76,24.19189189
Credit Seeking,7666,trace 7174,NFAequivFS,0,FALSE,TRUE,0.555555556,3.775
Normal,7666,trace 7175,NFA2DFAlargeExFS,0,FALSE,TRUE,0,11.15238095
Normal,7666,trace 7176,DFAMinFS,0,FALSE,TRUE,0.136363636,11.05714286
Normal,7666,trace 7177,DFAMinEx1FS,0,FALSE,TRUE,0,9.841666667
Normal,7666,trace 7178,DFAMinEx2FS,0,FALSE,TRUE,0.033333333,15.45517241
Credit Seeking,7666,trace 7179,RegExFS,0,FALSE,TRUE,0.333333333,14.18636364
Normal,7666,trace 7180,RegEx2NFA1FS,0,FALSE,TRUE,0,6.72
Normal,7666,trace 7181,RegEx2NFAorFS,0,FALSE,TRUE,0,7.022222222
Normal,7666,trace 7182,RegEx2NFAcatFS,0,FALSE,TRUE,0,6.355555556
Normal,7666,trace 7183,RegEx2NFAstarFS,0,FALSE,TRUE,0,4.275
Normal,7666,trace 7184,RegEXtoNFAExampleFF,0,FALSE,TRUE,0.277777778,7.6
Normal,7666,trace 7185,ConvertRLREFF,0,FALSE,TRUE,0,9.835294118
Credit Seeking,7666,trace 7186,RegularGrammarFF,0,FALSE,TRUE,0.710144928,3.988235294
Normal,7666,trace 7187,NFAToREFF,0,FALSE,TRUE,0,8.085714286
Normal,7666,trace 7188,REtoFAExampleFF,0,FALSE,TRUE,0,4.4
Normal,7666,trace 7189,RightLinearRGFF,0,FALSE,TRUE,0,6.015384615
Normal,7666,trace 7190,NFAToReExampleFF,0,FALSE,TRUE,0,4.2
Normal,7666,trace 7191,LeftLinearGrammarFF,0,FALSE,TRUE,0.032258065,5.873333333
Normal,7666,trace 7192,RegEXtoRegGrammarFF,0,FALSE,TRUE,0.037037037,8.430769231
Normal,7666,trace 7193,RegEXtoLeftRegGrammarFF,0,FALSE,TRUE,0.074074074,5.315384615
Normal,7666,trace 7194,STA,0,FALSE,TRUE,0,3.015384615
Normal,7666,trace 7195,introToNonRegularFF,0,FALSE,TRUE,0,8.88
Normal,7666,trace 7196,introToPumpingFF,0,FALSE,TRUE,0,5.275
Normal,7666,trace 7197,PLExample1FF,0,FALSE,TRUE,0.04,8.575510204
Normal,7666,trace 7198,PLExample2FF,0,FALSE,TRUE,0.1,7.351724138
Normal,7666,trace 7199,PLExample3FF,0,FALSE,TRUE,0,8.007142857
Normal,7666,trace 7200,PLExample4FF,0,FALSE,TRUE,0,5.392307692
Normal,7666,trace 7201,PLExample5FF,0,FALSE,TRUE,0.083333333,5.87826087
Normal,7666,trace 7202,PLExample6FF,0,FALSE,TRUE,0,10.35882353
Normal,7666,trace 7203,ClosurePropertiesFF,0,FALSE,TRUE,0.142857143,4.7
Normal,7666,trace 7204,ClosurePropertiesExample1FF,0,FALSE,TRUE,0,16.47272727
Normal,7666,trace 7205,ClosurePropertiesExample2FF,0,FALSE,TRUE,0,10.6
Normal,7666,trace 7206,ClosurePropertiesExample3FF,0,FALSE,TRUE,0,11.68333333
Normal,7666,trace 7207,ContextFreeLanguagesFF,0,FALSE,TRUE,0.1,7.8
Normal,7666,trace 7208,CFGDerivationsFF,0,FALSE,TRUE,0,5.684
Normal,7666,trace 7209,DerivationTreesFF,0,TRUE,TRUE,0,4.152380952
Normal,7666,trace 7210,MembershipProblemFF,0,FALSE,TRUE,0.125,13.00869565
Credit Seeking,7666,trace 7211,AmbiguityFF,0,FALSE,TRUE,0.52173913,5.448888889
Normal,7666,trace 7212,TransformGrammarsFF,0,FALSE,TRUE,0,12.72142857
Credit Seeking,7666,trace 7213,RemoveUselessFF,0,FALSE,TRUE,0.340425532,6.243478261
Normal,7666,trace 7214,RemoveLambdaFF,0,FALSE,TRUE,0,7.344444444
Credit Seeking,7666,trace 7215,RemoveUnitFF,0,FALSE,TRUE,0.306122449,6.629166667
Normal,7666,trace 7216,ChomskyNormalFormFF,0,FALSE,TRUE,0,10.65714286
Normal,7666,trace 7217,GreibachNormalFormFF,0,FALSE,TRUE,0.083333333,7.548571429
Normal,7666,trace 7219,PDA,0,FALSE,TRUE,0.133333333,4.3
Normal,7666,trace 7220,PDATransitionsFF,0,TRUE,TRUE,0,3.852631579
Normal,7666,trace 7221,PDAAcceptanceFF,0,FALSE,TRUE,0.051282051,4.952631579
Normal,7666,trace 7222,PDAEmptyStackAcceptanceFF,0,FALSE,TRUE,0,4.917647059
Normal,7666,trace 7223,PDAAcceptanceEquivalenceFF,0,FALSE,TRUE,0,31.01052632
Normal,7666,trace 7224,PDACFLFF,0,FALSE,TRUE,0.043478261,10.13777778
Normal,7666,trace 7225,TMGeneralModel,0,FALSE,TRUE,0.03125,5.907936508
Normal,7666,trace 7226,TMDecidableVSAcceptable,0,FALSE,TRUE,0.076923077,105.6833333
Credit Seeking,7666,trace 7227,DPDAFF,0,FALSE,TRUE,0.58,3.330612245
Normal,7666,trace 7228,NCFLProofFF,0,FALSE,TRUE,0,2.016666667
Normal,7666,trace 7229,NCFLversusDCFLFF,0,FALSE,TRUE,0,1.82
Normal,7666,trace 7230,GrammarsForDCFLFF,0,FALSE,TRUE,0.055555556,1.658823529
Normal,7666,trace 7231,CFLClosurePropertiesFF,0,FALSE,TRUE,0.194444444,1.748571429
Normal,7666,trace 7232,CFLPumpingLemmaFF,0,FALSE,TRUE,0,1.819047619
Credit Seeking,7666,trace 7233,CFLPumpingLemmaExample1FF,0,FALSE,TRUE,0.35483871,3.019672131
Normal,7666,trace 7234,CFLPumpingLemmaExample2FF,0,FALSE,FALSE,0.027027027,2.669444444
Normal,7666,trace 7235,CFLPumpingLemmaExample3FF,0,FALSE,TRUE,0.0625,2.167741935
Normal,7666,trace 7236,CFLPumpingLemmaExample4FF,0,FALSE,TRUE,0.160714286,2.149090909
Normal,7666,trace 7237,CFLPumpingLemmaExample5FF,0,FALSE,TRUE,0.068181818,2.330232558
Normal,7666,trace 7238,TMInterpreting,0,FALSE,TRUE,0.115384615,2.288
Normal,7666,trace 7239,TMComplicatedMachine3,0,FALSE,TRUE,0.071428571,1.933333333
Normal,7666,trace 7240,PairToSortCONPI,0,FALSE,TRUE,0.157894737,3.622222222
Credit Seeking,7666,trace 7241,LowerBound,0,FALSE,TRUE,0.3125,3.146666667
Normal,7666,trace 7242,TwoMulExample,0,FALSE,TRUE,0.047619048,2.01
Normal,7666,trace 7243,TravelSalesman,0,FALSE,TRUE,0.076923077,3.928
Normal,7666,trace 7244,KClique,0,FALSE,TRUE,0.066666667,2.728571429
Normal,7666,trace 7245,SATProof,0,FALSE,TRUE,0,2.092307692
Normal,7666,trace 7246,NPCCoping,0,FALSE,TRUE,0.210526316,3.011111111
Normal,7666,trace 7247,UnsolveableProblems1,0,FALSE,TRUE,0,2.016666667
Normal,7666,trace 7248,UnsolveableProblems2,0,FALSE,TRUE,0,1.885714286
Normal,7676,trace 7249,LanguagesFS,0,FALSE,TRUE,0.125,37.74893617
Normal,7676,trace 7250,GrammarIntroFS,0,TRUE,TRUE,0.153846154,343.096875
Normal,7676,trace 7251,RegExFS,0,FALSE,FALSE,0.173913043,49.41363636
Credit Seeking,7676,trace 7252,RelationsFS,0,FALSE,TRUE,0.448275862,21.29285714
Normal,7676,trace 7253,EquivFS,0,FALSE,TRUE,0,22.24
Credit Seeking,7676,trace 7254,DFAintroFS,0,FALSE,TRUE,0.647058824,80766.09254
Normal,7676,trace 7255,DFAadvancedFS,0,FALSE,TRUE,0.095238095,8.66
Credit Seeking,7676,trace 7256,RegExFS,1,FALSE,FALSE,0.5,1.04
Normal,7676,trace 7257,SetDefFS,0,FALSE,TRUE,0.111111111,11.4
Normal,7676,trace 7258,SetNotationFS,0,FALSE,TRUE,0,26.2
Credit Seeking,7676,trace 7259,NFAFS,0,FALSE,TRUE,0.296296296,34.77692308
Normal,7676,trace 7260,NFAequivFS,0,FALSE,TRUE,0,0.1
Normal,7676,trace 7261,NFA2DFAlargeExFS,0,FALSE,TRUE,0.05,19.32631579
Normal,7713,trace 7262,LanguagesFS,0,FALSE,TRUE,0.133333333,17.57272727
Normal,7713,trace 7263,GrammarIntroFS,0,FALSE,TRUE,0.066666667,16.14482759
Normal,7713,trace 7264,SetDefFS,0,FALSE,TRUE,0,9.7
Normal,7713,trace 7265,SetNotationFS,0,FALSE,TRUE,0,10.00909091
Credit Seeking,7713,trace 7266,RelationsFS,0,FALSE,TRUE,0.416666667,9.4
Normal,7713,trace 7267,EquivFS,0,FALSE,TRUE,0.111111111,28.9
Normal,7713,trace 7268,DFAintroFS,0,FALSE,TRUE,0.052631579,7.788888889
Normal,7713,trace 7269,DFAadvancedFS,0,FALSE,TRUE,0,7.075
Credit Seeking,7713,trace 7270,NFAFS,0,FALSE,TRUE,0.856060606,4.436641221
Normal,7713,trace 7271,NFAequivFS,0,FALSE,TRUE,0.2,2.3
Normal,7713,trace 7272,NFA2DFAlargeExFS,0,FALSE,TRUE,0.045454545,10.34285714
Credit Seeking,7713,trace 7273,DFAMinFS,0,FALSE,TRUE,0.564102564,4.005263158
Normal,7713,trace 7274,DFAMinEx1FS,0,FALSE,TRUE,0,11.608
Normal,7713,trace 7275,DFAMinEx2FS,0,FALSE,TRUE,0,10.00833333
Credit Seeking,7713,trace 7276,RegExFS,0,FALSE,TRUE,0.410714286,7.894545455
Normal,7713,trace 7277,RegEx2NFA1FS,0,FALSE,TRUE,0,5.22
Normal,7713,trace 7278,RegEx2NFAorFS,0,FALSE,TRUE,0.083333333,4.018181818
Normal,7713,trace 7279,RegEx2NFAcatFS,0,FALSE,TRUE,0,3.92
Normal,7713,trace 7280,RegEx2NFAstarFS,0,FALSE,TRUE,0.083333333,3.836363636
Credit Seeking,7713,trace 7281,RegEXtoNFAExampleFF,0,FALSE,TRUE,0.444444444,3.815384615
Normal,7713,trace 7282,ConvertRLREFF,0,FALSE,TRUE,0,5.011764706
Credit Seeking,7713,trace 7283,RegularGrammarFF,0,FALSE,TRUE,0.603448276,5.336842105
Normal,7713,trace 7284,NFAToREFF,0,FALSE,TRUE,0.052631579,7.122222222
Normal,7713,trace 7285,REtoFAExampleFF,0,FALSE,TRUE,0,5.42
Normal,7713,trace 7286,RightLinearRGFF,0,FALSE,TRUE,0.052631579,4.511111111
Normal,7713,trace 7287,NFAToReExampleFF,0,FALSE,TRUE,0,6.32
Normal,7713,trace 7288,LeftLinearGrammarFF,0,FALSE,TRUE,0,6.696551724
Normal,7713,trace 7289,RegEXtoRegGrammarFF,0,FALSE,TRUE,0,8.92173913
Normal,7713,trace 7290,RegEXtoLeftRegGrammarFF,0,FALSE,TRUE,0,6.55
Normal,7713,trace 7291,STA,0,FALSE,TRUE,0,3.911111111
Normal,7713,trace 7292,ClosureConceptFF,0,FALSE,TRUE,0,3.82
Normal,7713,trace 7293,ClosureRegularLangFF,0,FALSE,TRUE,0.115384615,3.728
Credit Seeking,7713,trace 7294,RegularLangClosedInterFF,0,FALSE,TRUE,0.389830508,3.106896552
Credit Seeking,7713,trace 7295,ContextFreeLanguagesFF,0,FALSE,TRUE,0.85492228,4.422916667
Normal,7713,trace 7296,CFGDerivationsFF,0,FALSE,TRUE,0.053571429,5.585454545
Normal,7713,trace 7297,DerivationTreesFF,0,FALSE,TRUE,0,47.88
Normal,7713,trace 7298,MembershipProblemFF,0,FALSE,TRUE,0.103448276,6.757142857
Normal,7713,trace 7299,AmbiguityFF,0,FALSE,TRUE,0.25,4.458064516
Normal,7713,trace 7300,PDA,0,FALSE,TRUE,0,4.516666667
Normal,7713,trace 7301,PDATransitionsFF,0,FALSE,TRUE,0,7.423529412
Normal,7713,trace 7302,PDAAcceptanceFF,0,FALSE,TRUE,0,6.545945946
Normal,7713,trace 7303,PDAEmptyStackAcceptanceFF,0,FALSE,TRUE,0,6.152941176
Normal,7713,trace 7304,PDAAcceptanceEquivalenceFF,0,FALSE,FALSE,0,5.05
Normal,7713,trace 7305,TransformGrammarsFF,0,FALSE,TRUE,0,20.35172414
Normal,7713,trace 7306,RemoveUselessFF,0,FALSE,TRUE,0.125,8.683870968
Normal,7713,trace 7307,RemoveLambdaFF,0,FALSE,TRUE,0,11.5125
Normal,7713,trace 7308,RemoveUnitFF,0,FALSE,TRUE,0.119047619,27.39512195
Normal,7713,trace 7309,ChomskyNormalFormFF,0,FALSE,TRUE,0,12.22857143
Normal,7713,trace 7310,GreibachNormalFormFF,0,FALSE,TRUE,0.114285714,30.65294118
Normal,7713,trace 7311,PairToSortCONPI,0,FALSE,TRUE,0,45.85
Normal,7713,trace 7312,LowerBound,0,FALSE,FALSE,0,59.22
Normal,7713,trace 7313,TwoMulExample,0,FALSE,TRUE,0,32.4
Normal,7713,trace 7314,TravelSalesman,0,FALSE,TRUE,0,35.7
Normal,7713,trace 7315,KClique,0,FALSE,TRUE,0,26.22
Normal,7713,trace 7316,SATProof,0,FALSE,FALSE,0,4.02
Normal,7713,trace 7317,UnsolveableProblems1,0,FALSE,TRUE,0,23.8
Normal,7713,trace 7318,UnsolveableProblems2,0,FALSE,FALSE,0,63.36666667
Normal,7723,trace 7319,RegularGrammarFF,0,FALSE,TRUE,0.275862069,25.07857143
Normal,7723,trace 7320,NFAToREFF,0,FALSE,TRUE,0,64.54666667
Normal,7723,trace 7321,REtoFAExampleFF,0,FALSE,TRUE,0,28.775
Normal,7723,trace 7322,RightLinearRGFF,0,FALSE,TRUE,0.111111111,46.42352941
Normal,7723,trace 7323,NFAToReExampleFF,0,FALSE,TRUE,0.076923077,12.51666667
Normal,7723,trace 7324,LeftLinearGrammarFF,0,FALSE,FALSE,0.076923077,100.7583333
Normal,7723,trace 7325,STA,0,FALSE,TRUE,0,54.12
Normal,7723,trace 7326,ClosureConceptFF,0,FALSE,TRUE,0.222222222,7.482352941
Normal,7723,trace 7327,ClosureRegularLangFF,0,FALSE,TRUE,0.055555556,188.6
Normal,7723,trace 7328,RegularLangClosedInterFF,0,FALSE,TRUE,0.0625,43.58709677
Normal,7723,trace 7329,RightQuotientFF,0,TRUE,TRUE,0,97.23225806
Normal,7723,trace 7330,HomomorphismFF,0,FALSE,TRUE,0,52.57777778
Normal,7723,trace 7331,introToNonRegularFF,0,FALSE,TRUE,0,29.94666667
Normal,7723,trace 7332,introToPumpingFF,0,FALSE,TRUE,0,281.525
Normal,7723,trace 7333,PLExample1FF,0,FALSE,FALSE,0.037037037,6393.157692
Normal,7723,trace 7334,LanguagesFS,0,FALSE,TRUE,0.025,54.49230769
Normal,7723,trace 7335,GrammarIntroFS,0,FALSE,TRUE,0.135135135,68.72777778
Normal,7723,trace 7336,SetDefFS,0,FALSE,TRUE,0,1139.028571
Normal,7723,trace 7337,SetNotationFS,0,FALSE,TRUE,0.222222222,17.09142857
Normal,7723,trace 7338,LanguagesFS,1,FALSE,FALSE,0,233.05
Credit Seeking,7723,trace 7339,RelationsFS,0,FALSE,TRUE,0.37037037,19.81538462
Credit Seeking,7723,trace 7340,DFAintroFS,0,FALSE,TRUE,0.62745098,37.204
Normal,7723,trace 7341,DFAadvancedFS,0,FALSE,TRUE,0.125,14.34666667
Credit Seeking,7723,trace 7342,NFAFS,0,FALSE,FALSE,0.829059829,8.260344828
Normal,7723,trace 7343,NFAequivFS,0,FALSE,TRUE,0,0.1
Normal,7723,trace 7344,NFA2DFAlargeExFS,0,FALSE,FALSE,0.230769231,26.09166667
Normal,7723,trace 7345,DFAMinFS,0,FALSE,FALSE,0.272727273,27.01
Normal,7724,trace 7346,LanguagesFS,0,FALSE,TRUE,0.071428571,18.49268293
Normal,7724,trace 7347,GrammarIntroFS,0,FALSE,TRUE,0.214285714,19.63902439
Credit Seeking,7724,trace 7348,SetDefFS,0,FALSE,TRUE,0.307692308,6.016666667
Normal,7724,trace 7349,SetNotationFS,0,FALSE,TRUE,0.176470588,42.64242424
Normal,7724,trace 7350,RelationsFS,0,FALSE,TRUE,0.24,5.258333333
Normal,7724,trace 7351,EquivFS,0,FALSE,TRUE,0.181818182,3.82
Normal,7724,trace 7352,LanguagesFS,1,FALSE,FALSE,0,40715.275
Normal,7724,trace 7353,DFAintroFS,0,FALSE,TRUE,0,14.91428571
Normal,7724,trace 7354,DFAadvancedFS,0,FALSE,TRUE,0.117647059,9.2625
Normal,7724,trace 7355,NFAFS,0,FALSE,FALSE,0,0.55
Normal,7724,trace 7356,DFAMinFS,0,FALSE,FALSE,0,20381.7
Normal,7724,trace 7357,DFAintroFS,1,TRUE,TRUE,0,5.02
Credit Seeking,7724,trace 7358,DFAadvancedFS,1,TRUE,TRUE,0.333333333,16.81538462
Credit Seeking,7724,trace 7359,NFAFS,1,FALSE,FALSE,0.696969697,36.34153846
Normal,7724,trace 7360,NFAequivFS,0,FALSE,TRUE,0,1.066666667
Normal,7724,trace 7361,DFAMinFS,1,FALSE,TRUE,0.045454545,40.86666667
Normal,7724,trace 7362,DFAMinEx1FS,0,FALSE,TRUE,0.095238095,4.809756098
Normal,7724,trace 7363,DFAMinEx2FS,0,FALSE,FALSE,0.038461538,3.884
Normal,7724,trace 7364,NFAequivFS,1,TRUE,TRUE,0,0.4
Normal,7724,trace 7365,NFAFS,1,FALSE,TRUE,0,2.733333333
Normal,7724,trace 7366,NFA2DFAlargeExFS,0,FALSE,TRUE,0.185185185,9.507692308
Normal,7724,trace 7367,DFAadvancedFS,1,TRUE,FALSE,0,185.275
Normal,7724,trace 7368,DFAMinFS,1,TRUE,TRUE,0,16.37142857
Normal,7724,trace 7369,DFAMinEx1FS,1,TRUE,TRUE,0.03030303,11.63125
Normal,7724,trace 7370,DFAMinEx2FS,1,FALSE,TRUE,0.027777778,13.34857143
Credit Seeking,7724,trace 7371,RegExFS,0,FALSE,FALSE,0.834782609,10.01052632
Normal,7724,trace 7372,RegEx2NFA1FS,0,FALSE,TRUE,0,3.35
Normal,7724,trace 7373,RegEx2NFAorFS,0,FALSE,FALSE,0,2.025
Normal,7724,trace 7374,RegExFS,1,FALSE,FALSE,0,0.1
Normal,7724,trace 7375,RegEx2NFAorFS,1,FALSE,TRUE,0,3.866666667
Normal,7724,trace 7377,ConvertRLREFF,0,FALSE,FALSE,0,162.3666667
Credit Seeking,7724,trace 7378,RegularGrammarFF,0,FALSE,FALSE,0.516129032,4.97
Normal,7724,trace 7379,RegEx2NFAcatFS,0,FALSE,TRUE,0,6.72
Normal,7724,trace 7380,RegEx2NFAstarFS,0,FALSE,TRUE,0,5.742857143
Normal,7724,trace 7381,RegEXtoNFAExampleFF,0,FALSE,TRUE,0.25,11.08
Normal,7724,trace 7382,ConvertRLREFF,1,FALSE,TRUE,0,4.788888889
Normal,7724,trace 7383,DFAMinEx1FS,1,TRUE,FALSE,0,5.7
Normal,7724,trace 7384,RegularGrammarFF,1,FALSE,TRUE,0.166666667,7.530434783
Normal,7724,trace 7385,NFAToREFF,0,FALSE,TRUE,0,8.566666667
Normal,7724,trace 7386,REtoFAExampleFF,0,FALSE,TRUE,0.090909091,6.12
Normal,7724,trace 7387,RightLinearRGFF,0,FALSE,TRUE,0,8.157142857
Normal,7724,trace 7388,NFAToReExampleFF,0,FALSE,TRUE,0,5.516666667
Normal,7724,trace 7389,LeftLinearGrammarFF,0,FALSE,FALSE,0,6.14
Normal,7724,trace 7391,ClosureConceptFF,0,FALSE,TRUE,0,3.654545455
Normal,7724,trace 7392,ClosureRegularLangFF,0,FALSE,TRUE,0.086956522,4.418181818
Normal,7724,trace 7393,RegularLangClosedInterFF,0,FALSE,FALSE,0.25,1.7
Normal,7724,trace 7394,introToNonRegularFF,0,FALSE,TRUE,0,4.871428571
Normal,7724,trace 7395,introToPumpingFF,0,FALSE,TRUE,0.153846154,4.6
Normal,7724,trace 7396,PLExample1FF,0,FALSE,FALSE,0.038461538,6.604
Credit Seeking,7724,trace 7397,ClosurePropertiesFF,0,FALSE,TRUE,0.3,3.911111111
Normal,7724,trace 7399,HomomorphismFF,0,FALSE,TRUE,0.066666667,4.942857143
Normal,7724,trace 7400,ClosurePropertiesExample1FF,0,FALSE,TRUE,0,6.911111111
Normal,7724,trace 7401,ClosurePropertiesExample2FF,0,FALSE,TRUE,0,7.15
Normal,7724,trace 7402,ClosurePropertiesExample3FF,0,FALSE,TRUE,0,4.577777778
Normal,7724,trace 7403,ClosurePropertiesExample1FF,1,FALSE,FALSE,0.2,11.525
Normal,7724,trace 7404,PLExample2FF,0,FALSE,FALSE,0.071428571,4.776923077
Normal,7724,trace 7405,PLExample4FF,0,FALSE,FALSE,0.071428571,69.52222222
Normal,7724,trace 7406,PLExample5FF,0,FALSE,FALSE,0.125,2.442857143
Normal,7724,trace 7407,PLExample4FF,1,FALSE,TRUE,0.1875,1.68
Normal,7724,trace 7408,PLExample5FF,1,FALSE,FALSE,0,4.2625
Normal,7724,trace 7409,introToNonRegularFF,1,TRUE,TRUE,0,4.92
Normal,7724,trace 7411,PLExample5FF,1,FALSE,TRUE,0,49.00909091
Normal,7724,trace 7412,PLExample2FF,1,FALSE,FALSE,0,3.683333333
Normal,7724,trace 7413,PLExample3FF,0,FALSE,TRUE,0.051282051,6.765789474
Normal,7724,trace 7414,PLExample4FF,1,TRUE,TRUE,0,2.85
Normal,7724,trace 7415,ClosurePropertiesExample1FF,1,FALSE,FALSE,0,6.014285714
Normal,7724,trace 7416,RegExFS,1,FALSE,FALSE,0.125,231.7285714
Normal,7724,trace 7417,RightLinearRGFF,1,FALSE,FALSE,0,3.775
Credit Seeking,7724,trace 7418,RegEXtoRegGrammarFF,0,FALSE,FALSE,0.857142857,2.90483871
Normal,7724,trace 7419,RegEXtoLeftRegGrammarFF,0,FALSE,TRUE,0.279069767,21.40952381
Normal,7724,trace 7420,ClosurePropertiesExample1FF,1,FALSE,FALSE,0,18.05
Normal,7724,trace 7421,STA,0,FALSE,TRUE,0,2.290909091
Credit Seeking,7724,trace 7422,ContextFreeLanguagesFF,0,FALSE,FALSE,0.892857143,23.56296296
Credit Seeking,7724,trace 7423,CFGDerivationsFF,0,FALSE,FALSE,0.358974359,2404.95
Normal,7724,trace 7425,AmbiguityFF,0,FALSE,TRUE,0.076923077,5.248
Credit Seeking,7724,trace 7426,ContextFreeLanguagesFF,1,FALSE,FALSE,0.578947368,15.89444444
Credit Seeking,7724,trace 7427,SetNotationFS,1,FALSE,FALSE,0.65,12.32631579
Normal,7724,trace 7428,RelationsFS,1,FALSE,FALSE,0,4.05
Normal,7724,trace 7429,DFAintroFS,1,TRUE,FALSE,0.142857143,25.08461538
Credit Seeking,7724,trace 7430,NFAequivFS,1,TRUE,TRUE,0.333333333,0.84
Normal,7724,trace 7431,NFA2DFAlargeExFS,1,FALSE,FALSE,0.210526316,8.783333333
Normal,7724,trace 7432,SetNotationFS,1,FALSE,FALSE,0,0.55
Normal,7724,trace 7433,LanguagesFS,1,FALSE,FALSE,0,4.05
Normal,7724,trace 7434,DFAMinFS,1,TRUE,TRUE,0.1,6.063157895
Normal,7724,trace 7435,DFAMinEx1FS,1,TRUE,FALSE,0,9.372727273
Normal,7724,trace 7436,DFAMinEx2FS,1,FALSE,FALSE,0,19.46923077
Credit Seeking,7724,trace 7438,RegExFS,1,FALSE,FALSE,0.666666667,5.827272727
Normal,7724,trace 7439,RegEx2NFA1FS,1,FALSE,FALSE,0,3.3
Credit Seeking,7724,trace 7440,RegEXtoNFAExampleFF,1,FALSE,FALSE,0.545454545,10.11
Normal,7724,trace 7441,NFAToREFF,1,TRUE,TRUE,0,14.02857143
Normal,7724,trace 7442,RightLinearRGFF,1,FALSE,FALSE,0,4.366666667
Normal,7724,trace 7443,RegEXtoRegGrammarFF,1,FALSE,TRUE,0.090909091,14.86666667
Normal,7724,trace 7444,PLExample1FF,1,FALSE,FALSE,0,3.025
Normal,7724,trace 7445,PLExample2FF,1,FALSE,TRUE,0.090909091,8.32
Normal,7724,trace 7446,PLExample5FF,1,FALSE,FALSE,0.125,17.72857143
Normal,7724,trace 7447,PLExample6FF,0,FALSE,FALSE,0.052631579,4.672222222
Normal,7724,trace 7448,ContextFreeLanguagesFF,1,FALSE,TRUE,0.16,16.46666667
Normal,7724,trace 7449,CFGDerivationsFF,1,FALSE,TRUE,0.244444444,3.754545455
Normal,7724,trace 7450,DerivationTreesFF,0,TRUE,TRUE,0,6.613333333
Normal,7724,trace 7451,MembershipProblemFF,0,FALSE,FALSE,0,4.775
Normal,7724,trace 7452,LanguagesFS,1,FALSE,FALSE,0,120.3666667
Normal,7724,trace 7453,SetNotationFS,1,TRUE,TRUE,0,7.066666667
Credit Seeking,7724,trace 7455,NFAequivFS,1,TRUE,TRUE,0.428571429,1.866666667
Normal,7724,trace 7456,NFA2DFAlargeExFS,1,FALSE,FALSE,0,35.50555556
Credit Seeking,7724,trace 7457,DFAMinEx1FS,1,TRUE,FALSE,0.5,10.15714286
Credit Seeking,7724,trace 7458,RegExFS,1,FALSE,FALSE,0.4,73.3
Credit Seeking,7724,trace 7461,RegularGrammarFF,1,FALSE,FALSE,0.384615385,7.404
Normal,7724,trace 7462,NFAToREFF,1,TRUE,FALSE,0.125,14.3
Normal,7724,trace 7464,PLExample2FF,1,FALSE,FALSE,0,4.42
Normal,7724,trace 7465,PLExample3FF,1,FALSE,FALSE,0,5.366666667
Normal,7724,trace 7466,PLExample4FF,1,TRUE,FALSE,0,1.55
Normal,7724,trace 7467,PLExample6FF,1,FALSE,TRUE,0,13.8875
Normal,7724,trace 7468,ClosurePropertiesExample1FF,1,TRUE,TRUE,0,2.911111111
Normal,7724,trace 7469,ClosurePropertiesFF,1,TRUE,TRUE,0.166666667,7.64
Normal,7724,trace 7470,NFAequivFS,1,TRUE,TRUE,0.2,0.8
Normal,7724,trace 7471,RegExFS,1,FALSE,TRUE,0,1.4
Normal,7724,trace 7472,RegularGrammarFF,1,TRUE,TRUE,0.222222222,4.775
Normal,7724,trace 7473,ClosureRegularLangFF,1,FALSE,FALSE,0,6.55
Normal,7724,trace 7475,TransformGrammarsFF,0,FALSE,TRUE,0,5.106666667
Normal,7724,trace 7476,RightLinearRGFF,1,FALSE,FALSE,0,3.7
Normal,7724,trace 7477,LeftLinearGrammarFF,1,FALSE,TRUE,0,7.078571429
Credit Seeking,7724,trace 7478,PDA,0,FALSE,FALSE,0.333333333,136.1294118
Normal,7724,trace 7479,PDATransitionsFF,0,FALSE,FALSE,0,7.233333333
Normal,7724,trace 7480,PDACFLFF,0,FALSE,FALSE,0.133333333,6.935714286
Normal,7724,trace 7481,PDA,1,FALSE,TRUE,0,18.1
Normal,7724,trace 7482,PDATransitionsFF,1,FALSE,TRUE,0.045454545,7.057142857
Normal,7724,trace 7483,PDAAcceptanceFF,0,FALSE,TRUE,0.063829787,5.917391304
Normal,7724,trace 7484,PDACFLFF,1,FALSE,TRUE,0.222222222,9.754545455
Credit Seeking,7724,trace 7485,GreibachNormalFormFF,0,FALSE,FALSE,0.347826087,5.054545455
Normal,7724,trace 7486,ChomskyNormalFormFF,0,FALSE,FALSE,0,3.025
Normal,7724,trace 7487,RemoveUselessFF,0,FALSE,TRUE,0.222222222,34.43636364
Normal,7724,trace 7488,RemoveLambdaFF,0,FALSE,FALSE,0.19047619,54.26
Normal,7724,trace 7489,ChomskyNormalFormFF,1,FALSE,TRUE,0.133333333,13.3
Normal,7724,trace 7490,GreibachNormalFormFF,1,FALSE,FALSE,0.2,2.525
Normal,7724,trace 7491,RemoveUnitFF,0,FALSE,FALSE,0.142857143,6.51
Normal,7724,trace 7492,RemoveLambdaFF,1,TRUE,TRUE,0.206896552,27.65
Normal,7724,trace 7493,RemoveUnitFF,1,FALSE,FALSE,0.25,2.4
Normal,7724,trace 7494,RemoveLambdaFF,1,TRUE,TRUE,0,13.44
Normal,7724,trace 7495,ChomskyNormalFormFF,1,FALSE,FALSE,0,146.7
Normal,7724,trace 7497,GreibachNormalFormFF,1,FALSE,TRUE,0.206896552,1183.212281
Normal,7724,trace 7498,PDAEmptyStackAcceptanceFF,0,FALSE,FALSE,0.157894737,4.327027027
Normal,7724,trace 7499,PDAAcceptanceEquivalenceFF,0,FALSE,TRUE,0,154.8033333
Normal,7724,trace 7500,RegEXtoLeftRegGrammarFF,1,FALSE,FALSE,0,2.7
Normal,7724,trace 7501,DPDAFF,0,FALSE,FALSE,0.111111111,4.0125
Normal,7724,trace 7502,PDAAcceptanceEquivalenceFF,1,FALSE,FALSE,0,2566.7
Normal,7724,trace 7503,CFLClosurePropertiesFF,0,FALSE,TRUE,0.038461538,43.488
Normal,7724,trace 7504,RemoveUselessFF,1,FALSE,FALSE,0,48.025
Normal,7724,trace 7505,RemoveUnitFF,1,FALSE,TRUE,0.208333333,11.05217391
Normal,7724,trace 7506,RemoveLambdaFF,1,TRUE,FALSE,0,20.1
Normal,7724,trace 7507,RemoveUnitFF,1,FALSE,FALSE,0,25.68333333
Normal,7724,trace 7510,TransformGrammarsFF,1,FALSE,FALSE,0,5.525
Normal,7724,trace 7513,GrammarsForDCFLFF,0,FALSE,TRUE,0.066666667,5.014285714
Normal,7724,trace 7514,DPDAFF,1,FALSE,FALSE,0,0.1
Credit Seeking,7724,trace 7515,MembershipProblemFF,1,FALSE,FALSE,0.666666667,8.4
Normal,7724,trace 7516,CFLPumpingLemmaFF,0,FALSE,TRUE,0,655.1222222
Normal,7724,trace 7517,CFLPumpingLemmaExample1FF,0,FALSE,TRUE,0.027027027,2047.116667
Normal,7724,trace 7518,CFLPumpingLemmaExample2FF,0,FALSE,FALSE,0.03125,10.84193548
Normal,7724,trace 7519,CFLPumpingLemmaExample3FF,0,FALSE,TRUE,0.034482759,4.221428571
Normal,7724,trace 7520,CFLPumpingLemmaExample4FF,0,FALSE,TRUE,0,4.671428571
Normal,7724,trace 7521,CFLPumpingLemmaExample5FF,0,FALSE,TRUE,0.104166667,2.642553191
Normal,7724,trace 7522,PLExample1FF,1,FALSE,TRUE,0.074074074,1.892307692
Normal,7724,trace 7523,CFLPumpingLemmaFF,1,FALSE,FALSE,0,3.42
Normal,7724,trace 7524,MembershipProblemFF,1,FALSE,FALSE,0,0.1
Normal,7724,trace 7525,TMGeneralModel,0,FALSE,FALSE,0.083333333,4.381818182
Normal,7724,trace 7526,MembershipProblemFF,1,FALSE,TRUE,0.111111111,2.129411765
Normal,7724,trace 7527,CFLPumpingLemmaExample1FF,1,FALSE,FALSE,0,18.7
Normal,7724,trace 7528,PDA,1,FALSE,FALSE,0,15.22
Normal,7724,trace 7529,PDATransitionsFF,1,TRUE,TRUE,0,8.00952381
Normal,7724,trace 7530,PDAAcceptanceFF,1,TRUE,TRUE,0.156862745,5.644
Normal,7724,trace 7531,PDAEmptyStackAcceptanceFF,1,FALSE,TRUE,0,4.753571429
Normal,7724,trace 7533,PDACFLFF,1,FALSE,FALSE,0.058823529,21.31875
Normal,7724,trace 7534,NCFLProofFF,0,FALSE,FALSE,0,1.55
Normal,7724,trace 7535,NCFLversusDCFLFF,0,FALSE,FALSE,0,1.82
Normal,7724,trace 7536,DPDAFF,1,FALSE,TRUE,0,8.168421053
Normal,7724,trace 7537,NCFLProofFF,1,FALSE,FALSE,0,10.7
Normal,7724,trace 7538,CFLClosurePropertiesFF,1,FALSE,FALSE,0,14.305
Normal,7724,trace 7539,MembershipProblemFF,1,FALSE,FALSE,0,3.55
Normal,7724,trace 7540,ContextFreeLanguagesFF,1,FALSE,FALSE,0.142857143,3.35
Credit Seeking,7724,trace 7541,NCFLversusDCFLFF,1,FALSE,TRUE,0.5,1.133333333
Normal,7724,trace 7542,NCFLProofFF,1,FALSE,TRUE,0,1.44
Normal,7724,trace 7543,GrammarsForDCFLFF,1,FALSE,FALSE,0,11.22
Normal,7724,trace 7544,NFAequivFS,1,TRUE,TRUE,0.2,0.8
Credit Seeking,7724,trace 7545,RegularLangClosedInterFF,1,FALSE,TRUE,0.355932203,1.589655172
Normal,7724,trace 7546,RightQuotientFF,0,TRUE,TRUE,0.122807018,4.075
Normal,7724,trace 7547,TransformGrammarsFF,1,FALSE,FALSE,0,9.025
Normal,7724,trace 7549,PDACFLFF,1,FALSE,FALSE,0.1,165.0052632
Normal,7724,trace 7551,CFLPumpingLemmaExample3FF,1,FALSE,FALSE,0,1.05
Normal,7724,trace 7553,CFLClosurePropertiesFF,1,TRUE,TRUE,0,0.1
Normal,7724,trace 7555,TMGeneralModel,1,FALSE,FALSE,0,16745.72857
Normal,7724,trace 7557,TMGeneralModel,1,FALSE,FALSE,0.2,77.86428571
Normal,7724,trace 7558,TMInterpreting,0,FALSE,FALSE,0.2,3.525
Normal,7724,trace 7559,TMGeneralModel,1,FALSE,FALSE,0.1875,4.08
Normal,7724,trace 7560,TMInterpreting,1,FALSE,FALSE,0,0.1
Normal,7724,trace 7561,TMGeneralModel,1,FALSE,TRUE,0.08,8.657142857
Normal,7724,trace 7562,TMInterpreting,1,FALSE,TRUE,0.08,4.716666667
Normal,7724,trace 7563,TMDecidableVSAcceptable,0,FALSE,FALSE,0,1.05
Normal,7724,trace 7565,TMDecidableVSAcceptable,1,FALSE,TRUE,0.1875,1.88
Normal,7724,trace 7566,TMComplicatedMachine3,0,FALSE,TRUE,0.033333333,169.4517241
Credit Seeking,7724,trace 7567,PairToSortCONPI,0,FALSE,TRUE,0.344827586,6.507142857
Normal,7724,trace 7568,LowerBound,0,FALSE,FALSE,0,0.183333333
Normal,7724,trace 7569,TwoMulExample,0,FALSE,TRUE,0,5.455555556
Normal,7724,trace 7570,TravelSalesman,0,FALSE,TRUE,0.043478261,8.372727273
Normal,7724,trace 7571,KClique,0,FALSE,TRUE,0.066666667,2.728571429
Normal,7724,trace 7572,SATProof,0,FALSE,TRUE,0,2.266666667
Normal,7724,trace 7573,NPCCoping,0,FALSE,TRUE,0.133333333,2.442857143
Normal,7724,trace 7574,UnsolveableProblems1,0,FALSE,TRUE,0,2.32
Normal,7724,trace 7575,UnsolveableProblems2,0,FALSE,TRUE,0,3.8
Normal,7724,trace 7576,TMDecidableVSAcceptable,1,FALSE,FALSE,0,8.22
Normal,7724,trace 7578,TwoMulExample,1,FALSE,FALSE,0,3.033333333
Normal,7724,trace 7579,KClique,1,FALSE,FALSE,0,0.55
Credit Seeking,7724,trace 7581,NFAequivFS,1,TRUE,TRUE,0.3,2.911111111
Normal,7753,trace 7582,ContextFreeLanguagesFF,0,FALSE,TRUE,0.238095238,12.93170732
Normal,7753,trace 7583,CFGDerivationsFF,0,FALSE,TRUE,0.018518519,8.909433962
Normal,7753,trace 7584,DerivationTreesFF,0,TRUE,TRUE,0,4.819047619
Normal,7753,trace 7585,MembershipProblemFF,0,FALSE,TRUE,0,12.24761905
Normal,7753,trace 7586,AmbiguityFF,0,FALSE,TRUE,0.225806452,7.573333333
Credit Seeking,7753,trace 7587,RemoveUnitFF,0,FALSE,FALSE,0.384615385,28.18333333
Normal,7753,trace 7588,TransformGrammarsFF,0,FALSE,FALSE,0.111111111,4.7625
Normal,7753,trace 7589,ChomskyNormalFormFF,0,FALSE,TRUE,0,10.63076923
Normal,7753,trace 7590,LeftLinearGrammarFF,0,FALSE,TRUE,0,16.17333333
Credit Seeking,7753,trace 7591,PDA,0,FALSE,TRUE,0.5625,32.58709677
Normal,7753,trace 7592,PDATransitionsFF,0,TRUE,TRUE,0,21.04615385
Normal,7753,trace 7593,PDAAcceptanceFF,0,FALSE,TRUE,0.022222222,19.91363636
Normal,7753,trace 7594,PDAEmptyStackAcceptanceFF,0,FALSE,TRUE,0.025,6.646153846
Normal,7753,trace 7595,PDAAcceptanceEquivalenceFF,0,FALSE,FALSE,0.277777778,4.364705882
Credit Seeking,7753,trace 7596,PDACFLFF,0,FALSE,FALSE,0.413333333,8.854054054
Normal,7753,trace 7597,TMDecidableVSAcceptable,0,FALSE,TRUE,0,4.35
Normal,7753,trace 7598,TMInterpreting,0,FALSE,TRUE,0.228571429,24.74117647
Credit Seeking,7753,trace 7599,TMGeneralModel,0,FALSE,TRUE,0.343434343,9.869387755
Normal,7753,trace 7600,PairToSortCONPI,0,FALSE,TRUE,0.166666667,16.07058824
Credit Seeking,7753,trace 7601,LowerBound,0,TRUE,TRUE,0.388888889,9.6
Normal,7753,trace 7602,TwoMulExample,0,FALSE,TRUE,0,11.54117647
Normal,7753,trace 7603,TravelSalesman,0,FALSE,TRUE,0.045454545,26.58095238
Normal,7753,trace 7604,KClique,0,FALSE,TRUE,0.153846154,12.68333333
Normal,7753,trace 7605,SATProof,0,FALSE,TRUE,0.142857143,16.32307692
Normal,7753,trace 7606,TransformGrammarsFF,1,FALSE,TRUE,0,5.007407407
Credit Seeking,7753,trace 7607,RemoveUnitFF,1,FALSE,FALSE,0.666666667,1.15
Normal,7753,trace 7608,PDAAcceptanceEquivalenceFF,1,FALSE,TRUE,0,2.02
Credit Seeking,7756,trace 7609,LanguagesFS,0,FALSE,TRUE,0.435897436,20.4961039
Credit Seeking,7756,trace 7610,GrammarIntroFS,0,FALSE,TRUE,0.595744681,14.88387097
Normal,7756,trace 7611,SetDefFS,0,FALSE,TRUE,0,5.355555556
Normal,7756,trace 7612,SetNotationFS,0,FALSE,TRUE,0.142857143,48.8
Credit Seeking,7756,trace 7613,RelationsFS,0,FALSE,FALSE,0.285714286,326.1833333
Normal,7756,trace 7614,LanguagesFS,1,TRUE,TRUE,0,67.2
Normal,7756,trace 7615,SetNotationFS,1,FALSE,FALSE,0,19.3875
Normal,7756,trace 7616,RelationsFS,1,FALSE,TRUE,0.266666667,8.3
Credit Seeking,7756,trace 7617,EquivFS,0,FALSE,TRUE,0.466666667,14.8
Credit Seeking,7756,trace 7618,DFAintroFS,0,FALSE,TRUE,0.90430622,10.5875
Normal,7756,trace 7619,DFAadvancedFS,0,FALSE,TRUE,0.058823529,29.2625
Normal,7756,trace 7620,NFAFS,0,FALSE,TRUE,0,19.48235294
Normal,7756,trace 7621,NFAequivFS,0,FALSE,TRUE,0,3.4
Normal,7756,trace 7622,NFA2DFAlargeExFS,0,FALSE,TRUE,0.222222222,12.39230769
Normal,7756,trace 7623,NFAequivFS,1,TRUE,TRUE,0,0.1
Normal,7756,trace 7624,DFAMinFS,0,FALSE,TRUE,0.047619048,9.66
Normal,7756,trace 7625,DFAMinEx1FS,0,FALSE,TRUE,0.09375,4.780645161
Normal,7756,trace 7626,DFAMinEx2FS,0,FALSE,TRUE,0.083333333,8.948571429
Credit Seeking,7756,trace 7627,RegExFS,0,FALSE,TRUE,0.847533632,27.24414414
Normal,7756,trace 7628,RegEx2NFA1FS,0,FALSE,TRUE,0,4.290909091
Normal,7756,trace 7629,RegEx2NFAorFS,0,FALSE,TRUE,0,4.133333333
Normal,7756,trace 7630,RegEx2NFAcatFS,0,FALSE,TRUE,0.071428571,5.630769231
Normal,7756,trace 7631,RegEx2NFAstarFS,0,FALSE,TRUE,0.076923077,4.516666667
Credit Seeking,7756,trace 7632,RegEXtoNFAExampleFF,0,FALSE,TRUE,0.304347826,5.327272727
Normal,7756,trace 7633,ConvertRLREFF,0,FALSE,TRUE,0,6.71
Credit Seeking,7756,trace 7634,RegularGrammarFF,0,FALSE,TRUE,0.734042553,8.195698925
Normal,7756,trace 7635,NFAToREFF,0,FALSE,TRUE,0.185185185,9.853846154
Normal,7756,trace 7636,REtoFAExampleFF,0,FALSE,TRUE,0,6.62
Normal,7756,trace 7637,RightLinearRGFF,0,FALSE,TRUE,0,6.68
Normal,7756,trace 7638,NFAToReExampleFF,0,FALSE,TRUE,0.066666667,9.657142857
Normal,7756,trace 7639,LeftLinearGrammarFF,0,FALSE,TRUE,0.069767442,101.6952381
Credit Seeking,7756,trace 7640,RegEXtoRegGrammarFF,0,FALSE,TRUE,0.375,10.91272727
Normal,7756,trace 7641,RegEXtoLeftRegGrammarFF,0,FALSE,TRUE,0.28,5.330612245
Normal,7756,trace 7642,introToNonRegularFF,0,FALSE,TRUE,0,4.305882353
Normal,7756,trace 7643,introToPumpingFF,0,FALSE,TRUE,0.153846154,7.183333333
Normal,7756,trace 7644,PLExample1FF,0,FALSE,TRUE,0.163934426,23.40333333
Normal,7756,trace 7645,PLExample2FF,0,FALSE,TRUE,0.205128205,10.84736842
Normal,7756,trace 7646,PLExample3FF,0,FALSE,TRUE,0,7.144827586
Normal,7756,trace 7647,PLExample4FF,0,FALSE,TRUE,0,5.046153846
Normal,7756,trace 7648,PLExample5FF,0,FALSE,TRUE,0,9.05
Normal,7756,trace 7649,PLExample6FF,0,FALSE,TRUE,0.052631579,9.545945946
Normal,7756,trace 7650,ClosurePropertiesFF,0,FALSE,TRUE,0.125,4.457142857
Normal,7756,trace 7651,ClosurePropertiesExample1FF,0,FALSE,TRUE,0,32.2
Normal,7756,trace 7652,ClosurePropertiesExample2FF,0,FALSE,TRUE,0,10.275
Normal,7756,trace 7653,ClosurePropertiesExample3FF,0,FALSE,TRUE,0,3.133333333
Credit Seeking,7756,trace 7654,ContextFreeLanguagesFF,0,FALSE,TRUE,0.475409836,5.82
Normal,7756,trace 7655,CFGDerivationsFF,0,FALSE,TRUE,0.049180328,7.07
Normal,7756,trace 7656,DerivationTreesFF,0,TRUE,TRUE,0,4.825
Credit Seeking,7756,trace 7657,MembershipProblemFF,0,FALSE,TRUE,0.333333333,9.6
Credit Seeking,7756,trace 7658,AmbiguityFF,0,FALSE,TRUE,0.489795918,4.733333333
Normal,7756,trace 7659,STA,0,FALSE,TRUE,0,3.32
Credit Seeking,7756,trace 7661,PDA,0,FALSE,TRUE,0.6,10.66206897
Normal,7756,trace 7662,PDATransitionsFF,0,FALSE,TRUE,0.045454545,5.676190476
Normal,7756,trace 7663,PDAAcceptanceFF,0,FALSE,TRUE,0.022222222,7.640909091
Normal,7756,trace 7664,PDAEmptyStackAcceptanceFF,0,FALSE,TRUE,0,7.21025641
Normal,7756,trace 7665,PDAAcceptanceEquivalenceFF,0,FALSE,TRUE,0,4718.956818
Credit Seeking,7756,trace 7666,PDACFLFF,0,TRUE,TRUE,0.359550562,2743.797727
Normal,7756,trace 7667,DPDAFF,0,FALSE,TRUE,0.181818182,5.914285714
Normal,7756,trace 7668,NCFLversusDCFLFF,0,FALSE,TRUE,0,7.025
Normal,7756,trace 7669,GrammarsForDCFLFF,0,FALSE,TRUE,0,3.2
Normal,7756,trace 7670,CFLClosurePropertiesFF,0,FALSE,TRUE,0.071428571,140.4888889
Normal,7756,trace 7671,CFLPumpingLemmaExample1FF,0,FALSE,FALSE,0.142857143,193.1833333
Normal,7756,trace 7672,CFLPumpingLemmaFF,0,FALSE,TRUE,0,3.2
Normal,7756,trace 7673,CFLPumpingLemmaExample1FF,1,FALSE,TRUE,0.029411765,5.006060606
Normal,7756,trace 7674,CFLPumpingLemmaExample2FF,0,FALSE,FALSE,0,9.431428571
Normal,7756,trace 7675,CFLPumpingLemmaExample3FF,0,FALSE,TRUE,0,7.975
Normal,7756,trace 7676,CFLPumpingLemmaExample4FF,0,TRUE,TRUE,0.04,10.49387755
Normal,7756,trace 7677,CFLPumpingLemmaExample5FF,0,FALSE,TRUE,0.132075472,8.388461538
Credit Seeking,7756,trace 7678,DPDAFF,1,FALSE,FALSE,0.833333333,4.190909091
Normal,7756,trace 7679,NCFLProofFF,0,FALSE,TRUE,0,5.52
Normal,7756,trace 7680,CFLPumpingLemmaExample4FF,1,TRUE,FALSE,0.043478261,46.41363636
Normal,7756,trace 7681,TMGeneralModel,0,FALSE,FALSE,0,574.0111111
Normal,7756,trace 7682,TMComplicatedMachine3,0,FALSE,TRUE,0.034482759,5.9
Normal,7756,trace 7683,TMGeneralModel,1,FALSE,TRUE,0.278481013,12.55384615
Normal,7756,trace 7684,TMInterpreting,0,FALSE,TRUE,0.107142857,10.00740741
Credit Seeking,7756,trace 7685,TMDecidableVSAcceptable,0,FALSE,FALSE,0.5,12.82
Credit Seeking,7756,trace 7687,TMGeneralModel,1,FALSE,FALSE,0.714285714,3.183333333
Normal,7756,trace 7688,TMDecidableVSAcceptable,1,FALSE,TRUE,0,5.766666667
Normal,7756,trace 7689,PairToSortCONPI,0,FALSE,TRUE,0.210526316,4.844444444
Credit Seeking,7756,trace 7690,LowerBound,0,FALSE,TRUE,0.333333333,242.0142857
Normal,7756,trace 7691,TwoMulExample,0,FALSE,TRUE,0,3.233333333
Normal,7756,trace 7692,TravelSalesman,0,FALSE,TRUE,0.222222222,6.084615385
Credit Seeking,7756,trace 7693,KClique,0,FALSE,TRUE,0.4,2.966666667
Normal,7756,trace 7694,SATProof,0,FALSE,TRUE,0,3.836363636
Credit Seeking,7756,trace 7695,NPCCoping,0,FALSE,TRUE,0.606060606,4.13125
Normal,7756,trace 7696,UnsolveableProblems1,0,FALSE,TRUE,0,2.927272727
Normal,7756,trace 7697,UnsolveableProblems2,0,FALSE,TRUE,0,2.65
Credit Seeking,7763,trace 7698,DFAFF,0,FALSE,FALSE,0.416666667,17605.03143
Normal,7763,trace 7699,FADefinitionsFF,0,FALSE,FALSE,0,18.82
Credit Seeking,7763,trace 7700,RelationsFF,0,FALSE,TRUE,0.344827586,1005.685714
Normal,7763,trace 7701,PairToSortCONPI,0,FALSE,FALSE,0,5.55
Normal,7763,trace 7703,SATProof,0,FALSE,FALSE,0.2,6.344444444
Normal,7763,trace 7704,UnsolveableProblems1,0,FALSE,FALSE,0,28.8875
Normal,7778,trace 7705,LanguagesFS,0,FALSE,TRUE,0.228070175,28.55714286
Credit Seeking,7778,trace 7706,GrammarIntroFS,0,FALSE,TRUE,0.47761194,36.16969697
Credit Seeking,7778,trace 7707,LanguagesFS,1,FALSE,FALSE,0.285714286,26.68333333
Normal,7778,trace 7708,SetDefFS,0,FALSE,TRUE,0,102122.8857
Normal,7778,trace 7709,SetNotationFS,0,FALSE,TRUE,0.27027027,7.783333333
Credit Seeking,7778,trace 7710,RelationsFS,0,FALSE,TRUE,0.617021277,5.613043478
Credit Seeking,7778,trace 7711,EquivFS,0,FALSE,TRUE,0.5625,4.28
Normal,7778,trace 7712,GrammarsForDCFLFF,0,FALSE,FALSE,0,14.22
Credit Seeking,7778,trace 7713,DFAintroFS,0,FALSE,TRUE,0.791304348,5.668421053
Normal,7778,trace 7714,DFAadvancedFS,0,FALSE,TRUE,0.0625,7.746666667
Normal,7778,trace 7715,NFAFS,0,FALSE,TRUE,0.24137931,9.792857143
Normal,7778,trace 7716,NFAequivFS,0,FALSE,TRUE,0,0.1
Normal,7778,trace 7717,NFA2DFAlargeExFS,0,FALSE,TRUE,0.12,31.55
Normal,7778,trace 7718,NFAequivFS,1,TRUE,TRUE,0,0.1
Normal,7778,trace 7719,DFAMinFS,0,FALSE,TRUE,0.047619048,2.21
Normal,7778,trace 7720,DFAMinEx1FS,0,FALSE,TRUE,0.119047619,1.785365854
Normal,7778,trace 7721,DFAMinEx2FS,0,FALSE,TRUE,0.075,1.569230769
Credit Seeking,7778,trace 7722,RegExFS,0,FALSE,FALSE,0.769230769,3.4
Credit Seeking,7778,trace 7723,RegularGrammarFF,0,FALSE,TRUE,0.405405405,4.672222222
Normal,7778,trace 7724,NFAToREFF,0,FALSE,TRUE,0,6.013333333
Credit Seeking,7778,trace 7725,ContextFreeLanguagesFF,0,FALSE,FALSE,0.791666667,2.4
Normal,7778,trace 7726,PDATransitionsFF,0,FALSE,FALSE,0,6.00625
Normal,7778,trace 7727,PDAAcceptanceEquivalenceFF,0,FALSE,FALSE,0,3.366666667
Normal,7778,trace 7728,NFAequivFS,1,TRUE,TRUE,0,0.1
Credit Seeking,7778,trace 7729,RegExFS,1,FALSE,TRUE,0.7,7.724050633
Normal,7778,trace 7730,RegEx2NFA1FS,0,FALSE,TRUE,0,11.65454545
Normal,7778,trace 7731,RegEx2NFAorFS,0,FALSE,TRUE,0,3.2
Normal,7778,trace 7732,RegEx2NFAcatFS,0,FALSE,TRUE,0.166666667,5.247058824
Normal,7778,trace 7733,RegEx2NFAstarFS,0,FALSE,TRUE,0,1.933333333
Normal,7778,trace 7734,RegEXtoNFAExampleFF,0,FALSE,TRUE,0.125,4.546666667
Normal,7778,trace 7735,ConvertRLREFF,0,FALSE,TRUE,0,17.43157895
Normal,7778,trace 7736,REtoFAExampleFF,0,FALSE,TRUE,0.235294118,2.95
Normal,7778,trace 7737,RightLinearRGFF,0,FALSE,TRUE,0.130434783,27.78181818
Normal,7778,trace 7738,NFAToReExampleFF,0,FALSE,TRUE,0,4.836363636
Normal,7778,trace 7739,LeftLinearGrammarFF,0,FALSE,TRUE,0.073170732,2.705
Normal,7778,trace 7740,RegEXtoRegGrammarFF,0,FALSE,TRUE,0.227272727,41.05116279
Credit Seeking,7778,trace 7741,RegEXtoLeftRegGrammarFF,0,FALSE,TRUE,0.372881356,5.262068966
Normal,7778,trace 7742,STA,0,FALSE,TRUE,0,3.92
Credit Seeking,7778,trace 7743,ClosureConceptFF,0,FALSE,TRUE,0.518518519,5.546153846
Normal,7778,trace 7744,ClosureRegularLangFF,0,FALSE,TRUE,0.142857143,13.01
Credit Seeking,7778,trace 7745,RegularLangClosedInterFF,0,FALSE,TRUE,0.385714286,4.727536232
Credit Seeking,7778,trace 7746,RightQuotientFF,0,TRUE,TRUE,0.441860465,1008.896471
Credit Seeking,7778,trace 7747,HomomorphismFF,0,FALSE,TRUE,0.37037037,2.007692308
Normal,7778,trace 7748,introToNonRegularFF,0,FALSE,TRUE,0,3.7625
Normal,7778,trace 7749,introToPumpingFF,0,FALSE,TRUE,0.25,2.613333333
Normal,7778,trace 7750,PLExample1FF,0,FALSE,TRUE,0.121212121,2.695384615
Normal,7778,trace 7751,PLExample2FF,0,FALSE,TRUE,0.155555556,2.368181818
Normal,7778,trace 7752,PLExample3FF,0,FALSE,TRUE,0.028571429,2.741176471
Normal,7778,trace 7753,PLExample4FF,0,FALSE,TRUE,0.128205128,2.584210526
Normal,7778,trace 7754,PLExample5FF,0,FALSE,TRUE,0.096774194,2.573333333
Normal,7778,trace 7755,PLExample6FF,0,FALSE,TRUE,0.139534884,3.004761905
Credit Seeking,7778,trace 7756,ClosurePropertiesFF,0,FALSE,TRUE,0.625,3.213333333
Normal,7778,trace 7757,ClosurePropertiesExample1FF,0,FALSE,TRUE,0.066666667,2.228571429
Normal,7778,trace 7758,ClosurePropertiesExample2FF,0,FALSE,TRUE,0.083333333,1.654545455
Normal,7778,trace 7759,ClosurePropertiesExample3FF,0,FALSE,TRUE,0,1.911111111
Credit Seeking,7778,trace 7760,ContextFreeLanguagesFF,1,FALSE,TRUE,0.348837209,6.647619048
Credit Seeking,7778,trace 7761,CFGDerivationsFF,0,FALSE,TRUE,0.349593496,4.854098361
Normal,7778,trace 7762,DerivationTreesFF,0,FALSE,FALSE,0.055555556,2.3
Credit Seeking,7778,trace 7763,MembershipProblemFF,0,FALSE,TRUE,0.446808511,12.4173913
Credit Seeking,7778,trace 7764,AmbiguityFF,0,FALSE,TRUE,0.568965517,3.722807018
Normal,7778,trace 7765,TransformGrammarsFF,0,FALSE,TRUE,0.027777778,2.462857143
Credit Seeking,7778,trace 7766,RemoveUselessFF,0,FALSE,TRUE,0.585858586,5.910204082
Normal,7778,trace 7767,RemoveLambdaFF,0,FALSE,TRUE,0.192307692,5.008
Credit Seeking,7778,trace 7768,RemoveUnitFF,0,FALSE,TRUE,0.549180328,4.092561983
Normal,7778,trace 7769,ChomskyNormalFormFF,0,FALSE,TRUE,0,2.28
Credit Seeking,7778,trace 7770,GreibachNormalFormFF,0,FALSE,TRUE,0.322033898,3.037931034
Normal,7778,trace 7771,PDA,0,FALSE,TRUE,0.058823529,6.6375
Normal,7778,trace 7772,PDATransitionsFF,1,TRUE,TRUE,0,1.413333333
Credit Seeking,7778,trace 7773,PDAAcceptanceFF,0,FALSE,TRUE,0.32183908,2.08372093
Credit Seeking,7778,trace 7774,PDAEmptyStackAcceptanceFF,0,FALSE,TRUE,0.296296296,1.9775
Normal,7778,trace 7775,PDAAcceptanceEquivalenceFF,1,FALSE,TRUE,0,2.122222222
Credit Seeking,7778,trace 7776,PDACFLFF,0,FALSE,TRUE,0.347368421,2.491489362
Normal,7778,trace 7777,DPDAFF,0,FALSE,TRUE,0,3.010526316
Normal,7778,trace 7778,NCFLProofFF,0,FALSE,TRUE,0,2.183333333
Normal,7778,trace 7779,NCFLversusDCFLFF,0,FALSE,TRUE,0.083333333,1.654545455
Normal,7778,trace 7780,GrammarsForDCFLFF,1,FALSE,TRUE,0,2.24
Normal,7778,trace 7781,CFLClosurePropertiesFF,0,FALSE,TRUE,0.121212121,2.0375
Normal,7778,trace 7782,CFLPumpingLemmaFF,0,FALSE,TRUE,0,1.866666667
Credit Seeking,7778,trace 7783,CFLPumpingLemmaExample1FF,0,FALSE,TRUE,0.619834711,3.276666667
Normal,7778,trace 7784,CFLPumpingLemmaExample2FF,0,FALSE,FALSE,0.142857143,2.310909091
Normal,7778,trace 7785,CFLPumpingLemmaExample3FF,0,FALSE,TRUE,0.105263158,2.410810811
Normal,7778,trace 7786,CFLPumpingLemmaExample4FF,0,FALSE,TRUE,0.194805195,2.042105263
Credit Seeking,7778,trace 7787,CFLPumpingLemmaExample5FF,0,FALSE,FALSE,0.921568627,160.0511236
Normal,7778,trace 7788,TMGeneralModel,0,FALSE,TRUE,0.172413793,3.723255814
Credit Seeking,7778,trace 7789,TMInterpreting,0,FALSE,TRUE,0.302325581,2.671428571
Normal,7778,trace 7790,TMDecidableVSAcceptable,0,FALSE,TRUE,0.0625,2.08
Normal,7778,trace 7791,TMComplicatedMachine3,0,FALSE,TRUE,0.115384615,2.648
Credit Seeking,7778,trace 7792,PairToSortCONPI,0,FALSE,TRUE,0.407407407,3.276923077
Credit Seeking,7778,trace 7793,LowerBound,0,FALSE,FALSE,0.666666667,2.888235294
Normal,7778,trace 7794,TwoMulExample,0,FALSE,TRUE,0,4.052173913
Normal,7778,trace 7795,TravelSalesman,0,FALSE,TRUE,0,5.095652174
Normal,7778,trace 7796,KClique,0,FALSE,TRUE,0,3.018181818
Normal,7778,trace 7797,SATProof,0,FALSE,TRUE,0.071428571,2.246153846
Normal,7778,trace 7798,NPCCoping,0,FALSE,TRUE,0.2,2.642105263
Normal,7778,trace 7799,UnsolveableProblems1,0,FALSE,TRUE,0,4.016666667
Normal,7778,trace 7800,UnsolveableProblems2,0,FALSE,TRUE,0,2.885714286
Credit Seeking,7778,trace 7801,CFLPumpingLemmaExample5FF,1,FALSE,TRUE,0.483333333,151.6305085
Normal,7940,trace 7802,introToNonRegularFF,0,FALSE,TRUE,0,9.514285714
Normal,7940,trace 7803,introToPumpingFF,0,FALSE,TRUE,0,11.9
Normal,7940,trace 7804,PLExample1FF,0,FALSE,TRUE,0.08,7.8
Normal,7940,trace 7805,PLExample2FF,0,FALSE,TRUE,0.0625,5.619354839
Normal,7940,trace 7806,PLExample3FF,0,FALSE,TRUE,0.033333333,6.248275862
Normal,7940,trace 7807,PLExample4FF,0,FALSE,FALSE,0,54.3
Normal,7940,trace 7809,PLExample4FF,1,FALSE,TRUE,0,2.466666667
Normal,7940,trace 7810,PLExample5FF,0,FALSE,TRUE,0.178571429,29.26666667
Credit Seeking,7940,trace 7811,ClosurePropertiesFF,0,FALSE,FALSE,0.666666667,1.8875
Normal,7940,trace 7812,PLExample1FF,1,FALSE,FALSE,0,43.55
Credit Seeking,7940,trace 7813,ClosurePropertiesFF,1,FALSE,FALSE,0.666666667,17.15714286
Normal,7940,trace 7814,HomomorphismFF,0,FALSE,TRUE,0,11.275
Credit Seeking,7940,trace 7815,ClosurePropertiesExample1FF,0,FALSE,FALSE,0.375,3.728571429
Normal,7940,trace 7816,ClosurePropertiesExample3FF,0,FALSE,FALSE,0,2.55
Normal,7940,trace 7817,ClosurePropertiesExample2FF,0,FALSE,FALSE,0,3.55
Normal,7940,trace 7818,ClosurePropertiesExample1FF,1,FALSE,TRUE,0,6.15
Normal,7940,trace 7819,ClosurePropertiesExample3FF,1,FALSE,FALSE,0,0.55
Normal,7940,trace 7820,MajorConceptsFF,0,FALSE,TRUE,0.216666667,5.257627119
Normal,7940,trace 7821,GrammarIntroFF,0,FALSE,TRUE,0.215686275,6.284
Normal,7940,trace 7822,SetDefFF,0,FALSE,TRUE,0,0.44
Credit Seeking,7940,trace 7823,SetCommonSymbolsFF,0,FALSE,TRUE,0.351351351,23.75555556
Credit Seeking,7940,trace 7824,RelationsFF,0,FALSE,FALSE,0.4,2.525
Credit Seeking,7940,trace 7825,PDA,0,FALSE,TRUE,0.704918033,34.63666667
Normal,7940,trace 7826,PDATransitionsFF,0,TRUE,TRUE,0,6.175
Normal,7940,trace 7827,PDAAcceptanceFF,0,FALSE,TRUE,0.183333333,6.122033898
Normal,7940,trace 7828,PDAEmptyStackAcceptanceFF,0,FALSE,TRUE,0,5.882926829
Normal,7940,trace 7830,PDAAcceptanceFF,1,FALSE,FALSE,0,3.05
Credit Seeking,7940,trace 7831,PDACFLFF,0,FALSE,TRUE,0.474226804,12.21041667
Normal,7940,trace 7833,TMInterpreting,0,FALSE,FALSE,0.2,3.775
Credit Seeking,7940,trace 7834,TMGeneralModel,0,FALSE,FALSE,0.338461538,4.7375
Credit Seeking,7940,trace 7835,ContextFreeLanguagesFF,0,FALSE,FALSE,0.820512821,5.403896104
Credit Seeking,7940,trace 7836,RemoveUselessFF,0,FALSE,TRUE,0.486486486,39.30410959
Normal,7940,trace 7837,PDAAcceptanceEquivalenceFF,0,FALSE,TRUE,0,3.190909091
Normal,7940,trace 7838,CFLClosurePropertiesFF,0,FALSE,TRUE,0,12.46363636
Normal,7940,trace 7839,CFLPumpingLemmaFF,0,FALSE,TRUE,0,4.852631579
Normal,7940,trace 7840,CFLPumpingLemmaExample1FF,0,FALSE,TRUE,0.18,15.20816327
Normal,7940,trace 7841,ChomskyNormalFormFF,0,FALSE,TRUE,0,7.325
Normal,7940,trace 7842,GreibachNormalFormFF,0,FALSE,TRUE,0.225,5.569230769
Credit Seeking,7940,trace 7843,PairToSortCONPI,0,FALSE,FALSE,0.411764706,1.825
Normal,7940,trace 7844,TravelSalesman,0,FALSE,TRUE,0.071428571,7.22962963
Credit Seeking,7940,trace 7845,NFA2DFAFrames,0,FALSE,TRUE,0.465517241,15.84561404
Normal,7942,trace 7846,LanguagesFS,0,FALSE,TRUE,0.045454545,24.95813953
Normal,7942,trace 7847,GrammarIntroFS,0,FALSE,TRUE,0.055555556,30.86285714
Normal,7942,trace 7848,SetDefFS,0,FALSE,TRUE,0,63.74285714
Credit Seeking,7942,trace 7849,SetNotationFS,0,FALSE,FALSE,0.76056338,5.417142857
Normal,7942,trace 7850,RelationsFS,0,FALSE,TRUE,0.263157895,44.4
Credit Seeking,7942,trace 7851,DFAintroFS,0,FALSE,TRUE,0.487179487,31.68947368
Normal,7942,trace 7852,DFAadvancedFS,0,FALSE,TRUE,0.058823529,18.0125
Credit Seeking,7942,trace 7853,NFAFS,0,FALSE,TRUE,0.482142857,84.82181818
Normal,7942,trace 7854,NFAequivFS,0,FALSE,TRUE,0,0.1
Normal,7942,trace 7855,NFA2DFAlargeExFS,0,FALSE,TRUE,0.08,15.71666667
Normal,7942,trace 7856,DFAMinFS,0,FALSE,TRUE,0,2216.236364
Normal,7942,trace 7857,DFAMinEx1FS,0,FALSE,TRUE,0,11.208
Normal,7942,trace 7858,DFAMinEx2FS,0,FALSE,TRUE,0,13.128
Normal,7942,trace 7859,NFA2DFAlargeExFS,1,FALSE,FALSE,0,1.05
Normal,7942,trace 7860,SetNotationFS,1,FALSE,TRUE,0,10.43333333
Credit Seeking,7942,trace 7861,LanguagesFS,1,FALSE,FALSE,0.333333333,11.8875
Normal,7942,trace 7863,DFAadvancedFS,1,FALSE,FALSE,0.2,7.275
Credit Seeking,7942,trace 7864,RegExFS,0,FALSE,TRUE,0.45,82.22372881
Normal,7942,trace 7865,RegEx2NFA1FS,0,FALSE,TRUE,0,9.146666667
Normal,7942,trace 7866,RegEx2NFAorFS,0,FALSE,TRUE,0,14.02222222
Normal,7942,trace 7867,RegEx2NFAcatFS,0,FALSE,TRUE,0,10.68888889
Normal,7942,trace 7868,RegEx2NFAstarFS,0,FALSE,TRUE,0,7.9
Normal,7942,trace 7869,RegEXtoNFAExampleFF,0,FALSE,TRUE,0,19.10909091
Normal,7942,trace 7870,ConvertRLREFF,0,FALSE,TRUE,0,48.48235294
Credit Seeking,7942,trace 7871,RegExFS,1,FALSE,FALSE,0.5,4.82
Credit Seeking,7942,trace 7872,RegularGrammarFF,0,FALSE,TRUE,0.6,8.681355932
Normal,7942,trace 7873,NFAToREFF,0,FALSE,TRUE,0.058823529,18.0125
Normal,7942,trace 7875,ClosurePropertiesFF,0,FALSE,FALSE,0.25,1.033333333
Credit Seeking,7942,trace 7876,ContextFreeLanguagesFF,0,FALSE,FALSE,0.538461538,6.186842105
Normal,7942,trace 7877,DerivationTreesFF,0,FALSE,TRUE,0,5.6375
Normal,7942,trace 7878,PDACFLFF,0,FALSE,FALSE,0,6.122222222
Normal,7942,trace 7879,PDA,0,FALSE,FALSE,0,29.87142857
Normal,7942,trace 7880,RightLinearRGFF,0,FALSE,TRUE,0,6.68
Normal,7942,trace 7881,RegEXtoLeftRegGrammarFF,0,FALSE,FALSE,0,1.3
Normal,7942,trace 7882,STA,0,FALSE,TRUE,0,2.8
Credit Seeking,7942,trace 7883,RegEXtoLeftRegGrammarFF,1,FALSE,FALSE,0.823529412,2.2
Normal,7942,trace 7884,LeftLinearGrammarFF,0,FALSE,FALSE,0,2.033333333
Credit Seeking,7942,trace 7885,RegEXtoLeftRegGrammarFF,1,FALSE,FALSE,0.564516129,4.903278689
Normal,7942,trace 7886,ContextFreeLanguagesFF,1,FALSE,TRUE,0.225806452,6.84
Credit Seeking,7942,trace 7887,RemoveUnitFF,0,FALSE,FALSE,0.757575758,9.491836735
Normal,7942,trace 7888,ChomskyNormalFormFF,0,FALSE,FALSE,0.153846154,4.425
Normal,7942,trace 7889,PDA,1,FALSE,TRUE,0.111111111,6.65
Normal,7942,trace 7890,PDATransitionsFF,0,FALSE,TRUE,0,9.418181818
Normal,7942,trace 7891,PDAAcceptanceFF,0,FALSE,TRUE,0.153846154,11.98431373
Normal,7942,trace 7892,PDAAcceptanceEquivalenceFF,0,FALSE,FALSE,0,3.05
Normal,7942,trace 7893,PDAEmptyStackAcceptanceFF,0,FALSE,FALSE,0,9.546153846
Normal,7942,trace 7894,TravelSalesman,0,FALSE,FALSE,0.222222222,13.71176471
Normal,7942,trace 7895,NPCCoping,0,FALSE,FALSE,0,0.55
Normal,7952,trace 7896,LanguagesFS,0,FALSE,TRUE,0.108695652,30.84888889
Normal,7952,trace 7897,GrammarIntroFS,0,FALSE,TRUE,0.057142857,1614.770588
Normal,7952,trace 7899,SetDefFS,0,FALSE,TRUE,0,18.88571429
Normal,7952,trace 7900,SetNotationFS,0,FALSE,TRUE,0.037037037,13.35384615
Normal,7952,trace 7901,RelationsFS,0,FALSE,TRUE,0.111111111,12.95294118
Normal,7952,trace 7902,EquivFS,0,FALSE,TRUE,0,33.86666667
Credit Seeking,7952,trace 7903,DFAintroFS,0,FALSE,TRUE,0.709677419,76.47868852
Normal,7952,trace 7904,DFAadvancedFS,0,FALSE,TRUE,0,3665.4
Credit Seeking,7952,trace 7905,NFAFS,0,FALSE,TRUE,0.701492537,18.10909091
Normal,7952,trace 7906,NFAequivFS,0,FALSE,TRUE,0,0.033333333
Normal,7952,trace 7907,NFA2DFAlargeExFS,0,FALSE,TRUE,0.192307692,6.728
Normal,7952,trace 7908,NFAequivFS,1,TRUE,TRUE,0,0.1
Normal,7952,trace 7909,DFAMinFS,0,FALSE,TRUE,0.1,28.53684211
Normal,7952,trace 7910,DFAMinEx1FS,0,FALSE,TRUE,0,23.1826087
Normal,7952,trace 7911,DFAMinEx2FS,0,FALSE,TRUE,0.090909091,17.38125
Credit Seeking,7952,trace 7912,RegExFS,0,FALSE,FALSE,0.678571429,152.1925926
Normal,7952,trace 7913,RegularGrammarFF,0,FALSE,FALSE,0.25,311.1157895
Normal,7952,trace 7914,PDACFLFF,0,FALSE,FALSE,0.22,38.00204082
Normal,7952,trace 7915,PDAAcceptanceEquivalenceFF,0,FALSE,FALSE,0,15.2625
Credit Seeking,7952,trace 7916,ContextFreeLanguagesFF,0,FALSE,TRUE,0.404255319,9.330434783
Normal,7952,trace 7917,CFGDerivationsFF,0,FALSE,TRUE,0.107692308,11.55
Normal,7952,trace 7918,DerivationTreesFF,0,FALSE,FALSE,0.2,10.50714286
Credit Seeking,7952,trace 7919,MembershipProblemFF,0,FALSE,FALSE,0.9296875,16.75748031
Normal,7952,trace 7920,AmbiguityFF,0,FALSE,TRUE,0.037037037,18.81538462
Credit Seeking,7952,trace 7921,MembershipProblemFF,1,FALSE,TRUE,0.423076923,12.048
Normal,7952,trace 7922,TransformGrammarsFF,0,FALSE,TRUE,0.028571429,4.947058824
Credit Seeking,7952,trace 7923,RemoveUselessFF,0,FALSE,TRUE,0.302325581,10.07619048
Normal,7952,trace 7924,RemoveLambdaFF,0,FALSE,TRUE,0,7.957894737
Credit Seeking,7952,trace 7925,RemoveUnitFF,0,FALSE,TRUE,0.304347826,7.737777778
Normal,7952,trace 7926,ChomskyNormalFormFF,0,FALSE,TRUE,0.055555556,3.894117647
Normal,7952,trace 7927,GreibachNormalFormFF,0,FALSE,TRUE,0.128205128,4.531578947
Normal,7952,trace 7928,NFAequivFS,1,TRUE,TRUE,0,6.025
Normal,7952,trace 7929,RegExFS,1,FALSE,TRUE,0.076923077,15.768
Normal,7952,trace 7930,RegEx2NFA1FS,0,FALSE,TRUE,0,4.836363636
Normal,7952,trace 7931,RegEx2NFAorFS,0,FALSE,TRUE,0,4.65
Normal,7952,trace 7932,RegEx2NFAcatFS,0,FALSE,TRUE,0.111111111,3.894117647
Normal,7952,trace 7933,RegEx2NFAstarFS,0,FALSE,TRUE,0,3.927272727
Normal,7952,trace 7934,RegEXtoNFAExampleFF,0,FALSE,TRUE,0.071428571,9.092307692
Normal,7952,trace 7935,ConvertRLREFF,0,FALSE,TRUE,0,5.622222222
Credit Seeking,7952,trace 7936,RegularGrammarFF,1,FALSE,FALSE,0.8,7.455555556
Normal,7952,trace 7937,NFAToREFF,0,FALSE,TRUE,0.130434783,7.463636364
Normal,7952,trace 7938,REtoFAExampleFF,0,FALSE,TRUE,0,6.466666667
Normal,7952,trace 7939,RightLinearRGFF,0,TRUE,TRUE,0.12,5.466666667
Normal,7952,trace 7940,NFAToReExampleFF,0,FALSE,TRUE,0,12.2
Normal,7952,trace 7941,LeftLinearGrammarFF,0,FALSE,TRUE,0,6.9125
Normal,7952,trace 7942,RegEXtoRegGrammarFF,0,FALSE,TRUE,0.151515152,8.9125
Normal,7952,trace 7943,RegEXtoLeftRegGrammarFF,0,FALSE,TRUE,0.125,9.070967742
Normal,7952,trace 7944,STA,0,FALSE,TRUE,0,4.577777778
Normal,7952,trace 7945,ClosureConceptFF,0,FALSE,TRUE,0,4.1
Normal,7952,trace 7946,ClosureRegularLangFF,0,FALSE,TRUE,0.157894737,250.6222222
Credit Seeking,7952,trace 7947,RegularLangClosedInterFF,0,FALSE,TRUE,0.545454545,5.163218391
Normal,7952,trace 7948,RightQuotientFF,0,FALSE,TRUE,0.183673469,5.8375
Normal,7952,trace 7949,HomomorphismFF,0,FALSE,TRUE,0,9.015384615
Normal,7952,trace 7950,introToNonRegularFF,0,FALSE,TRUE,0.045454545,4.723809524
Normal,7952,trace 7951,introToPumpingFF,0,FALSE,TRUE,0.142857143,5.169230769
Normal,7952,trace 7952,PLExample1FF,0,FALSE,TRUE,0.08,6.248979592
Normal,7952,trace 7953,PLExample2FF,0,FALSE,TRUE,0.2,4.569230769
Normal,7952,trace 7954,PLExample3FF,0,FALSE,TRUE,0.083333333,6.034285714
Normal,7952,trace 7955,PLExample4FF,0,FALSE,TRUE,0,4.933333333
Normal,7952,trace 7956,PLExample5FF,0,FALSE,TRUE,0.071428571,4.414814815
Normal,7952,trace 7957,PLExample6FF,0,FALSE,TRUE,0,5.619354839
Normal,7952,trace 7958,ClosurePropertiesFF,0,FALSE,TRUE,0.142857143,4.366666667
Normal,7952,trace 7959,ClosurePropertiesExample1FF,0,FALSE,TRUE,0,5.12
Normal,7952,trace 7960,ClosurePropertiesExample2FF,0,FALSE,TRUE,0,3.15
Normal,7952,trace 7961,ClosurePropertiesExample3FF,0,FALSE,TRUE,0,3.025
Normal,7952,trace 7962,PDA,0,FALSE,TRUE,0.222222222,57.65882353
Normal,7952,trace 7963,PDATransitionsFF,0,TRUE,TRUE,0,41.05714286
Normal,7952,trace 7964,PDAAcceptanceFF,0,FALSE,TRUE,0,24.37368421
Normal,7952,trace 7965,PDAEmptyStackAcceptanceFF,0,FALSE,TRUE,0.025,17.59487179
Normal,7952,trace 7966,PDAAcceptanceEquivalenceFF,1,FALSE,TRUE,0,40.32631579
Credit Seeking,7952,trace 7967,NFAequivFS,1,TRUE,TRUE,0.428571429,3.2
Credit Seeking,7952,trace 7968,PDACFLFF,1,FALSE,TRUE,0.289855072,90.09117647
Normal,7952,trace 7969,DPDAFF,0,FALSE,TRUE,0.125,18.05217391
Normal,7952,trace 7970,NCFLProofFF,0,FALSE,TRUE,0,6.244444444
Normal,7952,trace 7971,NCFLversusDCFLFF,0,FALSE,TRUE,0,4.8
Normal,7952,trace 7972,GrammarsForDCFLFF,0,FALSE,TRUE,0.071428571,6.323076923
Normal,7952,trace 7973,CFLClosurePropertiesFF,0,FALSE,TRUE,0,22.96666667
Normal,7952,trace 7974,CFLPumpingLemmaFF,0,FALSE,TRUE,0,55.8
Normal,7952,trace 7975,CFLPumpingLemmaExample1FF,0,FALSE,TRUE,0.255813953,3643.052381
Normal,7952,trace 7976,CFLPumpingLemmaExample2FF,0,FALSE,FALSE,0,12.5516129
Normal,7952,trace 7977,CFLPumpingLemmaExample3FF,0,FALSE,TRUE,0,9.292857143
Normal,7952,trace 7978,CFLPumpingLemmaExample4FF,0,FALSE,TRUE,0.046511628,40.95714286
Normal,7952,trace 7979,CFLPumpingLemmaExample5FF,0,FALSE,TRUE,0.142857143,26.10243902
Normal,7952,trace 7980,TMGeneralModel,0,FALSE,TRUE,0.19047619,18381.7129
Normal,7952,trace 7981,TMInterpreting,0,FALSE,TRUE,0.04,2791.716667
Normal,7952,trace 7982,TMDecidableVSAcceptable,0,FALSE,TRUE,0,12.68333333
Normal,7952,trace 7983,TMComplicatedMachine3,0,FALSE,TRUE,0.043478261,8.281818182
Normal,7952,trace 7984,PairToSortCONPI,0,FALSE,TRUE,0.157894737,5.233333333
Normal,7952,trace 7985,LowerBound,0,FALSE,FALSE,0,6.82
Normal,7952,trace 7986,TwoMulExample,0,FALSE,TRUE,0,5.957894737
Normal,7952,trace 7987,TravelSalesman,0,FALSE,TRUE,0.047619048,7.51
Credit Seeking,7952,trace 7988,KClique,0,FALSE,TRUE,0.36,7.675
Normal,7952,trace 7989,SATProof,0,FALSE,TRUE,0.058823529,5.2625
Normal,7952,trace 7990,NPCCoping,0,FALSE,TRUE,0.25,4.642105263
Normal,7952,trace 7991,UnsolveableProblems1,0,FALSE,TRUE,0,5.157142857
Normal,7952,trace 7992,UnsolveableProblems2,0,FALSE,TRUE,0,4.133333333
Normal,7957,trace 7993,LanguagesFS,0,FALSE,TRUE,0.267857143,10882.53091
Normal,7957,trace 7994,GrammarIntroFS,0,FALSE,TRUE,0.125,41.51794872
Credit Seeking,7957,trace 7995,DFAintroFS,0,FALSE,TRUE,0.511627907,16.55238095
Normal,7957,trace 7996,DFAadvancedFS,0,FALSE,TRUE,0,80.32307692
Credit Seeking,7957,trace 7997,DFAMinFS,0,FALSE,TRUE,0.321428571,22.34074074
Normal,7957,trace 7998,RegExFS,0,FALSE,FALSE,0.214285714,15.39230769
Normal,7957,trace 7999,RegEx2NFA1FS,0,FALSE,FALSE,0,65.05
Normal,7957,trace 8001,RegEx2NFA1FS,1,TRUE,TRUE,0,177.1826087
Normal,7957,trace 8002,introToNonRegularFF,0,FALSE,TRUE,0,10.58571429
Normal,7957,trace 8003,introToPumpingFF,0,FALSE,TRUE,0,89.525
Normal,7957,trace 8004,PLExample1FF,0,FALSE,TRUE,0.166666667,30.08813559
Normal,7957,trace 8005,ClosurePropertiesFF,0,TRUE,TRUE,0.266666667,10.44285714
Normal,7957,trace 8006,ClosurePropertiesExample1FF,0,FALSE,TRUE,0.235294118,10.325
Credit Seeking,7957,trace 8007,ContextFreeLanguagesFF,0,FALSE,TRUE,0.466666667,165.4101695
Normal,7957,trace 8009,CFGDerivationsFF,0,FALSE,FALSE,0.25,67.37407407
Normal,7957,trace 8010,DerivationTreesFF,0,FALSE,FALSE,0.142857143,24.51666667
Normal,7957,trace 8011,CFGDerivationsFF,1,FALSE,FALSE,0.25,0.366666667
Normal,7957,trace 8012,DerivationTreesFF,1,FALSE,FALSE,0,1.05
Normal,7957,trace 8013,CFGDerivationsFF,1,FALSE,TRUE,0.023809524,9.32195122
Normal,7957,trace 8014,DerivationTreesFF,1,TRUE,TRUE,0,3.4
Normal,7957,trace 8015,AmbiguityFF,0,FALSE,FALSE,0,408.05
Normal,7957,trace 8016,PDA,0,FALSE,FALSE,0,91.85
Normal,7957,trace 8017,PDATransitionsFF,0,FALSE,FALSE,0,2.05
Credit Seeking,7957,trace 8019,DPDAFF,0,FALSE,FALSE,0.588235294,96.00625
Credit Seeking,7957,trace 8020,RegularGrammarFF,0,FALSE,FALSE,0.428571429,3.705
Normal,7957,trace 8021,ContextFreeLanguagesFF,1,FALSE,FALSE,0,1.55
Normal,7957,trace 8022,ClosureConceptFF,0,FALSE,TRUE,0.142857143,18.16923077
Normal,7957,trace 8023,ClosureRegularLangFF,0,FALSE,FALSE,0,8.033333333
Normal,7957,trace 8024,CFLPumpingLemmaFF,0,FALSE,FALSE,0.066666667,36.86428571
Normal,7957,trace 8025,CFLClosurePropertiesFF,0,FALSE,TRUE,0,354.8416667
Credit Seeking,7957,trace 8027,TMInterpreting,0,FALSE,FALSE,0.352941176,5.13125
Normal,7957,trace 8028,TMGeneralModel,0,FALSE,FALSE,0.132075472,6999.982692
Credit Seeking,7957,trace 8029,PairToSortCONPI,0,FALSE,FALSE,0.294117647,57.19375
Normal,7957,trace 8030,SetDefFS,0,FALSE,TRUE,0.111111111,12.15
Normal,7957,trace 8031,SetNotationFS,0,FALSE,TRUE,0.166666667,8.868965517
Normal,7957,trace 8032,RelationsFS,0,FALSE,TRUE,0.238095238,13.61
Normal,7957,trace 8033,TravelSalesman,0,FALSE,TRUE,0,90.34666667
Normal,7957,trace 8034,KClique,0,FALSE,TRUE,0,121.5636364
Credit Seeking,7957,trace 8036,TMGeneralModel,1,FALSE,TRUE,0.481481481,13.4025
Normal,7957,trace 8037,TMDecidableVSAcceptable,0,FALSE,FALSE,0,12.02
Normal,7981,trace 8038,LanguagesFS,0,FALSE,FALSE,0.136363636,11.95714286
Normal,7981,trace 8039,DFAintroFS,0,FALSE,FALSE,0,73.275
Normal,7981,trace 8040,RegEx2NFA1FS,0,FALSE,TRUE,0,9.52
Normal,7981,trace 8041,RegEx2NFAorFS,0,FALSE,TRUE,0,10.15
Normal,7981,trace 8042,RegEx2NFAcatFS,0,FALSE,TRUE,0,6.133333333
Normal,7981,trace 8043,RegEx2NFAstarFS,0,FALSE,TRUE,0,6.355555556
Normal,7981,trace 8045,DFAadvancedFS,0,FALSE,TRUE,0.066666667,31.65714286
Credit Seeking,7981,trace 8046,RegExFS,0,FALSE,FALSE,0.711111111,7.777272727
Normal,7981,trace 8047,RegEx2NFA1FS,1,TRUE,TRUE,0,5.472727273
Credit Seeking,7981,trace 8048,RegEXtoNFAExampleFF,0,FALSE,FALSE,0.611111111,5.717647059
Credit Seeking,7981,trace 8049,RegExFS,1,FALSE,FALSE,0.896551724,2.221428571
Normal,7981,trace 8050,RegEXtoNFAExampleFF,1,FALSE,TRUE,0.272727273,9.12
Normal,7981,trace 8051,ConvertRLREFF,0,FALSE,FALSE,0.111111111,5.5125
Credit Seeking,7981,trace 8052,RegExFS,1,FALSE,TRUE,0.418604651,14.5047619
Credit Seeking,7981,trace 8053,ContextFreeLanguagesFF,0,FALSE,FALSE,0.722222222,11.6
Normal,7981,trace 8054,CFGDerivationsFF,0,FALSE,TRUE,0.02,7.228571429
Normal,7981,trace 8055,ContextFreeLanguagesFF,1,FALSE,TRUE,0.068965517,74.36428571
Normal,7981,trace 8056,RemoveUselessFF,0,FALSE,TRUE,0.074074074,77.04615385
Normal,7981,trace 8057,RemoveUnitFF,0,FALSE,TRUE,0.057142857,21.21176471
Credit Seeking,7981,trace 8058,PDA,0,FALSE,TRUE,0.307692308,18.088
Normal,7981,trace 8059,PDATransitionsFF,0,TRUE,TRUE,0,13.82727273
Normal,7981,trace 8060,PDAAcceptanceFF,0,FALSE,TRUE,0.024390244,10.555
Normal,7981,trace 8061,PDAEmptyStackAcceptanceFF,0,FALSE,TRUE,0,9.805714286
Normal,7981,trace 8062,PDAAcceptanceEquivalenceFF,0,FALSE,TRUE,0,9.736363636
Normal,7981,trace 8063,PDACFLFF,0,FALSE,TRUE,0.025,20.6974359
Normal,7981,trace 8064,DPDAFF,0,FALSE,TRUE,0.269230769,29.528
Normal,7981,trace 8065,NCFLProofFF,0,FALSE,TRUE,0,9.72
Normal,7981,trace 8066,NCFLversusDCFLFF,0,FALSE,TRUE,0,4.15
Normal,7981,trace 8067,GrammarsForDCFLFF,0,FALSE,TRUE,0,11.68333333
Normal,7981,trace 8068,CFLClosurePropertiesFF,0,FALSE,TRUE,0.034482759,9.864285714
Normal,7981,trace 8069,CFLPumpingLemmaFF,0,FALSE,TRUE,0,64.30588235
Normal,7981,trace 8070,CFLPumpingLemmaExample1FF,0,FALSE,TRUE,0.057142857,17.18235294
Normal,7981,trace 8071,CFLPumpingLemmaExample2FF,0,FALSE,FALSE,0,17.38275862
Normal,7981,trace 8072,CFLPumpingLemmaExample3FF,0,FALSE,FALSE,0,6.344444444
Normal,7981,trace 8073,CFLPumpingLemmaExample4FF,0,FALSE,FALSE,0,6.566666667
Normal,7981,trace 8074,CFLPumpingLemmaExample5FF,0,FALSE,FALSE,0,9.455555556
Normal,7981,trace 8075,TMGeneralModel,0,FALSE,TRUE,0.109375,15.84444444
Normal,7981,trace 8076,CFLClosurePropertiesFF,1,FALSE,FALSE,0,0.05
Normal,7981,trace 8077,LanguagesFS,1,FALSE,TRUE,0.130434783,264.7818182
Normal,7981,trace 8078,GrammarIntroFS,0,FALSE,TRUE,0.0625,22.29677419
Normal,7981,trace 8079,SetDefFS,0,FALSE,TRUE,0,10.31428571
Normal,7981,trace 8080,SetNotationFS,0,FALSE,TRUE,0.074074074,10.00769231
Credit Seeking,7981,trace 8081,RelationsFS,0,FALSE,TRUE,0.333333333,10.83478261
Normal,7981,trace 8082,EquivFS,0,FALSE,TRUE,0,6.24
Normal,7981,trace 8083,DFAintroFS,1,FALSE,TRUE,0.05,14.69473684
Credit Seeking,7981,trace 8084,NFAFS,0,FALSE,TRUE,0.538461538,21.08421053
Normal,7981,trace 8085,NFAequivFS,0,FALSE,TRUE,0,0.1
Normal,7981,trace 8086,NFA2DFAlargeExFS,0,FALSE,TRUE,0.157894737,43.34444444
Normal,7981,trace 8087,DFAMinFS,0,FALSE,TRUE,0.1,16.43157895
Normal,7981,trace 8088,DFAMinEx1FS,0,FALSE,TRUE,0,19.72142857
Normal,7981,trace 8089,DFAMinEx2FS,0,FALSE,TRUE,0.064516129,18.54
Normal,7981,trace 8090,ConvertRLREFF,1,FALSE,TRUE,0,15.01176471
Normal,7981,trace 8091,RegularGrammarFF,0,FALSE,TRUE,0.12,30.63333333
Normal,7981,trace 8092,NFAToREFF,0,FALSE,TRUE,0.15,9.484210526
Normal,7981,trace 8093,REtoFAExampleFF,0,FALSE,TRUE,0,6.525
Normal,7981,trace 8094,RightLinearRGFF,0,TRUE,TRUE,0,55.825
Normal,7981,trace 8095,NFAToReExampleFF,0,FALSE,TRUE,0,5.32
Normal,7981,trace 8096,LeftLinearGrammarFF,0,FALSE,TRUE,0,10.19375
Normal,7981,trace 8097,RegEXtoRegGrammarFF,0,FALSE,TRUE,0.037037037,20.7
Normal,7981,trace 8098,RegEXtoLeftRegGrammarFF,0,FALSE,TRUE,0.035714286,14.85925926
Normal,7981,trace 8099,STA,0,FALSE,TRUE,0,4.836363636
Normal,7981,trace 8100,ClosureConceptFF,0,FALSE,TRUE,0.076923077,6.266666667
Normal,7981,trace 8101,ClosureRegularLangFF,0,FALSE,TRUE,0.055555556,6.247058824
Normal,7981,trace 8102,RegularLangClosedInterFF,0,FALSE,TRUE,0.0625,8.974193548
Normal,7981,trace 8103,RightQuotientFF,0,TRUE,TRUE,0.083333333,9.472340426
Normal,7981,trace 8104,HomomorphismFF,0,FALSE,TRUE,0,13.8
Normal,7981,trace 8105,introToNonRegularFF,0,FALSE,TRUE,0,9.825
Normal,7981,trace 8106,introToPumpingFF,0,FALSE,TRUE,0,20.9
Normal,7981,trace 8107,PLExample1FF,0,FALSE,TRUE,0.02,27.67755102
Normal,7981,trace 8108,PLExample2FF,0,FALSE,TRUE,0.111111111,9.605714286
Normal,7981,trace 8110,DerivationTreesFF,0,FALSE,TRUE,0,31.93333333
Normal,7981,trace 8111,MembershipProblemFF,0,FALSE,FALSE,0.125,2.585714286
Credit Seeking,7981,trace 8112,AmbiguityFF,0,FALSE,TRUE,0.342105263,9142.464865
Credit Seeking,7981,trace 8113,MembershipProblemFF,1,FALSE,TRUE,0.307692308,130.928
Normal,7981,trace 8114,TransformGrammarsFF,0,FALSE,TRUE,0,48.29677419
Normal,7981,trace 8115,RemoveLambdaFF,0,FALSE,TRUE,0,8.51
Normal,7981,trace 8116,ChomskyNormalFormFF,0,FALSE,TRUE,0.0625,8.48
Credit Seeking,7981,trace 8117,GreibachNormalFormFF,0,FALSE,TRUE,0.34,26.49387755
Normal,7981,trace 8118,PairToSortCONPI,0,FALSE,TRUE,0,29.85
Normal,7981,trace 8119,LowerBound,0,FALSE,TRUE,0.2,17.8
Normal,7981,trace 8120,TwoMulExample,0,FALSE,TRUE,0,102.4823529
Normal,7981,trace 8121,TravelSalesman,0,FALSE,TRUE,0.12,51.8
Normal,7981,trace 8122,KClique,0,FALSE,TRUE,0.076923077,6.85
Normal,7981,trace 8123,UnsolveableProblems1,0,FALSE,TRUE,0,75.35555556
Normal,7981,trace 8124,NFAequivFS,1,TRUE,TRUE,0,0.1
Normal,7981,trace 8126,UnsolveableProblems2,0,FALSE,TRUE,0,5.65
Normal,7981,trace 8127,NPCCoping,0,FALSE,TRUE,0.222222222,8.952941176
Normal,7981,trace 8128,SATProof,0,FALSE,TRUE,0,10.01818182
Normal,7981,trace 8129,PLExample3FF,0,FALSE,TRUE,0.032258065,70.34
Normal,7981,trace 8130,PLExample4FF,0,FALSE,TRUE,0,29.50769231
Normal,7981,trace 8131,PLExample5FF,0,FALSE,TRUE,0,9.530434783
Normal,7981,trace 8132,PLExample6FF,0,FALSE,TRUE,0.03030303,90.725
Normal,7981,trace 8133,ClosurePropertiesFF,0,FALSE,TRUE,0,4.3
Normal,7981,trace 8134,ClosurePropertiesExample1FF,0,FALSE,TRUE,0.142857143,3.092307692
Normal,7981,trace 8135,ClosurePropertiesExample2FF,0,FALSE,TRUE,0,1.911111111
Normal,7981,trace 8136,ClosurePropertiesExample3FF,0,FALSE,TRUE,0,4.133333333
Normal,7981,trace 8137,CFLPumpingLemmaExample3FF,1,FALSE,TRUE,0.045454545,3.438095238
Normal,7981,trace 8138,CFLPumpingLemmaExample4FF,1,FALSE,TRUE,0.127659574,4.808695652
Normal,7981,trace 8139,CFLPumpingLemmaExample5FF,1,FALSE,TRUE,0.088235294,4.703030303
Normal,7981,trace 8140,TMInterpreting,0,FALSE,TRUE,0,11.17777778
Normal,7981,trace 8141,TMDecidableVSAcceptable,0,FALSE,TRUE,0,4.942857143
Normal,7981,trace 8142,TMComplicatedMachine3,0,FALSE,TRUE,0,5.914285714
Normal,7981,trace 8143,NFAequivFS,1,TRUE,TRUE,0,0.1
Normal,7981,trace 8144,DFAMinEx2FS,1,FALSE,FALSE,0.25,1.033333333
Normal,7981,trace 8145,DFAMinEx1FS,1,FALSE,FALSE,0,161.5166667
Normal,7981,trace 8146,RegEXtoRegGrammarFF,1,FALSE,FALSE,0,20.61304348
Normal,7986,trace 8148,LanguagesFS,0,FALSE,TRUE,0.203703704,215.8716981
Credit Seeking,7986,trace 8149,GrammarIntroFS,0,FALSE,TRUE,0.521126761,19.56
Normal,7986,trace 8150,SetDefFS,0,FALSE,TRUE,0,8.885714286
Credit Seeking,7986,trace 8152,LanguagesFS,1,FALSE,FALSE,0.666666667,0.8875
Credit Seeking,7986,trace 8153,SetNotationFS,0,FALSE,FALSE,0.5,23.92173913
Credit Seeking,7986,trace 8154,DFAintroFS,0,FALSE,TRUE,0.616666667,31.18983051
Normal,7986,trace 8155,DFAadvancedFS,0,FALSE,TRUE,0,19.93333333
Credit Seeking,7986,trace 8156,NFAFS,0,FALSE,TRUE,0.81147541,8.505785124
Credit Seeking,7986,trace 8157,NFAequivFS,0,FALSE,TRUE,0.555555556,1.275
Normal,7986,trace 8158,NFA2DFAlargeExFS,0,FALSE,TRUE,0,12.22105263
Normal,7986,trace 8159,NFAequivFS,1,TRUE,TRUE,0,1.4
Normal,7986,trace 8160,DFAMinFS,0,FALSE,TRUE,0.05,15.48421053
Normal,7986,trace 8161,DFAMinEx1FS,0,FALSE,TRUE,0.129032258,10.40666667
Normal,7986,trace 8162,DFAMinEx2FS,0,FALSE,TRUE,0.037037037,11.04615385
Normal,7986,trace 8163,SetNotationFS,1,FALSE,TRUE,0.095238095,125.01
Credit Seeking,7986,trace 8164,RelationsFS,0,FALSE,TRUE,0.333333333,8.046153846
Credit Seeking,7986,trace 8165,EquivFS,0,FALSE,TRUE,0.555555556,3.305882353
Credit Seeking,7986,trace 8166,RegExFS,0,FALSE,TRUE,0.797814208,30.06153846
Normal,7986,trace 8167,RegEx2NFA1FS,0,FALSE,TRUE,0,20.24444444
Normal,7986,trace 8168,RegEx2NFAorFS,0,FALSE,TRUE,0,11.275
Normal,7986,trace 8169,RegEx2NFAcatFS,0,FALSE,TRUE,0,7.745454545
Normal,7986,trace 8170,RegEx2NFAstarFS,0,FALSE,TRUE,0,5.775
Normal,7986,trace 8171,RegEXtoNFAExampleFF,0,FALSE,TRUE,0.0625,13.14666667
Normal,7986,trace 8172,ConvertRLREFF,0,FALSE,TRUE,0,17.18823529
Credit Seeking,7986,trace 8173,RegularGrammarFF,0,FALSE,TRUE,0.807692308,3.303875969
Normal,7986,trace 8174,NFAToREFF,0,FALSE,TRUE,0.227272727,8.819047619
Normal,7986,trace 8175,REtoFAExampleFF,0,FALSE,TRUE,0,4.525
Normal,7986,trace 8176,RightLinearRGFF,0,FALSE,TRUE,0.055555556,13.01176471
Normal,7986,trace 8177,NFAToReExampleFF,0,FALSE,TRUE,0,4.12
Normal,7986,trace 8178,LeftLinearGrammarFF,0,FALSE,TRUE,0.139534884,68.12380952
Normal,7986,trace 8179,RegEXtoRegGrammarFF,0,FALSE,TRUE,0.256410256,6.9
Normal,7986,trace 8180,RegEXtoLeftRegGrammarFF,0,FALSE,TRUE,0.230769231,5.294736842
Normal,7986,trace 8181,STA,0,FALSE,TRUE,0,3.728571429
Normal,7986,trace 8182,ClosureConceptFF,0,FALSE,TRUE,0,2.938461538
Normal,7986,trace 8183,ClosureRegularLangFF,0,FALSE,TRUE,0.142857143,3.31
Credit Seeking,7986,trace 8184,RegularLangClosedInterFF,0,FALSE,TRUE,0.424242424,2.48
Credit Seeking,7986,trace 8185,RightQuotientFF,0,FALSE,TRUE,0.4,462.4202532
Normal,7986,trace 8186,HomomorphismFF,0,FALSE,TRUE,0.071428571,4.092307692
Normal,7986,trace 8187,introToNonRegularFF,0,FALSE,TRUE,0,4.657142857
Normal,7986,trace 8188,introToPumpingFF,0,FALSE,TRUE,0,4.018181818
Normal,7986,trace 8189,PLExample1FF,0,FALSE,FALSE,0.058823529,3.19375
Normal,7986,trace 8190,LanguagesFS,1,FALSE,FALSE,0,9.55
Credit Seeking,7986,trace 8191,SetNotationFS,1,TRUE,TRUE,0.583333333,24.13913043
Normal,7986,trace 8192,NFAFS,1,FALSE,FALSE,0,13.03333333
Credit Seeking,7986,trace 8193,NFAequivFS,1,TRUE,TRUE,0.428571429,1.2
Credit Seeking,7986,trace 8194,ContextFreeLanguagesFF,0,FALSE,FALSE,0.782608696,1.281818182
Normal,7986,trace 8195,introToNonRegularFF,1,FALSE,FALSE,0,9.930769231
Normal,7986,trace 8196,LeftLinearGrammarFF,1,FALSE,FALSE,0,30.68333333
Normal,7986,trace 8197,DPDAFF,0,FALSE,TRUE,0.230769231,3.768
Normal,7986,trace 8198,NCFLProofFF,0,FALSE,TRUE,0,8.1
Normal,7986,trace 8199,NCFLversusDCFLFF,0,FALSE,TRUE,0,2.025
Normal,7986,trace 8200,GrammarsForDCFLFF,0,FALSE,TRUE,0.066666667,2.442857143
Credit Seeking,7986,trace 8201,PDA,0,FALSE,TRUE,0.307692308,8.088
Normal,7986,trace 8202,PDATransitionsFF,0,TRUE,TRUE,0.043478261,107.9181818
Normal,7986,trace 8203,PDAAcceptanceFF,0,FALSE,TRUE,0,13.84736842
Normal,7986,trace 8204,PDAEmptyStackAcceptanceFF,0,FALSE,TRUE,0.052631579,27.68108108
Normal,7986,trace 8205,PDAAcceptanceEquivalenceFF,0,FALSE,TRUE,0,160.346875
Credit Seeking,7986,trace 8206,CFLPumpingLemmaFF,0,FALSE,FALSE,0.285714286,3.007692308
Normal,7986,trace 8207,CFLPumpingLemmaExample1FF,0,FALSE,FALSE,0.173913043,13.91363636
Credit Seeking,7986,trace 8208,NFAequivFS,1,TRUE,TRUE,0.352941176,6.825
Normal,7986,trace 8209,PLExample1FF,1,FALSE,TRUE,0.119047619,3.663414634
Normal,7986,trace 8210,PLExample2FF,0,FALSE,TRUE,0.093023256,11.64761905
Normal,7986,trace 8211,PLExample3FF,0,FALSE,TRUE,0.029411765,4.490909091
Normal,7986,trace 8212,PLExample4FF,0,FALSE,TRUE,0.033333333,3.386206897
Normal,7986,trace 8213,PLExample5FF,0,FALSE,TRUE,0,4.327272727
Normal,7986,trace 8214,PLExample6FF,0,FALSE,TRUE,0,3.14
Normal,7986,trace 8215,ClosurePropertiesFF,0,FALSE,TRUE,0,2.55
Normal,7986,trace 8216,ClosurePropertiesExample1FF,0,FALSE,TRUE,0.25,1.546666667
Normal,7986,trace 8217,ClosurePropertiesExample2FF,0,FALSE,TRUE,0.1,1.466666667
Normal,7986,trace 8218,ClosurePropertiesExample3FF,0,FALSE,TRUE,0,1.688888889
Normal,7986,trace 8219,ContextFreeLanguagesFF,1,FALSE,TRUE,0.21875,3.2
Credit Seeking,7986,trace 8220,CFGDerivationsFF,0,FALSE,FALSE,0.346153846,3.404
Normal,7986,trace 8221,TMGeneralModel,0,FALSE,FALSE,0,5.442857143
Normal,7986,trace 8222,TMInterpreting,0,FALSE,FALSE,0.25,1.033333333
Normal,7986,trace 8223,TMGeneralModel,1,FALSE,TRUE,0.212121212,35.28
Normal,7986,trace 8224,TMInterpreting,1,FALSE,TRUE,0,11.46363636
Normal,7986,trace 8225,TMDecidableVSAcceptable,0,FALSE,TRUE,0.071428571,7.861538462
Normal,7986,trace 8226,TMComplicatedMachine3,0,FALSE,TRUE,0,4.808
Normal,7986,trace 8227,CFGDerivationsFF,1,FALSE,TRUE,0.166666667,3.135849057
Normal,7986,trace 8228,DerivationTreesFF,0,FALSE,FALSE,0.058823529,1.88125
Credit Seeking,7986,trace 8229,MembershipProblemFF,0,FALSE,TRUE,0.361111111,4.691428571
Normal,7986,trace 8230,AmbiguityFF,0,FALSE,FALSE,0,1.775
Normal,7986,trace 8231,TransformGrammarsFF,0,FALSE,TRUE,0.054054054,2.2
Credit Seeking,7986,trace 8232,RemoveUselessFF,0,FALSE,TRUE,0.406779661,4.193103448
Normal,7986,trace 8233,RemoveLambdaFF,0,FALSE,TRUE,0.24,3.841666667
Normal,7986,trace 8234,RemoveUnitFF,0,FALSE,TRUE,0.2,3.779591837
Normal,7986,trace 8235,ChomskyNormalFormFF,0,FALSE,TRUE,0,2.014285714
Credit Seeking,7986,trace 8236,GreibachNormalFormFF,0,FALSE,TRUE,0.37254902,2.184
Credit Seeking,7986,trace 8237,PDACFLFF,0,FALSE,TRUE,0.424528302,1.792380952
Normal,7986,trace 8238,CFLClosurePropertiesFF,0,FALSE,TRUE,0,2.007692308
Normal,7986,trace 8239,CFLPumpingLemmaFF,1,FALSE,TRUE,0,1.563636364
Normal,7986,trace 8240,CFLPumpingLemmaExample1FF,1,FALSE,TRUE,0.086956522,1.554545455
Normal,7986,trace 8241,CFLPumpingLemmaExample2FF,0,FALSE,FALSE,0.14,2.451020408
Normal,7986,trace 8242,CFLPumpingLemmaExample3FF,0,FALSE,TRUE,0.03030303,2.25625
Normal,7986,trace 8243,CFLPumpingLemmaExample4FF,0,FALSE,TRUE,0.021276596,2.67826087
Normal,7986,trace 8244,CFLPumpingLemmaExample5FF,0,FALSE,TRUE,0.142857143,2.045833333
Normal,7986,trace 8245,PairToSortCONPI,0,FALSE,TRUE,0.272727273,3.057142857
Credit Seeking,7986,trace 8246,LowerBound,0,TRUE,TRUE,0.52,2.55
Normal,7986,trace 8247,TwoMulExample,0,FALSE,TRUE,0,2.288888889
Credit Seeking,7986,trace 8248,TravelSalesman,0,FALSE,TRUE,0.305555556,2.291428571
Normal,7986,trace 8249,KClique,0,FALSE,TRUE,0.142857143,2.092307692
Normal,7986,trace 8250,SATProof,0,FALSE,TRUE,0,2.183333333
Credit Seeking,7986,trace 8251,NPCCoping,0,FALSE,TRUE,0.444444444,2.392307692
Normal,7986,trace 8252,UnsolveableProblems1,0,FALSE,TRUE,0,1.766666667
Normal,7986,trace 8253,UnsolveableProblems2,0,FALSE,TRUE,0,1.8
Credit Seeking,7986,trace 8254,NFAequivFS,1,TRUE,TRUE,0.428571429,1.033333333
Normal,7986,trace 8255,AmbiguityFF,1,FALSE,FALSE,0,1.033333333
Credit Seeking,7986,trace 8256,KClique,1,FALSE,FALSE,0.5,3.42
Credit Seeking,7986,trace 8257,DPDAFF,1,FALSE,FALSE,0.818181818,3.195238095
Credit Seeking,7986,trace 8258,ContextFreeLanguagesFF,1,FALSE,FALSE,0.625,5.728571429
Normal,8009,trace 8259,LanguagesFS,0,FALSE,TRUE,0.237288136,27.15862069
Credit Seeking,8009,trace 8260,GrammarIntroFS,0,FALSE,TRUE,0.732824427,155.4476923
Credit Seeking,8009,trace 8261,LanguagesFS,1,FALSE,FALSE,0.444444444,9472.3875
Normal,8009,trace 8262,SetDefFS,0,FALSE,TRUE,0,104.5777778
Credit Seeking,8009,trace 8263,SetNotationFS,0,FALSE,TRUE,0.469387755,42.00416667
Credit Seeking,8009,trace 8264,RelationsFS,0,TRUE,TRUE,0.568181818,36.88837209
Normal,8009,trace 8265,EquivFS,0,FALSE,TRUE,0.2,13.8
Normal,8009,trace 8266,DFAintroFS,0,FALSE,TRUE,0.222222222,696.3153846
Normal,8009,trace 8267,DFAadvancedFS,0,FALSE,TRUE,0.058823529,12.1375
Credit Seeking,8009,trace 8268,NFAFS,0,FALSE,TRUE,0.5,26.92432432
Normal,8009,trace 8269,NFAequivFS,0,FALSE,TRUE,0,0.1
Credit Seeking,8009,trace 8270,NFA2DFAlargeExFS,0,FALSE,TRUE,0.323529412,17.43030303
Normal,8009,trace 8271,DFAMinFS,0,FALSE,TRUE,0.047619048,16.26
Normal,8009,trace 8272,DFAMinEx1FS,0,FALSE,TRUE,0.032258065,13.17333333
Normal,8009,trace 8273,DFAMinEx2FS,0,FALSE,TRUE,0.032258065,15.07333333
Credit Seeking,8009,trace 8274,RegExFS,0,FALSE,TRUE,0.691358025,24.215
Normal,8009,trace 8275,RegEx2NFA1FS,0,FALSE,TRUE,0,7.62
Normal,8009,trace 8276,RegEx2NFAorFS,0,FALSE,TRUE,0,12.02
Normal,8009,trace 8277,RegEx2NFAcatFS,0,FALSE,TRUE,0.076923077,5.35
Normal,8009,trace 8278,RegEx2NFAstarFS,0,FALSE,TRUE,0,4.775
Normal,8009,trace 8279,RegEXtoNFAExampleFF,0,FALSE,TRUE,0.066666667,28.44285714
Normal,8009,trace 8280,ConvertRLREFF,0,FALSE,TRUE,0,5.776470588
Credit Seeking,8009,trace 8281,RegExFS,1,FALSE,FALSE,0.545454545,13.02
Credit Seeking,8009,trace 8282,RegularGrammarFF,0,FALSE,TRUE,0.568965517,11.45964912
Credit Seeking,8009,trace 8283,NFAToREFF,0,FALSE,FALSE,0.571428571,1.866666667
Credit Seeking,8009,trace 8284,RegularGrammarFF,1,FALSE,FALSE,0.4,1.275
Normal,8009,trace 8285,NFAToREFF,1,FALSE,TRUE,0.052631579,16.17777778
Normal,8009,trace 8286,REtoFAExampleFF,0,FALSE,TRUE,0,5.65
Normal,8009,trace 8287,RightLinearRGFF,0,FALSE,TRUE,0,7.8
Normal,8009,trace 8288,NFAToReExampleFF,0,FALSE,TRUE,0.2,4.371428571
Normal,8009,trace 8289,LeftLinearGrammarFF,0,FALSE,TRUE,0.028571429,11.91764706
Normal,8009,trace 8290,RegEXtoRegGrammarFF,0,FALSE,TRUE,0.25,8.634285714
Normal,8009,trace 8291,RegEXtoLeftRegGrammarFF,0,FALSE,TRUE,0.035714286,6.377777778
Normal,8009,trace 8292,STA,0,FALSE,TRUE,0,4.016666667
Normal,8009,trace 8293,RegEXtoRegGrammarFF,1,FALSE,FALSE,0,1.55
Normal,8009,trace 8295,ClosureConceptFF,0,FALSE,TRUE,0,4.02
Normal,8009,trace 8296,ClosureRegularLangFF,0,FALSE,TRUE,0.1,12.11578947
Normal,8009,trace 8297,RegularLangClosedInterFF,0,FALSE,TRUE,0.269230769,6.180392157
Normal,8009,trace 8298,RightQuotientFF,0,TRUE,TRUE,0.133333333,5.390909091
Normal,8009,trace 8299,HomomorphismFF,0,FALSE,TRUE,0,6.12
Normal,8009,trace 8300,introToNonRegularFF,0,FALSE,TRUE,0,9.482352941
Normal,8009,trace 8301,introToPumpingFF,0,FALSE,TRUE,0.166666667,52.2
Normal,8009,trace 8302,PLExample1FF,0,FALSE,TRUE,0.057692308,46.2
Normal,8009,trace 8303,PLExample2FF,0,FALSE,TRUE,0.111111111,14.92
Normal,8009,trace 8304,PLExample3FF,0,FALSE,TRUE,0,2758.822222
Normal,8009,trace 8305,PLExample4FF,0,FALSE,TRUE,0,5.123076923
Normal,8009,trace 8306,PLExample5FF,0,FALSE,TRUE,0,29.77142857
Normal,8009,trace 8307,PLExample6FF,0,TRUE,TRUE,0.026315789,3.464864865
Normal,8009,trace 8308,ClosurePropertiesFF,0,FALSE,TRUE,0,6.05
Normal,8009,trace 8309,ClosurePropertiesExample1FF,0,FALSE,TRUE,0.153846154,7.35
Normal,8009,trace 8310,ClosurePropertiesExample2FF,0,FALSE,TRUE,0,5.742857143
Normal,8009,trace 8311,ClosurePropertiesExample3FF,0,FALSE,TRUE,0,5.025
Normal,8009,trace 8312,PLExample1FF,1,FALSE,FALSE,0,4.05
Credit Seeking,8009,trace 8313,ClosureRegularLangFF,1,FALSE,FALSE,0.4,2.525
Credit Seeking,8009,trace 8314,ContextFreeLanguagesFF,0,FALSE,TRUE,0.666666667,11.19189189
Normal,8009,trace 8315,CFGDerivationsFF,0,FALSE,TRUE,0.01754386,8.003571429
Normal,8009,trace 8316,DerivationTreesFF,0,FALSE,FALSE,0,13.16153846
Normal,8009,trace 8317,MembershipProblemFF,0,FALSE,TRUE,0.266666667,20.07586207
Normal,8009,trace 8318,AmbiguityFF,0,FALSE,TRUE,0.103448276,14.43571429
Normal,8009,trace 8319,MembershipProblemFF,1,FALSE,FALSE,0,1.55
Credit Seeking,8009,trace 8320,NFAequivFS,1,TRUE,TRUE,0.5,1.314285714
Normal,8009,trace 8323,TransformGrammarsFF,0,FALSE,TRUE,0.03125,7.812903226
Normal,8009,trace 8324,RemoveUselessFF,0,FALSE,TRUE,0.238095238,10.17560976
Normal,8009,trace 8325,RemoveLambdaFF,0,FALSE,TRUE,0,7.546666667
Normal,8009,trace 8326,RemoveUnitFF,0,FALSE,TRUE,0.204081633,8.275
Normal,8009,trace 8327,PDA,0,FALSE,FALSE,0,13.7
Normal,8009,trace 8328,ChomskyNormalFormFF,0,FALSE,FALSE,0,35.19090909
Normal,8009,trace 8329,RemoveLambdaFF,1,FALSE,FALSE,0,56.525
Normal,8009,trace 8330,RemoveUselessFF,1,FALSE,FALSE,0,27.55
Credit Seeking,8009,trace 8331,PDA,1,FALSE,TRUE,0.56,7.425
Normal,8009,trace 8332,PDATransitionsFF,0,FALSE,TRUE,0,10.56
Normal,8009,trace 8333,PDAAcceptanceFF,0,FALSE,TRUE,0.12,5.92244898
Normal,8009,trace 8334,PDAEmptyStackAcceptanceFF,0,FALSE,TRUE,0.024390244,5.48
Normal,8009,trace 8335,PDAAcceptanceEquivalenceFF,0,FALSE,TRUE,0,5.96
Normal,8009,trace 8336,PDACFLFF,0,FALSE,TRUE,0.196721311,24.57
Normal,8009,trace 8337,DPDAFF,0,FALSE,TRUE,0.047619048,14.31
Normal,8009,trace 8338,NCFLProofFF,0,FALSE,TRUE,0,70.82
Normal,8009,trace 8339,NCFLversusDCFLFF,0,FALSE,TRUE,0,8.025
Normal,8009,trace 8340,GrammarsForDCFLFF,0,FALSE,TRUE,0.076923077,6.6
Normal,8009,trace 8341,RemoveUnitFF,1,FALSE,FALSE,0,0.1
Normal,8009,trace 8342,CFLClosurePropertiesFF,0,FALSE,TRUE,0,25.88333333
Normal,8009,trace 8343,CFLPumpingLemmaFF,0,FALSE,TRUE,0.045454545,6.819047619
Normal,8009,trace 8345,ChomskyNormalFormFF,1,FALSE,TRUE,0,391.525
Normal,8009,trace 8346,GreibachNormalFormFF,0,FALSE,TRUE,0.105263158,12217.73514
Normal,8009,trace 8348,CFLPumpingLemmaExample1FF,0,FALSE,TRUE,0.125,7.710909091
Normal,8009,trace 8349,CFLPumpingLemmaExample2FF,0,FALSE,FALSE,0.192307692,6.41372549
Normal,8009,trace 8350,CFLPumpingLemmaExample3FF,0,FALSE,TRUE,0,7.859259259
Normal,8009,trace 8351,CFLPumpingLemmaExample4FF,0,FALSE,TRUE,0.066666667,6.277272727
Normal,8009,trace 8352,CFLPumpingLemmaExample5FF,0,FALSE,TRUE,0.204081633,7.545833333
Normal,8009,trace 8353,TMGeneralModel,0,FALSE,TRUE,0.106060606,6.556923077
Normal,8009,trace 8354,TMInterpreting,0,FALSE,TRUE,0.071428571,6.22962963
Normal,8009,trace 8355,TMDecidableVSAcceptable,0,FALSE,TRUE,0.125,9.613333333
Normal,8009,trace 8356,TravelSalesman,0,FALSE,TRUE,0,6.957894737
Normal,8009,trace 8357,UnsolveableProblems1,0,FALSE,TRUE,0,6.381818182
Normal,8009,trace 8358,UnsolveableProblems2,0,FALSE,TRUE,0,30.88571429
Normal,8009,trace 8359,NPCCoping,0,FALSE,TRUE,0,6.381818182
Normal,8009,trace 8360,SATProof,0,FALSE,TRUE,0.076923077,3.766666667
Normal,8009,trace 8361,TMComplicatedMachine3,0,FALSE,TRUE,0,15.2952381
Normal,8009,trace 8362,PairToSortCONPI,0,FALSE,TRUE,0.0625,5305.346667
Credit Seeking,8009,trace 8363,LowerBound,0,FALSE,TRUE,0.416666667,5.927272727
Normal,8009,trace 8364,TwoMulExample,0,FALSE,TRUE,0.05,6.378947368
Normal,8009,trace 8365,KClique,0,FALSE,TRUE,0,5.836363636
Normal,8045,trace 8366,LanguagesFS,0,FALSE,FALSE,0,19.2625
Normal,8045,trace 8367,GrammarIntroFS,0,FALSE,FALSE,0,82.55
Normal,8045,trace 8368,LanguagesFS,1,FALSE,TRUE,0,219.408
Normal,8045,trace 8369,DFAadvancedFS,0,FALSE,FALSE,0,5.05
Normal,8045,trace 8370,DFAintroFS,0,FALSE,FALSE,0,7.775
Normal,8045,trace 8372,ContextFreeLanguagesFF,0,FALSE,FALSE,0.25,3.033333333
Credit Seeking,8045,trace 8374,ContextFreeLanguagesFF,1,FALSE,FALSE,0.666666667,4.109090909
Normal,8045,trace 8375,LeftLinearGrammarFF,0,FALSE,TRUE,0,9.581818182
Normal,8045,trace 8376,PDACFLFF,0,FALSE,FALSE,0,40.79285714
Normal,8045,trace 8377,PDA,0,FALSE,TRUE,0,129.3818182
Normal,8045,trace 8378,PDATransitionsFF,0,TRUE,TRUE,0,21.16842105
Normal,8045,trace 8379,PDAAcceptanceFF,0,FALSE,TRUE,0,13.87027027
Normal,8045,trace 8380,PDAEmptyStackAcceptanceFF,0,FALSE,FALSE,0,11.12222222
Normal,8045,trace 8381,PDAAcceptanceEquivalenceFF,0,FALSE,FALSE,0,50.03333333
Normal,8045,trace 8382,GrammarsForDCFLFF,0,FALSE,TRUE,0,13.78461538
Normal,8045,trace 8383,PDACFLFF,1,FALSE,FALSE,0.045454545,37.90952381
Normal,8045,trace 8384,PDAAcceptanceEquivalenceFF,1,FALSE,TRUE,0,220.3
Normal,8045,trace 8385,TransformGrammarsFF,0,FALSE,TRUE,0,80.55862069
Normal,8045,trace 8386,RemoveUselessFF,0,FALSE,TRUE,0.055555556,47.11714286
Normal,8045,trace 8389,RemoveUnitFF,0,FALSE,FALSE,0,2.55
Normal,8045,trace 8390,ChomskyNormalFormFF,0,FALSE,TRUE,0,46.65714286
Normal,8045,trace 8391,GreibachNormalFormFF,0,FALSE,TRUE,0.058823529,15.0969697
Normal,8045,trace 8392,TMGeneralModel,0,FALSE,FALSE,0,43.01111111
Normal,8045,trace 8393,TMDecidableVSAcceptable,0,FALSE,FALSE,0,53.62
Normal,8045,trace 8394,TMInterpreting,0,FALSE,TRUE,0.090909091,262.7714286
Normal,8045,trace 8395,TMDecidableVSAcceptable,1,FALSE,TRUE,0,4.64
Normal,8045,trace 8396,TMGeneralModel,1,FALSE,TRUE,0.0625,17.47234043
Normal,8045,trace 8397,TMComplicatedMachine3,0,FALSE,TRUE,0,38.62857143
Normal,8045,trace 8398,TravelSalesman,0,FALSE,TRUE,0.1,57.90526316
Normal,8045,trace 8399,LowerBound,0,FALSE,FALSE,0,23.05
Normal,8045,trace 8400,UnsolveableProblems1,0,FALSE,TRUE,0,71.68888889
Normal,8045,trace 8401,PairToSortCONPI,0,FALSE,TRUE,0.125,87.94666667
Normal,8045,trace 8402,LowerBound,1,FALSE,FALSE,0.166666667,49.02
Normal,8045,trace 8403,TwoMulExample,0,FALSE,TRUE,0,33.24615385
Normal,8045,trace 8404,KClique,0,FALSE,TRUE,0,25.02222222
Normal,8045,trace 8405,SATProof,0,FALSE,TRUE,0,30.4
Normal,8045,trace 8406,NPCCoping,0,FALSE,TRUE,0,59.3
Normal,8045,trace 8407,UnsolveableProblems2,0,FALSE,TRUE,0,15.74285714
Normal,8070,trace 8408,RelationsFS,0,FALSE,FALSE,0.230769231,15.84166667
Credit Seeking,8070,trace 8409,LanguagesFS,0,FALSE,FALSE,0.739130435,4.413636364
Normal,8070,trace 8410,GrammarIntroFS,0,FALSE,FALSE,0.225806452,3.436666667
Credit Seeking,8070,trace 8411,DFAintroFS,0,FALSE,TRUE,0.322580645,46.34
Normal,8070,trace 8412,DFAadvancedFS,0,FALSE,FALSE,0,55.7
Credit Seeking,8070,trace 8413,NFAFS,0,FALSE,FALSE,0.333333333,6.1
Credit Seeking,8070,trace 8414,RegExFS,0,FALSE,FALSE,0.541666667,46400.6617
Normal,8070,trace 8415,PDACFLFF,0,FALSE,FALSE,0.142857143,3.85
Credit Seeking,8070,trace 8416,ContextFreeLanguagesFF,0,FALSE,FALSE,0.946428571,7.294545455
Credit Seeking,8070,trace 8417,NFA2DFAlargeExFS,0,FALSE,FALSE,0.6,3.025
Normal,8124,trace 8418,LanguagesFS,0,FALSE,TRUE,0,40.77058824
Normal,8124,trace 8419,GrammarIntroFS,0,FALSE,TRUE,0.034482759,47.04285714
Normal,8124,trace 8420,SetDefFS,0,FALSE,TRUE,0.111111111,16.025
Normal,8124,trace 8421,SetNotationFS,0,FALSE,TRUE,0,16.96190476
Credit Seeking,8124,trace 8422,RelationsFS,0,FALSE,TRUE,0.461538462,20.208
Normal,8124,trace 8423,EquivFS,0,FALSE,TRUE,0,33.84
Normal,8124,trace 8424,DFAintroFS,0,FALSE,TRUE,0,17.12222222
Normal,8124,trace 8425,DFAadvancedFS,0,FALSE,TRUE,0,23.37142857
Normal,8124,trace 8426,NFAFS,0,FALSE,TRUE,0,27.48
Normal,8124,trace 8427,NFAequivFS,0,FALSE,TRUE,0,0.1
Normal,8124,trace 8428,NFA2DFAlargeExFS,0,FALSE,TRUE,0,15.24705882
Normal,8124,trace 8429,DFAMinFS,0,FALSE,TRUE,0,34.01333333
Normal,8124,trace 8430,DFAMinEx1FS,0,FALSE,TRUE,0,17.78181818
Normal,8124,trace 8431,DFAMinEx2FS,0,FALSE,TRUE,0,29.048
Normal,8124,trace 8432,LanguagesFS,1,TRUE,TRUE,0,11.63125
Credit Seeking,8124,trace 8433,RegExFS,0,FALSE,TRUE,0.582278481,12.47692308
Normal,8124,trace 8434,RegEx2NFA1FS,0,FALSE,TRUE,0,8.355555556
Normal,8124,trace 8435,RegEx2NFAorFS,0,FALSE,TRUE,0,10.45714286
Normal,8124,trace 8436,RegEx2NFAcatFS,0,FALSE,TRUE,0,6.42
Normal,8124,trace 8437,RegEx2NFAstarFS,0,FALSE,TRUE,0,7.028571429
Normal,8124,trace 8438,RegEXtoNFAExampleFF,0,FALSE,TRUE,0,21.38181818
Normal,8124,trace 8439,ConvertRLREFF,0,FALSE,TRUE,0,23.075
Credit Seeking,8124,trace 8440,RegularGrammarFF,0,FALSE,TRUE,0.322580645,9.273333333
Normal,8124,trace 8441,NFAToREFF,0,FALSE,TRUE,0.157894737,13.95555556
Normal,8124,trace 8442,RightLinearRGFF,0,TRUE,TRUE,0,8.7625
Normal,8124,trace 8443,LeftLinearGrammarFF,0,FALSE,FALSE,0,25.62
Normal,8124,trace 8444,RegEXtoRegGrammarFF,0,FALSE,TRUE,0,20.61
Normal,8124,trace 8445,RegEXtoLeftRegGrammarFF,0,FALSE,TRUE,0.038461538,11.248
Normal,8124,trace 8446,STA,0,FALSE,TRUE,0,3.92
Normal,8124,trace 8447,ClosureConceptFF,0,FALSE,TRUE,0.083333333,6.563636364
Normal,8124,trace 8448,ClosureRegularLangFF,0,FALSE,TRUE,0,15.2625
Normal,8124,trace 8449,RegularLangClosedInterFF,0,FALSE,TRUE,0,14.43666667
Normal,8124,trace 8450,RightQuotientFF,0,TRUE,TRUE,0.076923077,25.63684211
Normal,8124,trace 8451,HomomorphismFF,0,FALSE,TRUE,0,9.577777778
Normal,8124,trace 8452,introToNonRegularFF,0,FALSE,TRUE,0,9.630769231
Normal,8124,trace 8453,introToPumpingFF,0,FALSE,TRUE,0,16.68888889
Normal,8124,trace 8454,PLExample1FF,0,FALSE,TRUE,0.024390244,10.755
Normal,8124,trace 8455,PLExample2FF,0,FALSE,TRUE,0.037037037,12.85384615
Normal,8124,trace 8456,PLExample3FF,0,FALSE,TRUE,0,9.888
Normal,8124,trace 8457,PLExample4FF,0,FALSE,TRUE,0,4.633333333
Normal,8124,trace 8458,PLExample5FF,0,FALSE,TRUE,0,6.41
Normal,8124,trace 8459,PLExample6FF,0,FALSE,TRUE,0.117647059,8.824242424
Normal,8124,trace 8460,ClosurePropertiesFF,0,FALSE,TRUE,0,6.3
Normal,8124,trace 8461,ClosurePropertiesExample1FF,0,FALSE,TRUE,0,7.911111111
Normal,8124,trace 8462,ClosurePropertiesExample2FF,0,FALSE,TRUE,0,8.314285714
Normal,8124,trace 8463,ClosurePropertiesExample3FF,0,FALSE,TRUE,0,9.275
Normal,8124,trace 8464,RegEx2NFA1FS,1,TRUE,TRUE,0.166666667,2.04
Normal,8124,trace 8465,ContextFreeLanguagesFF,0,FALSE,TRUE,0.107142857,45.08148148
Normal,8124,trace 8466,CFGDerivationsFF,0,FALSE,TRUE,0,9.4625
Normal,8124,trace 8467,DerivationTreesFF,0,FALSE,TRUE,0,12.15714286
Normal,8124,trace 8468,MembershipProblemFF,0,FALSE,TRUE,0.125,26.00869565
Credit Seeking,8124,trace 8469,AmbiguityFF,0,FALSE,TRUE,0.522727273,25.91162791
Normal,8124,trace 8470,TransformGrammarsFF,0,FALSE,TRUE,0,128.5259259
Credit Seeking,8124,trace 8471,RemoveUselessFF,0,FALSE,TRUE,0.569230769,7.8625
Normal,8124,trace 8472,RemoveLambdaFF,0,FALSE,TRUE,0,0.005882353
Credit Seeking,8124,trace 8473,RemoveUnitFF,0,FALSE,TRUE,0.518518519,10.9775
Normal,8124,trace 8474,ChomskyNormalFormFF,0,FALSE,TRUE,0,18.22857143
Normal,8124,trace 8475,GreibachNormalFormFF,0,FALSE,TRUE,0.225,9.620512821
Normal,8124,trace 8476,CFGDerivationsFF,1,FALSE,FALSE,0,6.42
Normal,8124,trace 8477,ContextFreeLanguagesFF,1,TRUE,TRUE,0,8.566666667
Normal,8124,trace 8478,PDA,0,FALSE,TRUE,0.133333333,41.72857143
Normal,8124,trace 8479,PDATransitionsFF,0,TRUE,TRUE,0.047619048,20.31
Normal,8124,trace 8480,PDAAcceptanceFF,0,FALSE,TRUE,0.025641026,16.92631579
Normal,8124,trace 8481,PDAEmptyStackAcceptanceFF,0,FALSE,TRUE,0,10.85882353
Normal,8124,trace 8482,PDAAcceptanceEquivalenceFF,0,FALSE,TRUE,0,8.104761905
Normal,8124,trace 8483,PDACFLFF,0,FALSE,TRUE,0.166666667,15.89056604
Normal,8124,trace 8484,DPDAFF,0,FALSE,TRUE,0.052631579,19.84444444
Normal,8124,trace 8485,NCFLProofFF,0,FALSE,TRUE,0,14.24444444
Normal,8124,trace 8486,NCFLversusDCFLFF,0,FALSE,TRUE,0,4.133333333
Normal,8124,trace 8487,GrammarsForDCFLFF,0,FALSE,TRUE,0.142857143,19.32307692
Normal,8124,trace 8488,CFLClosurePropertiesFF,0,FALSE,TRUE,0,20.53043478
Normal,8124,trace 8489,CFLPumpingLemmaFF,0,FALSE,TRUE,0.1,24.43157895
Normal,8124,trace 8490,CFLPumpingLemmaExample1FF,0,FALSE,TRUE,0,10.16774194
Normal,8124,trace 8491,CFLPumpingLemmaExample2FF,0,FALSE,FALSE,0,9.003448276
Normal,8124,trace 8492,CFLPumpingLemmaExample3FF,0,FALSE,TRUE,0,6.088
Normal,8124,trace 8493,CFLPumpingLemmaExample4FF,0,FALSE,TRUE,0,7.364102564
Normal,8124,trace 8494,CFLPumpingLemmaExample5FF,0,FALSE,TRUE,0,6.642424242
Normal,8124,trace 8495,TMGeneralModel,0,FALSE,TRUE,0.203125,12.43174603
Normal,8124,trace 8496,TMInterpreting,0,FALSE,TRUE,0.090909091,23.2952381
Normal,8124,trace 8497,TMDecidableVSAcceptable,0,FALSE,TRUE,0,22.52
Normal,8124,trace 8498,TMComplicatedMachine3,0,FALSE,TRUE,0.045454545,40.34285714
Normal,8124,trace 8499,PairToSortCONPI,0,FALSE,TRUE,0.111111111,75.42352941
Normal,8124,trace 8500,LowerBound,0,TRUE,TRUE,0,166.025
Normal,8124,trace 8501,TwoMulExample,0,FALSE,TRUE,0,405.4066667
Normal,8124,trace 8502,TravelSalesman,0,FALSE,TRUE,0.266666667,319.8689655
Normal,8124,trace 8503,KClique,0,FALSE,TRUE,0,60.22
Normal,8124,trace 8504,SATProof,0,FALSE,TRUE,0.090909091,56.72
Normal,8124,trace 8505,NPCCoping,0,FALSE,TRUE,0,118.32
Normal,8124,trace 8506,UnsolveableProblems1,0,FALSE,TRUE,0,75.91111111
Normal,8124,trace 8507,UnsolveableProblems2,0,FALSE,TRUE,0,45.88571429
Normal,8130,trace 8508,LanguagesFS,0,FALSE,FALSE,0.142857143,10.955
Credit Seeking,8130,trace 8509,GrammarIntroFS,0,FALSE,FALSE,0.4,9.163157895
Credit Seeking,8130,trace 8510,DFAintroFS,0,FALSE,FALSE,0.652173913,11.00454545
Credit Seeking,8130,trace 8511,RegExFS,0,FALSE,TRUE,0.576923077,208.8207792
Normal,8130,trace 8512,RegEx2NFA1FS,0,FALSE,TRUE,0,11.72
Normal,8130,trace 8513,RegEx2NFAorFS,0,FALSE,TRUE,0.090909091,11.22
Normal,8130,trace 8514,RegEx2NFAcatFS,0,FALSE,TRUE,0.066666667,9.942857143
Normal,8130,trace 8515,RegEx2NFAstarFS,0,FALSE,TRUE,0,16.62
Normal,8130,trace 8516,PDAAcceptanceFF,0,TRUE,TRUE,0.043478261,34.69333333
Normal,8130,trace 8517,PDAEmptyStackAcceptanceFF,0,FALSE,TRUE,0,7.662857143
Normal,8130,trace 8518,PDAAcceptanceEquivalenceFF,0,FALSE,FALSE,0.0625,9.606666667
Normal,8130,trace 8519,LanguagesFS,1,FALSE,TRUE,0.172413793,19.07857143
Normal,8130,trace 8520,GrammarIntroFS,1,FALSE,TRUE,0.161290323,24.44
Normal,8130,trace 8521,SetDefFS,0,FALSE,TRUE,0,12.9
Normal,8130,trace 8522,SetNotationFS,0,FALSE,TRUE,0.161290323,18.54
Normal,8130,trace 8523,RelationsFS,0,FALSE,TRUE,0.272727273,6.39047619
Credit Seeking,8130,trace 8524,EquivFS,0,FALSE,TRUE,0.333333333,3.290909091
Normal,8130,trace 8525,DFAintroFS,1,FALSE,TRUE,0.173913043,5.690909091
Normal,8130,trace 8526,DFAadvancedFS,0,FALSE,TRUE,0,10.01538462
Credit Seeking,8130,trace 8527,NFAFS,0,FALSE,TRUE,0.894444444,5.062569832
Normal,8130,trace 8528,NFAequivFS,0,FALSE,TRUE,0,10.4
Credit Seeking,8130,trace 8529,NFA2DFAlargeExFS,0,FALSE,TRUE,0.310344828,11.65
Normal,8130,trace 8530,TravelSalesman,0,FALSE,TRUE,0.2,207.1333333
Credit Seeking,8130,trace 8531,KClique,0,FALSE,TRUE,0.538461538,10.728
Normal,8130,trace 8532,SATProof,0,FALSE,TRUE,0,53.63076923
Credit Seeking,8130,trace 8533,NPCCoping,0,FALSE,TRUE,0.714285714,7.129166667
Normal,8130,trace 8534,UnsolveableProblems1,0,FALSE,TRUE,0,49.4
Normal,8130,trace 8535,UnsolveableProblems2,0,FALSE,TRUE,0,16.45714286
Normal,8130,trace 8536,TMGeneralModel,0,FALSE,FALSE,0.12962963,8.983018868
Normal,8130,trace 8538,DFAMinFS,0,FALSE,TRUE,0,4.819047619
Normal,8130,trace 8539,DFAMinEx1FS,0,FALSE,FALSE,0.1,3.952631579
Normal,8130,trace 8540,DFAMinEx2FS,0,FALSE,TRUE,0.066666667,194.9340909
Credit Seeking,8130,trace 8541,RegEXtoNFAExampleFF,0,FALSE,TRUE,0.375,6.226086957
Normal,8130,trace 8542,ConvertRLREFF,0,FALSE,TRUE,0,4.115789474
Credit Seeking,8130,trace 8543,RegularGrammarFF,0,FALSE,TRUE,0.454545455,5.888372093
Normal,8130,trace 8544,NFAToREFF,0,FALSE,TRUE,0.136363636,6.676190476
Normal,8130,trace 8545,REtoFAExampleFF,0,FALSE,TRUE,0,4.466666667
Normal,8130,trace 8546,RightLinearRGFF,0,FALSE,TRUE,0,6.813333333
Normal,8130,trace 8547,NFAToReExampleFF,0,FALSE,TRUE,0,5.02
Normal,8130,trace 8548,LeftLinearGrammarFF,0,FALSE,FALSE,0,5.442857143
Credit Seeking,8130,trace 8549,RegEXtoLeftRegGrammarFF,0,FALSE,FALSE,0.535714286,7.637037037
Credit Seeking,8130,trace 8550,RemoveUnitFF,0,FALSE,TRUE,0.56626506,8.709756098
Credit Seeking,8176,trace 8551,CFLClosurePropertiesFF,0,FALSE,FALSE,0.470588235,7.6375
Normal,8176,trace 8552,ContextFreeLanguagesFF,0,FALSE,FALSE,0,2611.8
Normal,8176,trace 8553,CFLClosurePropertiesFF,1,FALSE,TRUE,0,6.423529412
Credit Seeking,8176,trace 8554,ContextFreeLanguagesFF,1,FALSE,FALSE,0.727272727,23.72
Normal,8176,trace 8555,CFGDerivationsFF,0,FALSE,FALSE,0.25,1.215789474
Normal,8176,trace 8556,TMGeneralModel,0,FALSE,TRUE,0.17721519,16.68205128
Normal,8176,trace 8557,TMInterpreting,0,FALSE,TRUE,0.166666667,8.110344828
Normal,8176,trace 8558,TMDecidableVSAcceptable,0,FALSE,TRUE,0.166666667,4.011764706
Normal,8176,trace 8559,PairToSortCONPI,0,FALSE,TRUE,0.210526316,38.56666667
Credit Seeking,8176,trace 8560,LowerBound,0,FALSE,FALSE,0.470588235,33.19375
Normal,8176,trace 8561,TwoMulExample,0,FALSE,TRUE,0,83643.84444
Credit Seeking,8176,trace 8562,TravelSalesman,0,FALSE,FALSE,0.545454545,2.12
Normal,8176,trace 8563,UnsolveableProblems1,0,FALSE,TRUE,0,20.2
Normal,8176,trace 8564,UnsolveableProblems2,0,FALSE,TRUE,0,6.244444444
Normal,8176,trace 8565,UnsolveableProblems1,1,TRUE,TRUE,0,43.06666667
Normal,8176,trace 8566,SATProof,0,FALSE,TRUE,0.263157895,3.955555556
Normal,8176,trace 8567,TravelSalesman,1,FALSE,TRUE,0.125,4.87826087
Normal,8176,trace 8568,RemoveLambdaFF,0,FALSE,FALSE,0.142857143,2.516666667
Normal,8353,trace 8571,RegularGrammarFF,0,FALSE,TRUE,0.142857143,71.15555556
Normal,8353,trace 8572,NFAToREFF,0,FALSE,TRUE,0,10882.08571
Normal,8353,trace 8573,REtoFAExampleFF,0,FALSE,TRUE,0,14.525
Normal,8353,trace 8574,RightLinearRGFF,0,FALSE,FALSE,0,227.85
Normal,8353,trace 8575,NFAToReExampleFF,0,FALSE,TRUE,0,12.62
Normal,8353,trace 8576,LeftLinearGrammarFF,0,FALSE,TRUE,0.055555556,17.17714286
Normal,8353,trace 8577,RegEXtoRegGrammarFF,0,FALSE,TRUE,0,45.96666667
Normal,8353,trace 8578,RegEXtoLeftRegGrammarFF,0,FALSE,TRUE,0,23.88333333
Normal,8353,trace 8579,STA,0,FALSE,TRUE,0,4.133333333
Normal,8353,trace 8580,RegEXtoLeftRegGrammarFF,1,FALSE,FALSE,0,42.025
Normal,8353,trace 8581,ClosureConceptFF,0,FALSE,TRUE,0,32.68333333
Normal,8353,trace 8582,ClosureRegularLangFF,0,FALSE,TRUE,0,147.6133333
Normal,8353,trace 8583,RegularLangClosedInterFF,0,TRUE,TRUE,0,1996.386207
Normal,8353,trace 8584,RightQuotientFF,0,FALSE,FALSE,0.090909091,1405.565625
Normal,8353,trace 8585,RegularLangClosedInterFF,1,TRUE,FALSE,0,4231.033333
Normal,8353,trace 8586,RightQuotientFF,1,FALSE,TRUE,0,30.68888889
Normal,8353,trace 8587,HomomorphismFF,0,FALSE,TRUE,0,20.92
Normal,8353,trace 8588,introToNonRegularFF,0,FALSE,TRUE,0,14.01333333
Credit Seeking,8353,trace 8589,ContextFreeLanguagesFF,0,FALSE,FALSE,0.810810811,53.67222222
Normal,8353,trace 8590,CFGDerivationsFF,0,FALSE,FALSE,0.115384615,31.484
Normal,8353,trace 8591,DerivationTreesFF,0,FALSE,TRUE,0,8.836363636
Normal,8353,trace 8592,AmbiguityFF,0,FALSE,TRUE,0,89.41
Normal,8353,trace 8593,CFGDerivationsFF,1,FALSE,FALSE,0,5.033333333
Credit Seeking,8353,trace 8594,ContextFreeLanguagesFF,1,FALSE,FALSE,0.4,11.05
Normal,8353,trace 8595,MembershipProblemFF,0,FALSE,FALSE,0,8.033333333
Normal,8353,trace 8597,DFAFF,0,FALSE,FALSE,0,5.157142857
Normal,8353,trace 8598,ContextFreeLanguagesFF,1,FALSE,FALSE,0,83.525
Normal,8353,trace 8599,TransformGrammarsFF,0,FALSE,TRUE,0,543.5733333
Normal,8353,trace 8600,RemoveUselessFF,0,FALSE,TRUE,0,547.0814815
Normal,8353,trace 8601,RemoveLambdaFF,0,FALSE,TRUE,0.08,2293.133333
Normal,8353,trace 8602,RemoveUnitFF,0,FALSE,FALSE,0,31.55
Normal,8353,trace 8603,ChomskyNormalFormFF,0,FALSE,TRUE,0,72.86153846
Normal,8353,trace 8604,GreibachNormalFormFF,0,FALSE,TRUE,0.152173913,1649.135556
Normal,8353,trace 8605,PDAEmptyStackAcceptanceFF,0,FALSE,FALSE,0.035714286,15.81851852
Normal,8353,trace 8606,PDATransitionsFF,0,FALSE,TRUE,0,69.6375
Normal,8353,trace 8607,PDAEmptyStackAcceptanceFF,1,FALSE,FALSE,0,8.05
Normal,8353,trace 8608,PDAAcceptanceFF,0,FALSE,FALSE,0,440.7769231
Normal,8353,trace 8609,PDATransitionsFF,1,TRUE,TRUE,0,0.1
Normal,8353,trace 8610,PDAAcceptanceFF,1,FALSE,TRUE,0,13.648
Normal,8353,trace 8611,PDAEmptyStackAcceptanceFF,1,FALSE,TRUE,0,42.65454545
Normal,8353,trace 8612,PDAAcceptanceEquivalenceFF,0,FALSE,FALSE,0,87.42
Normal,8353,trace 8613,PDACFLFF,0,FALSE,FALSE,0.035714286,75.07777778
Credit Seeking,8353,trace 8614,PDAAcceptanceEquivalenceFF,1,FALSE,FALSE,0.416666667,26.74545455
Normal,8353,trace 8615,TMGeneralModel,0,FALSE,TRUE,0.050847458,52.96896552
Normal,8353,trace 8616,TMInterpreting,0,FALSE,FALSE,0,26563.05
Normal,8353,trace 8617,TMDecidableVSAcceptable,0,FALSE,TRUE,0,33.68888889
Normal,8353,trace 8618,NFAtoDFAFF,0,FALSE,TRUE,0,20.86666667
Normal,8353,trace 8619,PairToSortCONPI,0,FALSE,FALSE,0.142857143,17.35
Normal,8353,trace 8620,TravelSalesman,0,FALSE,TRUE,0.095238095,2627.56
Normal,8353,trace 8621,UnsolveableProblems1,0,FALSE,TRUE,0,698.15
Normal,8353,trace 8622,UnsolveableProblems2,0,FALSE,TRUE,0,6.457142857
Normal,8556,trace 8623,LanguagesFS,0,FALSE,TRUE,0,9288.283333
Normal,8556,trace 8624,GrammarIntroFS,0,FALSE,TRUE,0.032258065,25.07333333
Normal,8556,trace 8625,SetDefFS,0,FALSE,FALSE,0.2,4.525
Normal,8556,trace 8626,LanguagesFS,1,FALSE,FALSE,0,1.05
Normal,8556,trace 8627,SetDefFS,1,FALSE,TRUE,0,60.64
Normal,8556,trace 8628,SetNotationFS,0,FALSE,TRUE,0,58.37272727
Credit Seeking,8556,trace 8629,RelationsFS,0,FALSE,TRUE,0.631578947,90.81621622
Credit Seeking,8556,trace 8630,EquivFS,0,FALSE,TRUE,0.384615385,338.4333333
Normal,8556,trace 8631,DFAintroFS,0,FALSE,TRUE,0.043478261,15217.23636
Normal,8556,trace 8632,DFAadvancedFS,0,FALSE,TRUE,0,143.9428571
Normal,8556,trace 8633,NFAFS,0,FALSE,FALSE,0,26.02
Credit Seeking,8556,trace 8634,NFA2DFAlargeExFS,0,FALSE,FALSE,0.333333333,10.62
Credit Seeking,8556,trace 8635,NFAFS,1,FALSE,TRUE,0.892086331,7.885507246
Normal,8556,trace 8636,NFAequivFS,0,FALSE,TRUE,0,0.1
Normal,8556,trace 8637,NFA2DFAlargeExFS,1,FALSE,TRUE,0,45.61333333
Normal,8556,trace 8638,DFAMinFS,0,FALSE,TRUE,0.173913043,42.14545455
Normal,8556,trace 8639,DFAMinEx1FS,0,FALSE,FALSE,0,16.08461538
Normal,8556,trace 8640,NFAequivFS,1,TRUE,TRUE,0,0.1
Normal,8556,trace 8641,RegEx2NFAstarFS,0,FALSE,TRUE,0,6.775
Normal,8556,trace 8642,RegEXtoNFAExampleFF,0,FALSE,FALSE,0,2.4
Normal,8556,trace 8643,NFAequivFS,1,TRUE,TRUE,0,0.1
Normal,8556,trace 8644,DFAMinFS,1,FALSE,FALSE,0,6.366666667
Normal,8556,trace 8645,introToNonRegularFF,0,FALSE,TRUE,0,12.8
Normal,8556,trace 8646,introToPumpingFF,0,FALSE,TRUE,0,6.466666667
Normal,8556,trace 8647,PLExample1FF,0,FALSE,TRUE,0.018518519,56.15283019
Normal,8556,trace 8648,PLExample2FF,0,FALSE,FALSE,0,7.42
Credit Seeking,8556,trace 8649,PLExample6FF,0,FALSE,FALSE,0.464285714,5.781481481
Normal,8556,trace 8650,PLExample4FF,0,FALSE,FALSE,0,4.372727273
Normal,8556,trace 8651,PLExample6FF,1,FALSE,FALSE,0.055555556,76.41764706
Normal,8556,trace 8652,PLExample5FF,0,FALSE,TRUE,0,4.530434783
Normal,8556,trace 8653,PLExample6FF,1,FALSE,FALSE,0,1.55
Normal,8556,trace 8654,ClosureConceptFF,0,FALSE,FALSE,0,4.6375
Normal,8556,trace 8655,ClosureRegularLangFF,0,FALSE,TRUE,0,11.48235294
Normal,8556,trace 8656,CFGDerivationsFF,0,FALSE,FALSE,0,13754.5125
Normal,8556,trace 8658,RemoveUnitFF,0,FALSE,FALSE,0,1.05
Normal,8556,trace 8660,TransformGrammarsFF,0,FALSE,FALSE,0,65.56666667
Normal,8556,trace 8661,LeftLinearGrammarFF,0,FALSE,TRUE,0,8.557894737
Normal,8556,trace 8662,NCFLProofFF,0,FALSE,FALSE,0,3.42
Credit Seeking,8556,trace 8663,PDACFLFF,0,FALSE,FALSE,0.523809524,5.872580645
Normal,8556,trace 8664,PDAEmptyStackAcceptanceFF,0,FALSE,TRUE,0.02,4.575510204
Normal,8556,trace 8665,PDAAcceptanceEquivalenceFF,0,FALSE,TRUE,0.043478261,2.645454545
Credit Seeking,8556,trace 8666,PDACFLFF,1,FALSE,FALSE,0.3125,3.873333333
Normal,8556,trace 8667,CFLPumpingLemmaFF,0,FALSE,TRUE,0,73.09166667
Normal,8556,trace 8668,CFLPumpingLemmaExample1FF,0,TRUE,TRUE,0.20754717,6.35
Normal,8556,trace 8669,DPDAFF,0,FALSE,FALSE,0,9.85
Normal,8556,trace 8670,NCFLversusDCFLFF,0,FALSE,TRUE,0,3.775
Normal,8556,trace 8671,NCFLProofFF,1,FALSE,TRUE,0,3.64
Normal,8556,trace 8672,DPDAFF,1,FALSE,TRUE,0,123.1
Credit Seeking,8556,trace 8673,ContextFreeLanguagesFF,0,FALSE,TRUE,0.557142857,10.5826087
Normal,8556,trace 8674,CFGDerivationsFF,1,FALSE,TRUE,0.150943396,3.792307692
Normal,8556,trace 8675,DerivationTreesFF,0,FALSE,TRUE,0,4.933333333
Normal,8556,trace 8676,MembershipProblemFF,0,FALSE,TRUE,0,8.827272727
Credit Seeking,8556,trace 8677,AmbiguityFF,0,FALSE,TRUE,0.348837209,2.552380952
Normal,8556,trace 8678,DFAMinEx1FS,1,FALSE,TRUE,0,2.1
Normal,8556,trace 8679,RemoveUselessFF,0,FALSE,FALSE,0,1.35
Credit Seeking,8556,trace 8680,RemoveUnitFF,1,FALSE,FALSE,0.35,10.23333333
Normal,8556,trace 8681,TMGeneralModel,0,FALSE,FALSE,0,2.85
Normal,8556,trace 8682,TMDecidableVSAcceptable,0,FALSE,FALSE,0,3.3
Normal,8556,trace 8683,TMComplicatedMachine3,0,FALSE,FALSE,0,1.275
Normal,8556,trace 8684,UnsolveableProblems1,0,FALSE,FALSE,0,1.05
Normal,8556,trace 8685,UnsolveableProblems2,0,FALSE,TRUE,0,1.577777778
Normal,8670,trace 8686,PDACFLFF,0,FALSE,FALSE,0,23.3
Normal,8670,trace 8687,PairToSortCONPI,0,FALSE,FALSE,0,28.35
Normal,8776,trace 8688,SetDefFF,0,FALSE,TRUE,0,10.03333333
Normal,8776,trace 8689,SetCommonSymbolsFF,0,FALSE,TRUE,0.04,19.21666667
Normal,8776,trace 8690,RelationsFF,0,FALSE,TRUE,0.1,21.58947368
Normal,8776,trace 8691,MathProofFF,0,FALSE,FALSE,0.166666667,34.89411765
Normal,8776,trace 8692,MajorConceptsFF,0,FALSE,TRUE,0,80.38378378
Credit Seeking,8776,trace 8693,GrammarIntroFF,0,FALSE,FALSE,0.538461538,32.221875
Normal,8776,trace 8694,DFAFF,0,FALSE,TRUE,0.035714286,58.00740741
Normal,8776,trace 8695,FADefinitionsFF,0,FALSE,TRUE,0,217.2461538
Normal,8776,trace 8696,NFA,0,FALSE,TRUE,0.074074074,35.27692308
Normal,8776,trace 8697,NFA2DFAFrames,0,FALSE,TRUE,0.2,24.96666667
Normal,8776,trace 8698,NFAtoDFAFF,0,FALSE,TRUE,0,14.03333333
Normal,8776,trace 8699,DFAMinimizationFF,0,FALSE,TRUE,0.085714286,62.91764706
Normal,8776,trace 8700,MinimizationWithQuestionsFF,0,FALSE,TRUE,0.157894737,115.7081081
Normal,8776,trace 8701,MinimizationWithQuestions2FF,0,FALSE,TRUE,0,39.31538462
Credit Seeking,8776,trace 8702,RegularExpressionsFF,0,FALSE,TRUE,0.46875,38.44761905
Normal,8776,trace 8703,RegEXandRegLangFF,0,FALSE,TRUE,0,22.78888889
Normal,8776,trace 8704,RegEXandRegLangORFF,0,FALSE,TRUE,0,12.51666667
Normal,8776,trace 8705,RegEXandRegLangConcatFF,0,FALSE,TRUE,0,12.56363636
Normal,8776,trace 8706,RegEXtoNFAExampleFF,0,FALSE,FALSE,0.125,61.3
Normal,8776,trace 8707,RegEXandRegLangStarFF,0,FALSE,TRUE,0,12.70769231
Normal,8776,trace 8708,RegEXtoNFAExampleFF,1,FALSE,TRUE,0,31.04
Normal,8776,trace 8709,ConvertRLREFF,0,FALSE,TRUE,0.052631579,60.45555556
Credit Seeking,8776,trace 8710,ContextFreeLanguagesFF,0,FALSE,TRUE,0.29787234,85.46086957
Normal,8776,trace 8711,CFGDerivationsFF,0,FALSE,TRUE,0.02,21.92244898
Normal,8776,trace 8712,DerivationTreesFF,0,FALSE,TRUE,0,11.51666667
Normal,8776,trace 8713,MembershipProblemFF,0,FALSE,TRUE,0.2,49.8
Normal,8776,trace 8714,AmbiguityFF,0,FALSE,TRUE,0.185185185,51.62307692
Normal,8776,trace 8715,TransformGrammarsFF,0,FALSE,TRUE,0,43.69655172
Normal,8776,trace 8716,RemoveLambdaFF,0,FALSE,FALSE,0,23.78888889
Credit Seeking,8776,trace 8717,PDA,0,FALSE,TRUE,0.5,46.54594595
Normal,8776,trace 8718,PDATransitionsFF,0,FALSE,TRUE,0.107142857,139.8222222
Normal,8776,trace 8719,PDAAcceptanceFF,0,FALSE,FALSE,0,8.775
Normal,8776,trace 8722,TMGeneralModel,0,FALSE,TRUE,0.120689655,26.05614035
Normal,8776,trace 8723,TMInterpreting,0,FALSE,TRUE,0.083333333,311.3565217
Normal,8776,trace 8724,TMDecidableVSAcceptable,0,FALSE,TRUE,0.1875,25.61333333
Normal,8776,trace 8725,RemoveUselessFF,0,FALSE,TRUE,0.060606061,84.06875
Normal,8776,trace 8726,RemoveLambdaFF,1,FALSE,TRUE,0.153846154,20.93333333
Normal,8776,trace 8727,RemoveUnitFF,0,FALSE,TRUE,0.075,1707.671795
Normal,8776,trace 8728,ChomskyNormalFormFF,0,FALSE,TRUE,0,147.8615385
Normal,8776,trace 8729,GreibachNormalFormFF,0,FALSE,FALSE,0,28.055
Normal,8776,trace 8730,PDA,1,TRUE,TRUE,0.0625,45.41333333
Normal,8776,trace 8731,PDATransitionsFF,1,TRUE,TRUE,0.045454545,62.96190476
Normal,8776,trace 8732,PDAAcceptanceFF,1,FALSE,TRUE,0,19.61666667
Normal,8776,trace 8733,PDAEmptyStackAcceptanceFF,0,FALSE,TRUE,0.027027027,3950.922222
Normal,8776,trace 8734,PairToSortCONPI,0,FALSE,TRUE,0.066666667,30.01428571
Normal,8776,trace 8735,LowerBound,0,FALSE,TRUE,0,51.2
Normal,8776,trace 8736,TwoMulExample,0,FALSE,TRUE,0.052631579,2.9
Normal,8776,trace 8737,TravelSalesman,0,FALSE,TRUE,0.047619048,10.61
Credit Seeking,8807,trace 8738,LanguagesFS,0,FALSE,TRUE,0.453333333,40.25945946
Normal,8807,trace 8739,GrammarIntroFS,0,FALSE,TRUE,0.023809524,1212.712195
Normal,8807,trace 8740,LanguagesFS,1,FALSE,FALSE,0.1,11297.12222
Credit Seeking,8807,trace 8741,RegExFS,0,FALSE,FALSE,0.571428571,329.35625
Normal,8807,trace 8742,SetDefFS,0,FALSE,TRUE,0,13.88571429
Normal,8807,trace 8743,SetNotationFS,0,FALSE,TRUE,0.236842105,16.92432432
Normal,8807,trace 8744,RelationsFS,0,FALSE,TRUE,0.117647059,39.8875
Normal,8807,trace 8745,EquivFS,0,FALSE,FALSE,0.142857143,57.18333333
Credit Seeking,8807,trace 8746,LanguagesFS,1,FALSE,FALSE,0.4,0.775
Credit Seeking,8807,trace 8747,ContextFreeLanguagesFF,0,FALSE,TRUE,0.538461538,1167.940625
Credit Seeking,8807,trace 8748,CFGDerivationsFF,0,FALSE,FALSE,0.35,18.21578947
Credit Seeking,8807,trace 8749,ContextFreeLanguagesFF,1,FALSE,FALSE,0.571428571,3.85
Normal,8807,trace 8750,CFGDerivationsFF,1,FALSE,TRUE,0.02173913,7.671111111
Normal,8807,trace 8751,DerivationTreesFF,0,FALSE,TRUE,0,6.246153846
Normal,8807,trace 8752,MembershipProblemFF,0,FALSE,FALSE,0,0.1
Normal,8807,trace 8753,EquivFS,1,FALSE,TRUE,0,2.066666667
Normal,8807,trace 8755,NFAequivFS,0,FALSE,TRUE,0,5.066666667
Credit Seeking,8807,trace 8756,NFA2DFAlargeExFS,0,FALSE,FALSE,0.636363636,31.159375
Credit Seeking,8807,trace 8757,TMGeneralModel,0,FALSE,FALSE,0.313253012,12.37926829
Normal,8807,trace 8758,TMInterpreting,0,FALSE,FALSE,0.058823529,27.69375
Normal,8807,trace 8759,ClosureConceptFF,0,FALSE,TRUE,0.071428571,4.4
Normal,8807,trace 8760,ClosureRegularLangFF,0,FALSE,TRUE,0,23.34666667
Normal,8807,trace 8762,TMDecidableVSAcceptable,0,FALSE,TRUE,0.066666667,20.87142857
Normal,8807,trace 8763,PDA,0,FALSE,FALSE,0,3.728571429
Normal,8807,trace 8764,TravelSalesman,0,FALSE,TRUE,0,67.84444444
Normal,8807,trace 8765,KClique,0,FALSE,TRUE,0,36.52
Credit Seeking,8807,trace 8766,SATProof,0,FALSE,FALSE,0.454545455,3.31
Normal,8807,trace 8767,TMInterpreting,1,FALSE,TRUE,0.230769231,1.433333333
Credit Seeking,8827,trace 8768,RegularExpressionsFF,0,FALSE,FALSE,0.375,1.742857143
Normal,8827,trace 8769,introToNonRegularFF,0,FALSE,FALSE,0,2.925
Normal,8827,trace 8770,TMGeneralModel,0,FALSE,FALSE,0.181818182,5.784375
Normal,8827,trace 8771,TMInterpreting,0,FALSE,FALSE,0,2.066666667
Normal,8827,trace 8772,DFAFF,0,FALSE,FALSE,0,0.55
Credit Seeking,8827,trace 8773,FADefinitionsFF,0,FALSE,FALSE,0.454545455,2.12
Normal,8827,trace 8774,ContextFreeLanguagesFF,0,FALSE,FALSE,0.25,1.066666667
Credit Seeking,8827,trace 8776,KClique,0,FALSE,TRUE,0.575757576,9.94375
Credit Seeking,8827,trace 8777,PairToSortCONPI,0,FALSE,TRUE,0.419354839,10.34
Credit Seeking,8827,trace 8778,LowerBound,0,FALSE,FALSE,0.756756757,4.891666667
Normal,8827,trace 8779,TwoMulExample,0,FALSE,TRUE,0.04,3.05
Credit Seeking,8827,trace 8780,TravelSalesman,0,FALSE,TRUE,0.675675676,4.016438356
Normal,8827,trace 8781,SATProof,0,FALSE,TRUE,0.25,3.946666667
Normal,8827,trace 8782,NPCCoping,0,FALSE,TRUE,0,4.553846154
Normal,8827,trace 8783,UnsolveableProblems1,0,FALSE,TRUE,0,4.472727273
Normal,8827,trace 8784,UnsolveableProblems2,0,FALSE,TRUE,0.083333333,2.654545455
Normal,8827,trace 8786,UnsolveableProblems2,1,TRUE,TRUE,0,2.775
Credit Seeking,8827,trace 8787,RelationsFF,0,FALSE,TRUE,0.447368421,2.086486486
Normal,8828,trace 8789,LanguagesFS,0,FALSE,TRUE,0,193.8186047
Normal,8828,trace 8790,GrammarIntroFS,0,FALSE,TRUE,0.204545455,74.3744186
Normal,8828,trace 8791,DFAintroFS,0,FALSE,FALSE,0.111111111,19.5125
Normal,8828,trace 8792,DFAMinFS,0,FALSE,FALSE,0,11.025
Normal,8828,trace 8793,DFAMinEx2FS,0,FALSE,FALSE,0,23.46363636
Normal,8828,trace 8794,LanguagesFS,1,TRUE,TRUE,0,139.3736842
Normal,8828,trace 8795,GrammarIntroFS,1,TRUE,TRUE,0.032258065,25.24
Normal,8828,trace 8796,SetDefFS,0,FALSE,TRUE,0.2,1011.022222
Normal,8828,trace 8797,SetNotationFS,0,FALSE,TRUE,0.038461538,14.248
Normal,8828,trace 8798,RelationsFS,0,FALSE,TRUE,0.0625,9.413333333
Normal,8828,trace 8799,EquivFS,0,FALSE,TRUE,0.1,11.35555556
Credit Seeking,8828,trace 8800,DFAintroFS,1,FALSE,TRUE,0.648148148,9.437735849
Normal,8828,trace 8801,DFAadvancedFS,0,FALSE,TRUE,0,15.075
Normal,8828,trace 8802,NFAFS,0,FALSE,TRUE,0.047619048,22.01
Normal,8828,trace 8803,NFAequivFS,0,FALSE,TRUE,0,0.1
Normal,8828,trace 8804,NFA2DFAlargeExFS,0,FALSE,TRUE,0,13.77647059
Normal,8828,trace 8805,DFAMinFS,1,FALSE,TRUE,0.055555556,235.3647059
Normal,8828,trace 8806,DFAMinEx1FS,0,FALSE,TRUE,0.038461538,12.448
Normal,8828,trace 8807,DFAMinEx2FS,1,FALSE,TRUE,0,12.63076923
Normal,8828,trace 8808,RegExFS,0,FALSE,FALSE,0.1,10.23333333
Normal,8828,trace 8809,RegEXtoNFAExampleFF,0,FALSE,FALSE,0.111111111,6.525
Normal,8828,trace 8810,ContextFreeLanguagesFF,0,FALSE,FALSE,0.111111111,16.3875
Normal,8828,trace 8811,TransformGrammarsFF,0,FALSE,TRUE,0,26.43076923
Normal,8828,trace 8812,ChomskyNormalFormFF,0,FALSE,FALSE,0,5.3
Normal,8828,trace 8813,LeftLinearGrammarFF,0,FALSE,TRUE,0,18.45806452
Normal,8828,trace 8814,REtoFAExampleFF,0,FALSE,FALSE,0,1.05
Normal,8828,trace 8816,REtoFAExampleFF,1,FALSE,FALSE,0,4.366666667
Normal,8828,trace 8817,NFAToReExampleFF,0,FALSE,TRUE,0,10.65454545
Normal,8828,trace 8818,PDA,0,FALSE,FALSE,0,112.0333333
Normal,8828,trace 8819,PDACFLFF,0,FALSE,FALSE,0,51.78888889
Normal,8828,trace 8820,RemoveLambdaFF,0,FALSE,TRUE,0.136363636,4918.152381
Normal,8828,trace 8821,PDAAcceptanceEquivalenceFF,0,FALSE,TRUE,0,84.905
Normal,8828,trace 8822,NFAequivFS,1,TRUE,TRUE,0.2,6.05
Credit Seeking,8828,trace 8823,RegExFS,1,FALSE,TRUE,0.463414634,13.305
Normal,8828,trace 8824,RegEx2NFA1FS,0,FALSE,TRUE,0,4.577777778
Normal,8828,trace 8825,RegEx2NFAorFS,0,FALSE,TRUE,0,4.457142857
Normal,8828,trace 8826,RegEx2NFAcatFS,0,FALSE,TRUE,0.083333333,3.836363636
Normal,8828,trace 8827,RegEx2NFAstarFS,0,FALSE,TRUE,0,2.65
Normal,8828,trace 8828,RegEXtoNFAExampleFF,1,FALSE,TRUE,0,5.885714286
Normal,8828,trace 8829,ConvertRLREFF,0,FALSE,TRUE,0,5.961904762
Credit Seeking,8828,trace 8830,RegularGrammarFF,0,FALSE,TRUE,0.457142857,6.8
Normal,8828,trace 8831,NFAToREFF,0,FALSE,TRUE,0,29.61333333
Normal,8828,trace 8832,REtoFAExampleFF,1,FALSE,TRUE,0,3.366666667
Normal,8828,trace 8833,RightLinearRGFF,0,TRUE,TRUE,0,4.1375
Normal,8828,trace 8834,RegEXtoRegGrammarFF,0,FALSE,TRUE,0.068965517,21.04285714
Normal,8828,trace 8835,RegEXtoLeftRegGrammarFF,0,FALSE,TRUE,0.035714286,11.63703704
Normal,8828,trace 8836,STA,0,FALSE,TRUE,0,2.82
Normal,8828,trace 8837,ClosureConceptFF,0,FALSE,TRUE,0,4.563636364
Normal,8828,trace 8838,ClosureRegularLangFF,0,FALSE,TRUE,0,8.344444444
Normal,8828,trace 8839,RegularLangClosedInterFF,0,FALSE,TRUE,0.032258065,5.606666667
Normal,8828,trace 8840,RightQuotientFF,0,TRUE,TRUE,0.0625,5.344680851
Normal,8828,trace 8841,HomomorphismFF,0,FALSE,TRUE,0,6.022222222
Normal,8828,trace 8842,introToNonRegularFF,0,FALSE,TRUE,0,5.013333333
Normal,8828,trace 8843,introToPumpingFF,0,FALSE,TRUE,0,3.775
Normal,8828,trace 8844,PLExample1FF,0,FALSE,TRUE,0.083333333,7.323404255
Normal,8828,trace 8845,PLExample2FF,0,FALSE,TRUE,0,3.930769231
Normal,8828,trace 8846,PLExample3FF,0,FALSE,TRUE,0,5.2
Normal,8828,trace 8847,PLExample4FF,0,FALSE,TRUE,0,3.430769231
Normal,8828,trace 8848,PLExample5FF,0,FALSE,TRUE,0,3.1
Normal,8828,trace 8849,PLExample6FF,0,TRUE,TRUE,0.054054054,3.088888889
Normal,8828,trace 8850,ClosurePropertiesFF,0,FALSE,TRUE,0,2.3
Normal,8828,trace 8851,ClosurePropertiesExample1FF,0,FALSE,TRUE,0.083333333,8.018181818
Normal,8828,trace 8852,ClosurePropertiesExample2FF,0,FALSE,TRUE,0,9.171428571
Normal,8828,trace 8853,ClosurePropertiesExample3FF,0,FALSE,TRUE,0,1.525
Normal,8828,trace 8854,ContextFreeLanguagesFF,1,FALSE,TRUE,0.047619048,7.31
Normal,8828,trace 8855,CFGDerivationsFF,0,FALSE,TRUE,0.140625,6.288888889
Normal,8828,trace 8856,DerivationTreesFF,0,FALSE,TRUE,0,3.657142857
Normal,8828,trace 8857,MembershipProblemFF,0,FALSE,TRUE,0.142857143,7.340740741
Normal,8828,trace 8858,AmbiguityFF,0,FALSE,TRUE,0.125,4.660869565
Normal,8828,trace 8859,RemoveUselessFF,0,FALSE,TRUE,0.066666667,8.696551724
Credit Seeking,8828,trace 8860,RemoveLambdaFF,1,TRUE,TRUE,0.321428571,9.081481481
Normal,8828,trace 8861,RemoveUnitFF,0,FALSE,TRUE,0.054054054,7.811111111
Credit Seeking,8828,trace 8862,ChomskyNormalFormFF,1,FALSE,TRUE,0.4375,2.88
Normal,8828,trace 8863,GreibachNormalFormFF,0,FALSE,TRUE,0.179487179,6.084210526
Credit Seeking,8828,trace 8864,PDA,1,FALSE,TRUE,0.4375,3.458064516
Normal,8828,trace 8865,PDATransitionsFF,0,TRUE,TRUE,0,8.484210526
Normal,8828,trace 8866,PDAAcceptanceFF,0,FALSE,TRUE,0,7.783333333
Normal,8828,trace 8867,PDAEmptyStackAcceptanceFF,0,FALSE,TRUE,0.108695652,4.048888889
Normal,8828,trace 8868,TMDecidableVSAcceptable,0,FALSE,FALSE,0,25.775
Normal,8828,trace 8869,NFAequivFS,1,TRUE,TRUE,0,0.1
Credit Seeking,8828,trace 8870,PDACFLFF,1,FALSE,TRUE,0.52,1.678787879
Normal,8828,trace 8871,DPDAFF,0,FALSE,TRUE,0.130434783,2.236363636
Normal,8828,trace 8872,NCFLProofFF,0,FALSE,TRUE,0,1.553846154
Normal,8828,trace 8873,NCFLversusDCFLFF,0,FALSE,TRUE,0,1.933333333
Normal,8828,trace 8874,GrammarsForDCFLFF,0,FALSE,TRUE,0,1.784615385
Normal,8828,trace 8875,CFLClosurePropertiesFF,0,FALSE,TRUE,0.205128205,7.636842105
Normal,8828,trace 8876,CFLPumpingLemmaFF,0,FALSE,TRUE,0,1.41
Normal,8828,trace 8877,CFLPumpingLemmaExample1FF,0,FALSE,TRUE,0.088888889,2.936363636
Normal,8828,trace 8878,CFLPumpingLemmaExample2FF,0,FALSE,FALSE,0,3.002857143
Normal,8828,trace 8879,CFLPumpingLemmaExample3FF,0,FALSE,TRUE,0,2.785185185
Normal,8828,trace 8880,CFLPumpingLemmaExample4FF,0,FALSE,TRUE,0.175438596,1.896428571
Normal,8828,trace 8881,CFLPumpingLemmaExample5FF,0,FALSE,TRUE,0.069767442,2.004761905
Normal,8828,trace 8882,TMGeneralModel,0,FALSE,TRUE,0.117647059,5.450746269
Normal,8828,trace 8883,TMInterpreting,0,FALSE,TRUE,0.137931034,2.935714286
Normal,8828,trace 8884,TMDecidableVSAcceptable,1,FALSE,TRUE,0,1.24
Normal,8828,trace 8885,TMComplicatedMachine3,0,FALSE,TRUE,0.068965517,2.65
Normal,8900,trace 8887,LanguagesFS,0,FALSE,TRUE,0.108695652,41.62666667
Normal,8900,trace 8888,GrammarIntroFS,0,FALSE,TRUE,0.225,32.77435897
Normal,8900,trace 8889,SetDefFS,0,FALSE,TRUE,0.181818182,20.82
Normal,8900,trace 8890,SetNotationFS,0,FALSE,TRUE,0.074074074,18.23846154
Credit Seeking,8900,trace 8891,RelationsFS,0,FALSE,TRUE,0.40625,12.10322581
Credit Seeking,8900,trace 8892,EquivFS,0,FALSE,TRUE,0.384615385,9.85
Normal,8900,trace 8893,LanguagesFS,1,TRUE,TRUE,0.040816327,1862.045833
Normal,8900,trace 8894,DFAintroFS,0,FALSE,TRUE,0.181818182,30.2952381
Normal,8900,trace 8895,DFAadvancedFS,0,FALSE,TRUE,0,124.7833333
Normal,8900,trace 8897,DFAMinFS,0,FALSE,FALSE,0,11.775
Normal,8900,trace 8898,DFAMinEx1FS,0,FALSE,FALSE,0,34.775
Normal,8900,trace 8899,NFAFS,0,FALSE,TRUE,0.090909091,17.67619048
Normal,8900,trace 8900,NFAequivFS,0,FALSE,TRUE,0,3.4
Normal,8900,trace 8901,NFA2DFAlargeExFS,0,FALSE,FALSE,0,20.38125
Credit Seeking,8900,trace 8902,RegExFS,0,FALSE,TRUE,0.529411765,16.71940299
Normal,8900,trace 8903,RegEx2NFA1FS,0,FALSE,TRUE,0,28.18333333
Normal,8900,trace 8904,RegEx2NFAorFS,0,FALSE,TRUE,0,18.275
Normal,8900,trace 8905,RegEx2NFAcatFS,0,FALSE,TRUE,0,62.38181818
Normal,8900,trace 8906,RegEx2NFAstarFS,0,FALSE,TRUE,0.083333333,9.563636364
Normal,8900,trace 8907,RegEXtoNFAExampleFF,0,FALSE,TRUE,0.125,16.61333333
Normal,8900,trace 8908,ConvertRLREFF,0,FALSE,FALSE,0,10.00625
Normal,8900,trace 8909,NFA2DFAlargeExFS,1,FALSE,TRUE,0,75.084
Normal,8900,trace 8910,NFAequivFS,1,TRUE,TRUE,0,35.24
Normal,8900,trace 8911,DFAMinFS,1,FALSE,TRUE,0,9.8
Normal,8900,trace 8912,DFAMinEx1FS,1,FALSE,TRUE,0.066666667,9.765517241
Normal,8900,trace 8913,DFAMinEx2FS,0,FALSE,TRUE,0.078947368,2.248648649
Normal,8900,trace 8914,introToNonRegularFF,0,FALSE,TRUE,0,12.21333333
Normal,8900,trace 8915,introToPumpingFF,0,FALSE,TRUE,0,8.32
Normal,8900,trace 8916,PLExample1FF,0,FALSE,TRUE,0.172413793,9.196491228
Normal,8900,trace 8917,PLExample2FF,0,FALSE,TRUE,0,13.11428571
Credit Seeking,8900,trace 8918,ContextFreeLanguagesFF,0,FALSE,FALSE,0.937888199,154.9325
Normal,8900,trace 8919,ConvertRLREFF,1,FALSE,TRUE,0,1.8
Credit Seeking,8900,trace 8920,RegularGrammarFF,0,FALSE,TRUE,0.351351351,6.922222222
Normal,8900,trace 8921,NFAToREFF,0,FALSE,TRUE,0,8.122222222
Normal,8900,trace 8922,REtoFAExampleFF,0,FALSE,TRUE,0.083333333,5.836363636
Normal,8900,trace 8923,RightLinearRGFF,0,FALSE,TRUE,0.052631579,4.455555556
Normal,8900,trace 8924,NFAToReExampleFF,0,FALSE,TRUE,0.142857143,4.784615385
Normal,8900,trace 8925,LeftLinearGrammarFF,0,FALSE,TRUE,0,9.888235294
Normal,8900,trace 8926,RegEXtoRegGrammarFF,0,FALSE,TRUE,0.272727273,4.28372093
Credit Seeking,8900,trace 8927,RegEXtoLeftRegGrammarFF,0,FALSE,TRUE,0.375,3.403636364
Normal,8900,trace 8928,STA,0,FALSE,TRUE,0.0625,1.813333333
Normal,8900,trace 8929,ClosureConceptFF,0,FALSE,TRUE,0.2,2.115789474
Normal,8900,trace 8930,ClosureRegularLangFF,0,FALSE,TRUE,0.142857143,2.41
Credit Seeking,8900,trace 8931,RegularLangClosedInterFF,0,FALSE,TRUE,0.317460317,1.487096774
Credit Seeking,8900,trace 8932,RightQuotientFF,0,TRUE,TRUE,0.490909091,3.001834862
Normal,8900,trace 8933,HomomorphismFF,0,FALSE,TRUE,0.25,1.273684211
Normal,8900,trace 8934,PLExample3FF,0,FALSE,TRUE,0.113636364,1.306976744
Normal,8900,trace 8935,PLExample4FF,0,FALSE,TRUE,0.136363636,1.586046512
Normal,8900,trace 8936,PLExample5FF,0,FALSE,TRUE,0.032258065,1.573333333
Normal,8900,trace 8937,PLExample6FF,0,FALSE,TRUE,0.125,1.45106383
Normal,8900,trace 8938,ClosurePropertiesFF,0,FALSE,TRUE,0,2.24
Normal,8900,trace 8939,ClosurePropertiesExample1FF,0,FALSE,TRUE,0,1.381818182
Normal,8900,trace 8940,ClosurePropertiesExample2FF,0,FALSE,TRUE,0.090909091,1.42
Normal,8900,trace 8941,ClosurePropertiesExample3FF,0,FALSE,TRUE,0,1.244444444
Normal,8900,trace 8942,PDA,0,FALSE,TRUE,0,15.575
Normal,8900,trace 8943,PDATransitionsFF,0,TRUE,TRUE,0.043478261,13.55454545
Normal,8900,trace 8944,PDAAcceptanceFF,0,FALSE,TRUE,0.022222222,16.48181818
Normal,8900,trace 8945,PDAEmptyStackAcceptanceFF,0,FALSE,TRUE,0,14.67222222
Normal,8900,trace 8946,PDAAcceptanceEquivalenceFF,0,TRUE,TRUE,0,191.9170213
Credit Seeking,8900,trace 8947,CFGDerivationsFF,0,FALSE,TRUE,0.461538462,1.28516129
Normal,8900,trace 8948,DerivationTreesFF,0,FALSE,TRUE,0,1.871428571
Credit Seeking,8900,trace 8949,MembershipProblemFF,0,FALSE,TRUE,0.553571429,5.730909091
Normal,8900,trace 8950,AmbiguityFF,0,FALSE,TRUE,0.068965517,2.4
Normal,8900,trace 8951,TransformGrammarsFF,0,FALSE,FALSE,0,165.3666667
Normal,8900,trace 8953,RemoveLambdaFF,0,FALSE,TRUE,0,12.12222222
Normal,8900,trace 8954,ContextFreeLanguagesFF,1,FALSE,TRUE,0.25,2.539534884
Normal,8900,trace 8955,TMGeneralModel,0,FALSE,FALSE,0,4.344444444
Normal,8900,trace 8956,NCFLProofFF,0,FALSE,TRUE,0,2.516666667
Normal,8900,trace 8957,DPDAFF,0,FALSE,TRUE,0.2,1.696551724
Normal,8900,trace 8958,NCFLversusDCFLFF,0,FALSE,TRUE,0,1.02
Normal,8900,trace 8959,GrammarsForDCFLFF,0,FALSE,TRUE,0,1.836363636
Normal,8900,trace 8960,CFLPumpingLemmaFF,0,FALSE,TRUE,0.142857143,2.674074074
Normal,8900,trace 8961,CFLClosurePropertiesFF,0,FALSE,TRUE,0.038461538,1.928
Normal,8900,trace 8962,CFLPumpingLemmaExample1FF,0,FALSE,TRUE,0.220338983,2.227586207
Normal,8900,trace 8963,TransformGrammarsFF,1,FALSE,TRUE,0.027777778,2.005714286
Normal,8900,trace 8964,RemoveLambdaFF,1,FALSE,FALSE,0,4.442857143
Credit Seeking,8900,trace 8965,RemoveUselessFF,0,FALSE,TRUE,0.62962963,21.4025
Normal,8900,trace 8966,RemoveLambdaFF,1,TRUE,TRUE,0,7.955555556
Normal,8900,trace 8967,RemoveUnitFF,0,FALSE,TRUE,0.235294118,10.344
Normal,8900,trace 8968,ChomskyNormalFormFF,0,FALSE,TRUE,0,2.070588235
Credit Seeking,8900,trace 8969,GreibachNormalFormFF,0,FALSE,FALSE,0.758064516,1.675409836
Normal,8900,trace 8970,TMGeneralModel,1,FALSE,FALSE,0.126984127,27.06612903
Normal,8900,trace 8971,TMInterpreting,0,FALSE,TRUE,0.083333333,11.22608696
Normal,8900,trace 8972,TMDecidableVSAcceptable,0,FALSE,TRUE,0,8.42
Normal,8900,trace 8973,TMComplicatedMachine3,0,FALSE,TRUE,0,9.342857143
Normal,8900,trace 8974,TravelSalesman,0,FALSE,FALSE,0,3.42
Normal,8900,trace 8975,TMGeneralModel,1,FALSE,TRUE,0.166666667,1.24
Credit Seeking,8923,trace 8976,LanguagesFS,0,FALSE,TRUE,0.660714286,226.7495495
Normal,8923,trace 8977,GrammarIntroFS,0,FALSE,TRUE,0.272727273,17.19069767
Normal,8923,trace 8978,RelationsFS,0,FALSE,TRUE,0.210526316,16.9
Normal,8923,trace 8979,EquivFS,0,FALSE,TRUE,0,31.525
Normal,8923,trace 8980,DFAintroFS,0,FALSE,TRUE,0.055555556,20.12941176
Normal,8923,trace 8981,DFAadvancedFS,0,FALSE,TRUE,0,14.09230769
Normal,8923,trace 8982,SetDefFS,0,FALSE,TRUE,0,7.775
Credit Seeking,8923,trace 8983,NFAFS,0,FALSE,FALSE,0.483870968,27.90666667
Normal,8923,trace 8984,NFAequivFS,0,FALSE,TRUE,0,1.4
Normal,8923,trace 8987,DFAadvancedFS,1,FALSE,FALSE,0,10.775
Normal,8923,trace 8988,LanguagesFS,1,FALSE,FALSE,0,39.15714286
Normal,8923,trace 8989,DFAMinFS,0,FALSE,TRUE,0.230769231,8.448
Normal,8923,trace 8990,DFAadvancedFS,1,FALSE,FALSE,0,11.55
Normal,8923,trace 8991,SetNotationFS,0,FALSE,FALSE,0,4.7
Credit Seeking,8923,trace 8992,NFAFS,1,FALSE,TRUE,0.444444444,4.15
Normal,8923,trace 8994,NFAequivFS,1,TRUE,TRUE,0,0.1
Normal,8923,trace 8995,NFA2DFAlargeExFS,0,FALSE,TRUE,0.041666667,46.44347826
Credit Seeking,8923,trace 8996,RegExFS,0,FALSE,TRUE,0.679245283,893.287619
Normal,8923,trace 9000,DFAadvancedFS,1,FALSE,FALSE,0,2.05
Credit Seeking,8923,trace 9001,RegularGrammarFF,0,FALSE,TRUE,0.428571429,6.248780488
Normal,8923,trace 9002,NFAToREFF,0,FALSE,FALSE,0,9.009090909
Normal,8923,trace 9003,RightLinearRGFF,0,FALSE,FALSE,0,0.55
Normal,8923,trace 9004,RegEXtoLeftRegGrammarFF,0,FALSE,TRUE,0.151515152,14.0375
Normal,8923,trace 9005,ClosureConceptFF,0,FALSE,TRUE,0,2.92
Normal,8923,trace 9006,ClosureRegularLangFF,0,FALSE,TRUE,0.047619048,6.66
Normal,8923,trace 9007,RegExFS,1,FALSE,FALSE,0,6.05
Normal,8923,trace 9008,introToNonRegularFF,0,FALSE,TRUE,0.058823529,6.3875
Normal,8923,trace 9009,introToPumpingFF,0,FALSE,TRUE,0,6.244444444
Normal,8923,trace 9010,PLExample1FF,0,FALSE,TRUE,0.02,13.12653061
Normal,8923,trace 9011,PLExample2FF,0,FALSE,TRUE,0.03125,6.587096774
Normal,8923,trace 9012,RegularLangClosedInterFF,0,FALSE,FALSE,0,7.525
Normal,8923,trace 9013,ClosurePropertiesFF,0,FALSE,TRUE,0.142857143,5.033333333
Normal,8923,trace 9014,ClosurePropertiesExample1FF,0,FALSE,TRUE,0.076923077,457.9333333
Normal,8923,trace 9015,ClosurePropertiesExample2FF,0,FALSE,TRUE,0,8.9
Normal,8923,trace 9016,ClosurePropertiesExample3FF,0,FALSE,FALSE,0,3.62
Normal,8923,trace 9017,RegularLangClosedInterFF,1,FALSE,TRUE,0,69.59166667
Normal,8923,trace 9018,HomomorphismFF,0,FALSE,TRUE,0,8.927272727
Normal,8923,trace 9019,RightQuotientFF,0,TRUE,TRUE,0.113207547,6.311538462
Normal,8923,trace 9020,ClosurePropertiesExample3FF,1,FALSE,TRUE,0,1.04
Normal,8923,trace 9021,ClosurePropertiesExample2FF,1,TRUE,TRUE,0,3.05
Credit Seeking,8923,trace 9022,ClosurePropertiesExample1FF,1,FALSE,FALSE,0.625,1.014285714
Credit Seeking,8923,trace 9023,ContextFreeLanguagesFF,0,FALSE,TRUE,0.897350993,277.6285714
Normal,8923,trace 9024,CFGDerivationsFF,0,FALSE,TRUE,0.035087719,263.2357143
Normal,8923,trace 9025,DerivationTreesFF,0,FALSE,TRUE,0.0625,3.68
Normal,8923,trace 9026,MembershipProblemFF,0,FALSE,TRUE,0.142857143,68.97037037
Credit Seeking,8923,trace 9027,AmbiguityFF,0,FALSE,TRUE,0.489361702,849.4608696
Credit Seeking,8923,trace 9029,PDA,0,FALSE,FALSE,0.285714286,5.323076923
Normal,8923,trace 9030,PDACFLFF,0,FALSE,FALSE,0,4.02
Normal,8923,trace 9031,CFLClosurePropertiesFF,0,FALSE,TRUE,0.068965517,29.4
Normal,8923,trace 9032,CFLPumpingLemmaFF,0,FALSE,TRUE,0.047619048,9.01
Normal,8923,trace 9033,CFLPumpingLemmaExample1FF,0,FALSE,FALSE,0,6.21
Normal,8923,trace 9034,TransformGrammarsFF,0,FALSE,TRUE,0,7.006451613
Normal,8923,trace 9036,ChomskyNormalFormFF,0,FALSE,TRUE,0.058823529,5.325
Credit Seeking,8923,trace 9037,RemoveUselessFF,0,FALSE,TRUE,0.326530612,9.295833333
Normal,8923,trace 9038,RemoveLambdaFF,0,FALSE,TRUE,0.095238095,78.66
Normal,8923,trace 9039,RemoveUnitFF,0,FALSE,FALSE,0.071428571,5.238461538
Normal,8923,trace 9040,SetNotationFS,1,FALSE,FALSE,0.153846154,14.404
Normal,8923,trace 9041,PDA,1,FALSE,TRUE,0,1.84
Normal,8923,trace 9043,PDATransitionsFF,0,TRUE,TRUE,0.038461538,8.368
Normal,8923,trace 9044,PDAAcceptanceFF,0,FALSE,FALSE,0,0.55
Normal,8923,trace 9045,PLExample1FF,1,FALSE,FALSE,0.0625,7.406666667
Normal,8923,trace 9046,PLExample3FF,0,FALSE,FALSE,0,6.478947368
Normal,8923,trace 9047,PLExample6FF,0,FALSE,TRUE,0,8.225
Normal,8923,trace 9049,GreibachNormalFormFF,0,FALSE,TRUE,0.081081081,7.116666667
Normal,8923,trace 9050,ContextFreeLanguagesFF,1,FALSE,FALSE,0.25,1.066666667
Credit Seeking,8923,trace 9051,RemoveUselessFF,1,FALSE,FALSE,0.769230769,4.091666667
Credit Seeking,8923,trace 9052,RemoveUnitFF,1,FALSE,FALSE,0.444444444,3.275
Normal,8923,trace 9053,PDACFLFF,1,FALSE,TRUE,0.148148148,5013.869811
Normal,8923,trace 9054,PDATransitionsFF,1,TRUE,FALSE,0.076923077,3.425
Normal,8923,trace 9055,PDAAcceptanceFF,1,FALSE,TRUE,0.047619048,9.907317073
Normal,8923,trace 9056,TMGeneralModel,0,FALSE,TRUE,0.033333333,8.003389831
Normal,8923,trace 9057,TMInterpreting,0,FALSE,TRUE,0,10.82727273
Normal,8923,trace 9058,TMDecidableVSAcceptable,0,FALSE,TRUE,0,677.35
Normal,8923,trace 9059,TMComplicatedMachine3,0,FALSE,TRUE,0,10.86666667
Normal,8923,trace 9060,PairToSortCONPI,0,FALSE,FALSE,0,530.025
Normal,8923,trace 9061,LowerBound,0,FALSE,FALSE,0,8.55
Normal,8923,trace 9062,TwoMulExample,0,FALSE,TRUE,0,59.03666667
Normal,8923,trace 9063,LowerBound,1,FALSE,TRUE,0.125,6.314285714
Credit Seeking,8923,trace 9064,RemoveUnitFF,1,FALSE,TRUE,0.526315789,64.37678571
Normal,8923,trace 9065,RemoveUselessFF,1,FALSE,FALSE,0.214285714,10.93076923
Credit Seeking,8923,trace 9066,GreibachNormalFormFF,1,FALSE,FALSE,0.333333333,2.82
Normal,8923,trace 9067,DPDAFF,0,FALSE,FALSE,0.076923077,7.925
Normal,8923,trace 9068,GrammarsForDCFLFF,0,FALSE,FALSE,0,8.525
Normal,8923,trace 9069,NCFLversusDCFLFF,0,FALSE,TRUE,0,2.525
Normal,8940,trace 9071,LanguagesFS,0,FALSE,TRUE,0.26,27.53469388
Normal,8940,trace 9072,GrammarIntroFS,0,FALSE,TRUE,0.117647059,28.00606061
Normal,8940,trace 9073,RelationsFS,0,FALSE,TRUE,0.238095238,29.56
Normal,8940,trace 9074,EquivFS,0,FALSE,TRUE,0.272727273,391.32
Normal,8940,trace 9075,DFAintroFS,0,FALSE,TRUE,0,17.81333333
Normal,8940,trace 9076,DFAadvancedFS,0,FALSE,TRUE,0,16.55384615
Normal,8940,trace 9077,NFAFS,0,FALSE,FALSE,0,4072.122222
Normal,8940,trace 9078,DFAMinFS,0,FALSE,TRUE,0.208333333,12.05217391
Normal,8940,trace 9079,DFAMinEx1FS,0,FALSE,TRUE,0,18.23846154
Normal,8940,trace 9080,SetNotationFS,0,FALSE,TRUE,0.133333333,29.31724138
Credit Seeking,8940,trace 9081,SetDefFS,0,FALSE,FALSE,0.736842105,5.727777778
Normal,8940,trace 9082,DFAMinEx2FS,0,FALSE,FALSE,0,16.25833333
Credit Seeking,8940,trace 9083,RegExFS,0,FALSE,TRUE,0.384615385,23.69019608
Normal,8940,trace 9084,RegEx2NFA1FS,0,FALSE,TRUE,0,11.52
Normal,8940,trace 9085,RegEx2NFAorFS,0,FALSE,TRUE,0,10.12
Normal,8940,trace 9086,RegEx2NFAcatFS,0,FALSE,TRUE,0.076923077,8.85
Normal,8940,trace 9087,RegEx2NFAstarFS,0,FALSE,TRUE,0,8.025
Credit Seeking,8940,trace 9088,RegEXtoNFAExampleFF,0,FALSE,TRUE,0.517241379,13.36428571
Normal,8940,trace 9089,ConvertRLREFF,0,FALSE,TRUE,0,19.62222222
Credit Seeking,8940,trace 9090,RegularGrammarFF,0,FALSE,TRUE,0.58,9.718367347
Normal,8940,trace 9091,RegExFS,1,TRUE,TRUE,0.279069767,15.48095238
Normal,8940,trace 9092,RegEx2NFA1FS,1,TRUE,TRUE,0,4305.309091
Normal,8940,trace 9093,RegEx2NFAorFS,1,TRUE,TRUE,0,7.62
Normal,8940,trace 9094,RegEx2NFAcatFS,1,TRUE,TRUE,0,9.2
Normal,8940,trace 9095,RegEx2NFAstarFS,1,TRUE,TRUE,0,8.4
Normal,8940,trace 9096,RegEXtoNFAExampleFF,1,TRUE,TRUE,0.071428571,20.24615385
Normal,8940,trace 9097,ConvertRLREFF,1,TRUE,TRUE,0,32.56666667
Credit Seeking,8940,trace 9098,RegularGrammarFF,1,TRUE,TRUE,0.488888889,8.640909091
Normal,8940,trace 9099,NFAToREFF,0,FALSE,TRUE,0.055555556,13.48235294
Normal,8940,trace 9100,RightLinearRGFF,0,FALSE,TRUE,0,10.6375
Normal,8940,trace 9101,LeftLinearGrammarFF,0,FALSE,FALSE,0,25.525
Normal,8940,trace 9102,RegEXtoRegGrammarFF,0,FALSE,TRUE,0.035714286,19.34074074
Normal,8940,trace 9103,RegEXtoLeftRegGrammarFF,0,FALSE,FALSE,0,13.37272727
Normal,8940,trace 9104,STA,0,FALSE,TRUE,0,5.836363636
Normal,8940,trace 9105,ClosureConceptFF,0,FALSE,TRUE,0,7.8
Normal,8940,trace 9106,ClosureRegularLangFF,0,FALSE,TRUE,0,13.575
Normal,8940,trace 9107,RegularLangClosedInterFF,0,FALSE,TRUE,0.210526316,45.54594595
Normal,8940,trace 9108,RightQuotientFF,0,FALSE,TRUE,0.028571429,15.59411765
Normal,8940,trace 9109,HomomorphismFF,0,FALSE,TRUE,0,10.24444444
Normal,8940,trace 9110,introToNonRegularFF,0,FALSE,TRUE,0,10.3
Normal,8940,trace 9111,introToPumpingFF,0,FALSE,TRUE,0,8.275
Normal,8940,trace 9112,PLExample1FF,0,FALSE,TRUE,0.218181818,14.33703704
Normal,8940,trace 9113,PLExample2FF,0,FALSE,TRUE,0.03030303,15.44375
Normal,8940,trace 9114,PLExample3FF,0,FALSE,TRUE,0,11.088
Normal,8940,trace 9115,PLExample4FF,0,FALSE,TRUE,0,8.175
Normal,8940,trace 9116,PLExample5FF,0,FALSE,TRUE,0,11.91428571
Normal,8940,trace 9117,PLExample6FF,0,TRUE,TRUE,0.073170732,10.78
Normal,8940,trace 9118,ClosurePropertiesFF,0,FALSE,TRUE,0,6.8
Normal,8940,trace 9119,ClosurePropertiesExample1FF,0,FALSE,TRUE,0,15.35555556
Normal,8940,trace 9120,ClosurePropertiesExample2FF,0,FALSE,TRUE,0,8.885714286
Normal,8940,trace 9121,ClosurePropertiesExample3FF,0,FALSE,TRUE,0,20.275
Credit Seeking,8940,trace 9122,ContextFreeLanguagesFF,0,FALSE,TRUE,0.282051282,11.29473684
Normal,8940,trace 9123,CFGDerivationsFF,0,FALSE,TRUE,0,10.53333333
Normal,8940,trace 9124,DerivationTreesFF,0,FALSE,TRUE,0,9.728571429
Normal,8940,trace 9125,MembershipProblemFF,0,FALSE,TRUE,0.111111111,21.73846154
Normal,8940,trace 9126,AmbiguityFF,0,FALSE,TRUE,0,10.53333333
Normal,8940,trace 9127,TransformGrammarsFF,0,FALSE,TRUE,0,18.97241379
Credit Seeking,8940,trace 9128,RemoveUselessFF,0,FALSE,FALSE,0.714285714,74.94909091
Normal,8940,trace 9129,RemoveLambdaFF,0,FALSE,TRUE,0,9.413333333
Normal,8940,trace 9130,RemoveUnitFF,0,FALSE,TRUE,0.125,12.95384615
Normal,8940,trace 9131,ChomskyNormalFormFF,0,FALSE,TRUE,0.058823529,12.7
Normal,8940,trace 9132,GreibachNormalFormFF,0,FALSE,TRUE,0.162162162,10.17222222
Credit Seeking,8940,trace 9133,PDA,0,FALSE,FALSE,0.5,14.64210526
Normal,8940,trace 9134,PDATransitionsFF,0,TRUE,TRUE,0.04,13.3
Normal,8940,trace 9135,PDAAcceptanceFF,0,FALSE,TRUE,0.043478261,14.29333333
Normal,8940,trace 9136,PDAEmptyStackAcceptanceFF,0,FALSE,TRUE,0,7.291428571
Normal,8940,trace 9137,PDAAcceptanceEquivalenceFF,0,FALSE,TRUE,0,8.71
Normal,8940,trace 9138,PDAAcceptanceFF,1,FALSE,FALSE,0,14.05
Normal,8940,trace 9139,PDAEmptyStackAcceptanceFF,1,FALSE,FALSE,0,3.55
Normal,8940,trace 9141,TMGeneralModel,0,FALSE,TRUE,0.161764706,47.09253731
Normal,8940,trace 9142,TMInterpreting,0,FALSE,TRUE,0.083333333,16.70434783
Normal,8940,trace 9143,TMDecidableVSAcceptable,0,FALSE,TRUE,0,20.12
Normal,8940,trace 9144,TMComplicatedMachine3,0,FALSE,FALSE,0,254.8714286
Normal,8940,trace 9145,PDACFLFF,0,FALSE,FALSE,0,7.05
Normal,8940,trace 9146,DPDAFF,0,FALSE,FALSE,0.166666667,8.42
Normal,8940,trace 9147,NCFLProofFF,0,FALSE,TRUE,0,10.92
Normal,8940,trace 9148,PairToSortCONPI,0,FALSE,FALSE,0,20.85
Normal,8940,trace 9150,TravelSalesman,0,FALSE,TRUE,0.1,39.27368421
Normal,8940,trace 9151,KClique,0,FALSE,TRUE,0,27.02
Normal,8940,trace 9152,SATProof,0,FALSE,TRUE,0.083333333,23.38181818
Normal,8940,trace 9153,NPCCoping,0,FALSE,TRUE,0,25.01666667
Normal,8948,trace 9154,LanguagesFS,0,FALSE,TRUE,0.272727273,26.18888889
Normal,8948,trace 9155,GrammarIntroFS,0,FALSE,TRUE,0.03125,19.10322581
Normal,8948,trace 9156,SetDefFS,0,FALSE,TRUE,0,60.46666667
Normal,8948,trace 9157,SetNotationFS,0,FALSE,TRUE,0.228571429,6.388235294
Credit Seeking,8948,trace 9158,RelationsFS,0,FALSE,TRUE,0.304347826,11.50909091
Credit Seeking,8948,trace 9159,EquivFS,0,FALSE,TRUE,0.384615385,9.35
Credit Seeking,8948,trace 9160,DFAintroFS,0,FALSE,TRUE,0.34375,9.716129032
Normal,8948,trace 9161,DFAadvancedFS,0,FALSE,TRUE,0,14.70769231
Normal,8948,trace 9162,NFAFS,0,FALSE,TRUE,0,230.6133333
Normal,8948,trace 9163,NFAequivFS,0,FALSE,TRUE,0.2,4.05
Normal,8948,trace 9164,NFA2DFAlargeExFS,0,FALSE,TRUE,0,9.835294118
Normal,8948,trace 9165,NFAequivFS,1,TRUE,TRUE,0,0.1
Normal,8948,trace 9166,LanguagesFS,1,FALSE,FALSE,0.1,2633.566667
Normal,8948,trace 9167,DFAMinFS,0,FALSE,TRUE,0.260869565,16.1
Normal,8948,trace 9168,DFAMinEx1FS,0,FALSE,TRUE,0,23.05217391
Normal,8948,trace 9169,DFAMinEx2FS,0,FALSE,TRUE,0,168.2296296
Normal,8948,trace 9170,RegExFS,0,FALSE,TRUE,0.268292683,576.705
Normal,8948,trace 9171,RegEx2NFA1FS,0,FALSE,TRUE,0,7.109090909
Normal,8948,trace 9172,RegEx2NFAorFS,0,FALSE,TRUE,0,17.8
Normal,8948,trace 9173,RegEx2NFAcatFS,0,FALSE,TRUE,0.076923077,4.6
Normal,8948,trace 9174,RegEx2NFAstarFS,0,FALSE,TRUE,0,4.65
Normal,8948,trace 9175,RegEXtoNFAExampleFF,0,TRUE,TRUE,0.157894737,12.67777778
Normal,8948,trace 9176,ConvertRLREFF,0,FALSE,TRUE,0,16.45
Credit Seeking,8948,trace 9177,RegularGrammarFF,0,FALSE,FALSE,0.576923077,6.335294118
Normal,8948,trace 9178,RightLinearRGFF,0,FALSE,TRUE,0,10.71764706
Normal,8948,trace 9179,LeftLinearGrammarFF,0,FALSE,FALSE,0,6.016666667
Normal,8948,trace 9180,RegEXtoRegGrammarFF,0,FALSE,TRUE,0.071428571,17.00740741
Credit Seeking,8948,trace 9181,RegEXtoLeftRegGrammarFF,0,FALSE,TRUE,0.35,15.36410256
Normal,8948,trace 9182,STA,0,FALSE,TRUE,0,2.933333333
Normal,8948,trace 9183,ClosureConceptFF,0,FALSE,TRUE,0,22.35555556
Normal,8948,trace 9184,ClosureRegularLangFF,0,FALSE,TRUE,0.05,10.32631579
Credit Seeking,8948,trace 9185,RegularLangClosedInterFF,0,FALSE,TRUE,0.4,115.1389831
Normal,8948,trace 9186,RightQuotientFF,0,TRUE,TRUE,0,20.38823529
Normal,8948,trace 9187,HomomorphismFF,0,FALSE,TRUE,0,6.72
Normal,8948,trace 9188,RegEx2NFA1FS,1,FALSE,FALSE,0,5.55
Credit Seeking,8948,trace 9190,ContextFreeLanguagesFF,0,FALSE,TRUE,0.481481481,1404.833962
Normal,8948,trace 9191,CFGDerivationsFF,0,FALSE,TRUE,0.131147541,16.23666667
Normal,8948,trace 9192,DerivationTreesFF,0,FALSE,TRUE,0.052631579,5.511111111
Credit Seeking,8948,trace 9193,MembershipProblemFF,0,FALSE,TRUE,0.62295082,39.70333333
Normal,8948,trace 9194,AmbiguityFF,0,FALSE,TRUE,0.045454545,5.2
Normal,8948,trace 9195,TransformGrammarsFF,0,FALSE,TRUE,0.032258065,69.57333333
Credit Seeking,8948,trace 9196,RemoveUselessFF,0,FALSE,TRUE,0.702970297,3.952
Normal,8948,trace 9197,RemoveLambdaFF,0,FALSE,TRUE,0,5.247058824
Credit Seeking,8948,trace 9198,RemoveUnitFF,0,FALSE,TRUE,0.804020101,5.753535354
Normal,8948,trace 9199,ChomskyNormalFormFF,0,FALSE,TRUE,0,6.2625
Normal,8948,trace 9200,GreibachNormalFormFF,0,FALSE,TRUE,0.090909091,5.6625
Credit Seeking,8948,trace 9201,ContextFreeLanguagesFF,1,FALSE,FALSE,0.285714286,7.85
Normal,8948,trace 9202,RemoveLambdaFF,1,FALSE,FALSE,0,1.55
Credit Seeking,8948,trace 9203,PDA,0,FALSE,TRUE,0.615384615,16.79473684
Normal,8948,trace 9204,PDATransitionsFF,0,FALSE,TRUE,0,33.73333333
Normal,8948,trace 9205,PDAAcceptanceFF,0,FALSE,TRUE,0.065217391,29.38222222
Normal,8948,trace 9206,PDAEmptyStackAcceptanceFF,0,FALSE,TRUE,0.05,48.6974359
Normal,8948,trace 9207,PDAAcceptanceEquivalenceFF,0,FALSE,TRUE,0,7.536842105
Credit Seeking,8948,trace 9208,NFAequivFS,1,TRUE,TRUE,0.428571429,1.033333333
Normal,8948,trace 9209,ContextFreeLanguagesFF,1,FALSE,FALSE,0,133.22
Normal,8948,trace 9210,RemoveLambdaFF,1,FALSE,FALSE,0,3.7
Normal,8948,trace 9211,RemoveUselessFF,1,FALSE,FALSE,0,4.05
Normal,8948,trace 9214,PDAAcceptanceFF,1,FALSE,FALSE,0.25,1.366666667
Normal,8948,trace 9216,PDAAcceptanceEquivalenceFF,1,TRUE,TRUE,0,42.74666667
Normal,8948,trace 9217,TMGeneralModel,0,FALSE,TRUE,0.164179104,32.03333333
Normal,8948,trace 9218,TMInterpreting,0,FALSE,TRUE,0,19.91428571
Normal,8948,trace 9219,TMDecidableVSAcceptable,0,FALSE,TRUE,0,27.43333333
Normal,8948,trace 9220,PairToSortCONPI,0,FALSE,TRUE,0.176470588,31.8875
Normal,8955,trace 9222,LanguagesFS,0,FALSE,TRUE,0.12244898,13.37916667
Normal,8955,trace 9223,GrammarIntroFS,0,FALSE,TRUE,0.060606061,14.9125
Normal,8955,trace 9224,SetDefFS,0,FALSE,TRUE,0,17.88571429
Credit Seeking,8955,trace 9225,SetNotationFS,0,FALSE,TRUE,0.609375,9.907936508
Normal,8955,trace 9226,RelationsFS,0,FALSE,TRUE,0.206896552,41.86428571
Normal,8955,trace 9227,EquivFS,0,FALSE,TRUE,0,18.025
Normal,8955,trace 9228,DFAintroFS,0,FALSE,TRUE,0.105263158,12.84444444
Normal,8955,trace 9229,DFAadvancedFS,0,FALSE,TRUE,0,12.1
Normal,8955,trace 9230,NFAFS,0,FALSE,TRUE,0,13.075
Normal,8955,trace 9231,NFAequivFS,0,FALSE,TRUE,0.2,7.05
Normal,8955,trace 9232,NFA2DFAlargeExFS,0,FALSE,TRUE,0,15.16842105
Normal,8955,trace 9233,LanguagesFS,1,FALSE,FALSE,0,19.05
Normal,8955,trace 9234,DFAMinFS,0,FALSE,TRUE,0,265.8352941
Normal,8955,trace 9235,introToNonRegularFF,0,FALSE,TRUE,0,10.8
Normal,8955,trace 9236,DFAMinEx1FS,0,FALSE,TRUE,0.068965517,158.9
Normal,8955,trace 9237,DFAMinEx2FS,0,FALSE,FALSE,0,48.65294118
Normal,8955,trace 9238,DFAMinEx1FS,1,FALSE,FALSE,0,26.05
Credit Seeking,8955,trace 9240,RegExFS,0,FALSE,FALSE,0.344827586,1194.507143
Normal,8955,trace 9241,RegEXtoNFAExampleFF,0,FALSE,FALSE,0,0.1
Normal,8955,trace 9242,RegExFS,1,FALSE,FALSE,0,0.1
Normal,8955,trace 9243,RegEx2NFA1FS,0,FALSE,TRUE,0,28.92
Normal,8955,trace 9244,RegEx2NFAorFS,0,FALSE,TRUE,0,4.133333333
Normal,8955,trace 9245,RegEx2NFAcatFS,0,FALSE,TRUE,0,5.52
Normal,8955,trace 9246,RegEx2NFAstarFS,0,FALSE,TRUE,0,4.275
Credit Seeking,8955,trace 9247,RegEXtoNFAExampleFF,1,FALSE,FALSE,0.5,17.45714286
Normal,8955,trace 9248,HomomorphismFF,0,FALSE,TRUE,0,23.62
Normal,8955,trace 9249,introToPumpingFF,0,FALSE,TRUE,0,7.15
Normal,8955,trace 9250,RegExFS,1,FALSE,TRUE,0,16.24444444
Normal,8955,trace 9251,RegEXtoNFAExampleFF,1,FALSE,TRUE,0,7.82
Normal,8955,trace 9252,STA,0,FALSE,TRUE,0,4.133333333
Normal,8955,trace 9253,RegularGrammarFF,0,FALSE,TRUE,0.259259259,10.7
Normal,8955,trace 9254,NFAToREFF,0,FALSE,TRUE,0,367.8133333
Normal,8955,trace 9255,RightLinearRGFF,0,FALSE,TRUE,0,9.546666667
Normal,8955,trace 9256,LeftLinearGrammarFF,0,FALSE,FALSE,0.2,3.275
Normal,8955,trace 9257,RegEXtoRegGrammarFF,0,FALSE,TRUE,0.103448276,237.8285714
Normal,8955,trace 9258,ClosureConceptFF,0,FALSE,TRUE,0,5.02
Normal,8955,trace 9259,ClosureRegularLangFF,0,FALSE,TRUE,0,12.075
Normal,8955,trace 9260,RegularLangClosedInterFF,0,FALSE,FALSE,0,10.775
Normal,8955,trace 9261,ContextFreeLanguagesFF,0,FALSE,TRUE,0.033333333,130.5586207
Normal,8955,trace 9262,CFGDerivationsFF,0,FALSE,FALSE,0.244444444,30.13863636
Normal,8955,trace 9263,DerivationTreesFF,0,FALSE,TRUE,0,5.516666667
Normal,8955,trace 9265,CFGDerivationsFF,1,FALSE,FALSE,0,8.42
Credit Seeking,8955,trace 9266,MembershipProblemFF,0,FALSE,FALSE,0.3,16.46666667
Normal,8955,trace 9267,AmbiguityFF,0,FALSE,FALSE,0,0.55
Normal,8955,trace 9268,TransformGrammarsFF,0,FALSE,TRUE,0,88.82222222
Credit Seeking,8955,trace 9269,RemoveUselessFF,0,FALSE,FALSE,0.428571429,10.505
Credit Seeking,8980,trace 9270,LanguagesFS,0,FALSE,FALSE,0.428571429,4.516666667
Credit Seeking,8980,trace 9271,RelationsFS,0,FALSE,FALSE,0.4,4.05
Normal,8980,trace 9273,PDA,0,FALSE,FALSE,0,5.366666667
Credit Seeking,8980,trace 9275,PDA,1,FALSE,FALSE,0.333333333,4.563636364
Normal,8980,trace 9276,PDATransitionsFF,0,FALSE,FALSE,0,11.78888889
Credit Seeking,8980,trace 9277,PDAAcceptanceFF,0,FALSE,FALSE,0.375,4.728571429
Normal,8980,trace 9280,PDAAcceptanceEquivalenceFF,0,FALSE,FALSE,0,1.55
Normal,8984,trace 9281,LanguagesFS,0,FALSE,TRUE,0.222222222,16.04150943
Normal,8984,trace 9282,GrammarIntroFS,0,FALSE,TRUE,0.195652174,53.29333333
Normal,8984,trace 9283,LanguagesFS,1,FALSE,FALSE,0,13118.525
Credit Seeking,8984,trace 9284,RelationsFS,0,FALSE,TRUE,0.344827586,49.29285714
Normal,8984,trace 9285,EquivFS,0,FALSE,TRUE,0,18.84
Credit Seeking,8984,trace 9286,DFAintroFS,0,FALSE,FALSE,0.840909091,568.1209302
Normal,8984,trace 9287,DFAadvancedFS,0,FALSE,TRUE,0,56.8
Normal,8984,trace 9288,DFAintroFS,1,FALSE,TRUE,0,7.836363636
Credit Seeking,8984,trace 9289,NFAFS,0,FALSE,FALSE,0.5,3.3
Normal,8984,trace 9290,NFAequivFS,0,FALSE,TRUE,0,0.1
Normal,8984,trace 9291,NFA2DFAlargeExFS,0,FALSE,TRUE,0.16,9.716666667
Credit Seeking,8984,trace 9292,ContextFreeLanguagesFF,0,FALSE,TRUE,0.79375,4.667924528
Credit Seeking,8984,trace 9293,CFGDerivationsFF,0,FALSE,TRUE,0.477419355,2.215584416
Normal,8984,trace 9294,TwoMulExample,0,FALSE,FALSE,0.25,1.033333333
Normal,9024,trace 9295,LanguagesFS,0,FALSE,TRUE,0.044444444,13.32272727
Normal,9024,trace 9296,GrammarIntroFS,0,FALSE,TRUE,0.085714286,17.41764706
Normal,9024,trace 9297,RelationsFS,0,FALSE,TRUE,0.210526316,85.56666667
Normal,9024,trace 9298,EquivFS,0,FALSE,TRUE,0,19.17142857
Normal,9024,trace 9299,DFAintroFS,0,FALSE,TRUE,0.19047619,11.51
Normal,9024,trace 9300,DFAadvancedFS,0,FALSE,TRUE,0,8.871428571
Credit Seeking,9024,trace 9301,NFAFS,0,FALSE,TRUE,0.691176471,95.4358209
Normal,9024,trace 9302,NFAequivFS,0,FALSE,TRUE,0,3.4
Normal,9024,trace 9303,NFA2DFAlargeExFS,0,FALSE,TRUE,0.047619048,11.26
Normal,9024,trace 9304,LanguagesFS,1,FALSE,FALSE,0.25,2.7
Normal,9024,trace 9305,DFAMinFS,0,FALSE,TRUE,0.28,3457.966667
Normal,9024,trace 9306,DFAMinEx1FS,0,FALSE,TRUE,0,10.41818182
Normal,9024,trace 9307,DFAMinEx2FS,0,FALSE,TRUE,0.034482759,243.4357143
Credit Seeking,9024,trace 9308,RegExFS,0,FALSE,TRUE,0.442622951,110.8033333
Normal,9024,trace 9309,RegEx2NFA1FS,0,FALSE,TRUE,0,13.92727273
Normal,9024,trace 9310,RegEx2NFAorFS,0,FALSE,TRUE,0,129.15
Normal,9024,trace 9311,RegEx2NFAcatFS,0,FALSE,TRUE,0,4.018181818
Normal,9024,trace 9312,RegEx2NFAstarFS,0,FALSE,TRUE,0.214285714,3.323076923
Normal,9024,trace 9313,RegEXtoNFAExampleFF,0,FALSE,TRUE,0.066666667,14.44285714
Normal,9024,trace 9314,ConvertRLREFF,0,FALSE,TRUE,0,6.482352941
Credit Seeking,9024,trace 9315,RegularGrammarFF,0,FALSE,TRUE,0.45,120.1076923
Normal,9024,trace 9316,NFAToREFF,0,FALSE,TRUE,0,5.813333333
Normal,9024,trace 9317,RightLinearRGFF,0,TRUE,TRUE,0,4.233333333
Normal,9024,trace 9318,LeftLinearGrammarFF,0,FALSE,FALSE,0.25,2.442857143
Normal,9024,trace 9319,STA,0,FALSE,TRUE,0,3.183333333
Normal,9024,trace 9320,RegEXtoLeftRegGrammarFF,0,FALSE,FALSE,0,1.05
Credit Seeking,9024,trace 9321,RegEXtoRegGrammarFF,0,FALSE,FALSE,0.285714286,2.183333333
Normal,9024,trace 9322,NFAToREFF,1,TRUE,TRUE,0,0.1
Credit Seeking,9024,trace 9323,RegEXtoRegGrammarFF,1,FALSE,TRUE,0.413043478,13.27111111
Normal,9024,trace 9325,DFAMinFS,1,FALSE,FALSE,0,1.55
Normal,9024,trace 9326,RegEx2NFA1FS,1,FALSE,FALSE,0,35.22
Normal,9024,trace 9327,DFAMinEx1FS,1,FALSE,FALSE,0,0.55
Normal,9024,trace 9328,ClosureConceptFF,0,FALSE,TRUE,0,4.72
Normal,9024,trace 9329,ClosureRegularLangFF,0,FALSE,TRUE,0.15,4.010526316
Normal,9024,trace 9330,RegularLangClosedInterFF,0,FALSE,TRUE,0.186046512,2045.838095
Normal,9024,trace 9331,RightQuotientFF,0,TRUE,TRUE,0.078947368,15.03243243
Normal,9024,trace 9332,introToNonRegularFF,0,FALSE,TRUE,0,4.08
Normal,9024,trace 9333,HomomorphismFF,0,FALSE,TRUE,0,33.13333333
Normal,9024,trace 9334,introToPumpingFF,0,FALSE,TRUE,0,126.8
Credit Seeking,9024,trace 9335,PLExample1FF,0,FALSE,FALSE,0.314285714,2.561764706
Normal,9024,trace 9336,PLExample3FF,0,FALSE,TRUE,0,3.969230769
Normal,9024,trace 9337,PLExample4FF,0,FALSE,TRUE,0.032258065,10.27333333
Normal,9024,trace 9338,PLExample1FF,1,FALSE,TRUE,0,3.484210526
Normal,9024,trace 9339,PLExample2FF,0,FALSE,TRUE,0.037037037,3.276923077
Normal,9024,trace 9340,PLExample5FF,0,FALSE,TRUE,0.04,3.216666667
Normal,9024,trace 9341,PLExample6FF,0,FALSE,TRUE,0,4.651612903
Normal,9024,trace 9342,ClosurePropertiesFF,0,FALSE,TRUE,0,2.55
Normal,9024,trace 9343,ClosurePropertiesExample1FF,0,FALSE,TRUE,0,3.52
Normal,9024,trace 9344,ClosurePropertiesExample2FF,0,FALSE,TRUE,0,3.885714286
Normal,9024,trace 9345,ClosurePropertiesExample3FF,0,FALSE,TRUE,0,3.775
Credit Seeking,9024,trace 9346,ContextFreeLanguagesFF,0,FALSE,TRUE,0.697916667,228.5284211
Normal,9024,trace 9347,CFGDerivationsFF,0,FALSE,TRUE,0.115942029,113.15
Normal,9024,trace 9348,DerivationTreesFF,0,FALSE,TRUE,0,0.011764706
Normal,9024,trace 9349,MembershipProblemFF,0,FALSE,TRUE,0.04,18.25833333
Credit Seeking,9024,trace 9350,ContextFreeLanguagesFF,1,FALSE,FALSE,0.5,6.442857143
Normal,9024,trace 9351,AmbiguityFF,0,FALSE,TRUE,0.148148148,47.08461538
Normal,9024,trace 9352,TransformGrammarsFF,0,FALSE,TRUE,0,551.63125
Credit Seeking,9024,trace 9353,RemoveUselessFF,0,FALSE,FALSE,0.517241379,8.15
Normal,9024,trace 9354,PDA,0,FALSE,TRUE,0.157894737,16.95555556
Normal,9024,trace 9355,PDATransitionsFF,0,FALSE,TRUE,0.05,29.64210526
Normal,9024,trace 9356,PDAAcceptanceFF,0,FALSE,TRUE,0.145454545,5.707407407
Normal,9024,trace 9357,PDAEmptyStackAcceptanceFF,0,FALSE,TRUE,0,4.088888889
Normal,9024,trace 9358,PDAAcceptanceEquivalenceFF,0,FALSE,TRUE,0,4.484210526
Normal,9024,trace 9359,ChomskyNormalFormFF,0,FALSE,TRUE,0,173.5466667
Credit Seeking,9024,trace 9360,RemoveUselessFF,1,FALSE,TRUE,0.698113208,31.50384615
Normal,9024,trace 9361,RemoveLambdaFF,0,FALSE,TRUE,0.1,7.273684211
Normal,9024,trace 9362,RemoveUnitFF,0,FALSE,TRUE,0.069767442,8.1
Normal,9024,trace 9363,GreibachNormalFormFF,0,FALSE,TRUE,0.114285714,5.564705882
Normal,9024,trace 9364,PDATransitionsFF,1,TRUE,TRUE,0,0.1
Normal,9024,trace 9365,PDAAcceptanceFF,1,FALSE,FALSE,0,74.22
Normal,9024,trace 9367,PDACFLFF,0,FALSE,FALSE,0.105263158,564.3944444
Credit Seeking,9024,trace 9368,RemoveLambdaFF,1,TRUE,TRUE,0.555555556,14.025
Normal,9024,trace 9369,CFLPumpingLemmaFF,0,FALSE,TRUE,0,67.64545455
Normal,9024,trace 9370,CFLPumpingLemmaExample1FF,0,FALSE,TRUE,0,81.16756757
Normal,9024,trace 9371,CFLPumpingLemmaExample2FF,0,FALSE,FALSE,0,1.775
Normal,9024,trace 9372,CFLPumpingLemmaExample4FF,0,FALSE,FALSE,0,2.645454545
Credit Seeking,9024,trace 9373,CFLPumpingLemmaExample5FF,0,FALSE,FALSE,0.523809524,21.73414634
Credit Seeking,9024,trace 9374,PDACFLFF,1,FALSE,TRUE,0.288888889,141.3454545
Normal,9024,trace 9375,CFLClosurePropertiesFF,0,FALSE,TRUE,0,15.78518519
Normal,9024,trace 9376,DPDAFF,0,FALSE,TRUE,0,30.34444444
Normal,9024,trace 9377,NCFLProofFF,0,FALSE,TRUE,0,64.02222222
Normal,9024,trace 9378,NCFLversusDCFLFF,0,FALSE,TRUE,0,5.9
Normal,9024,trace 9379,GrammarsForDCFLFF,0,FALSE,TRUE,0,43.01818182
Normal,9024,trace 9380,CFLPumpingLemmaFF,1,TRUE,TRUE,0,5.613333333
Normal,9024,trace 9381,CFLPumpingLemmaExample1FF,1,FALSE,FALSE,0.076923077,3.508333333
Normal,9024,trace 9382,CFLPumpingLemmaExample2FF,1,FALSE,FALSE,0,5.65862069
Normal,9024,trace 9383,CFLPumpingLemmaExample3FF,0,FALSE,TRUE,0,14.23846154
Normal,9024,trace 9384,CFLPumpingLemmaExample4FF,1,FALSE,TRUE,0,5.94375
Normal,9024,trace 9385,CFLPumpingLemmaExample5FF,1,FALSE,TRUE,0,4.676190476
Normal,9024,trace 9386,TMGeneralModel,0,FALSE,TRUE,0.134328358,3131.184848
Normal,9024,trace 9387,TMInterpreting,0,FALSE,TRUE,0.043478261,134.8272727
Normal,9024,trace 9388,TMDecidableVSAcceptable,0,FALSE,TRUE,0,14.91111111
Normal,9024,trace 9389,TMComplicatedMachine3,0,FALSE,TRUE,0.037037037,20.93076923
Normal,9024,trace 9390,PairToSortCONPI,0,FALSE,TRUE,0.111111111,116.0117647
Normal,9024,trace 9391,LowerBound,0,FALSE,TRUE,0,408.3142857
Normal,9024,trace 9392,PairToSortCONPI,1,FALSE,FALSE,0,1.55
Normal,9024,trace 9393,TwoMulExample,0,FALSE,TRUE,0,3436.057143
Normal,9024,trace 9394,TravelSalesman,0,FALSE,TRUE,0,783.6375
Normal,9024,trace 9395,KClique,0,FALSE,TRUE,0,258.62
Normal,9024,trace 9396,SATProof,0,FALSE,TRUE,0,69.92
Normal,9024,trace 9397,NPCCoping,0,FALSE,FALSE,0,11945.87143
Normal,9120,trace 9400,introToNonRegularFF,0,FALSE,TRUE,0,21.01333333
Normal,9120,trace 9401,introToPumpingFF,0,FALSE,TRUE,0,15.91111111
Normal,9120,trace 9402,PLExample1FF,0,FALSE,FALSE,0.041666667,29.17826087
Credit Seeking,9120,trace 9403,ClosurePropertiesFF,0,FALSE,FALSE,0.5,13.17142857
Credit Seeking,9120,trace 9404,ContextFreeLanguagesFF,0,FALSE,FALSE,0.428571429,50.36666667
Normal,9120,trace 9405,DFAFF,0,FALSE,FALSE,0,4.025
Normal,9120,trace 9406,PDA,0,FALSE,TRUE,0.058823529,13.8875
Normal,9120,trace 9407,PDATransitionsFF,0,TRUE,TRUE,0.043478261,13.1
Normal,9120,trace 9408,PDAAcceptanceFF,0,FALSE,TRUE,0.145833333,9.876595745
Credit Seeking,9120,trace 9409,PDACFLFF,0,FALSE,FALSE,0.554216867,6221.246341
Normal,9120,trace 9410,MajorConceptsFF,0,FALSE,TRUE,0.214285714,16.89454545
Normal,9120,trace 9411,CFLClosurePropertiesFF,0,FALSE,FALSE,0,17.7
Credit Seeking,9120,trace 9412,TMGeneralModel,0,FALSE,TRUE,0.283950617,12.9525
Normal,9120,trace 9413,TMInterpreting,0,FALSE,TRUE,0.08,17.88333333
Normal,9120,trace 9414,TMDecidableVSAcceptable,0,FALSE,TRUE,0,10.42
Normal,9120,trace 9415,PairToSortCONPI,0,FALSE,TRUE,0.058823529,47.5125
Credit Seeking,9120,trace 9416,LowerBound,0,FALSE,TRUE,0.307692308,68.93333333
Credit Seeking,9120,trace 9417,ContextFreeLanguagesFF,1,FALSE,FALSE,0.666666667,4.525
Credit Seeking,9120,trace 9418,DPDAFF,0,FALSE,FALSE,0.5,11.20666667
Normal,9120,trace 9419,TravelSalesman,0,FALSE,TRUE,0,62.89411765
Normal,9120,trace 9420,KClique,0,FALSE,TRUE,0,131.42
Normal,9120,trace 9421,TwoMulExample,0,FALSE,FALSE,0,48.00833333
Normal,9120,trace 9422,GrammarIntroFF,0,FALSE,TRUE,0.054054054,15.06111111
Normal,9120,trace 9423,SetDefFF,0,FALSE,TRUE,0,6.366666667
Normal,9120,trace 9424,SetCommonSymbolsFF,0,FALSE,TRUE,0,11.808
Normal,9120,trace 9425,RelationsFF,0,FALSE,TRUE,0,28.7625
Normal,9120,trace 9426,MathProofFF,0,FALSE,TRUE,0,6.617391304
Normal,9120,trace 9427,ContinuedMathProofFF,0,FALSE,TRUE,0,10.075
Normal,9120,trace 9428,InductionProofExample1FF,0,FALSE,TRUE,0.055555556,5.247058824
Normal,9120,trace 9429,InductionProofExample2FF,0,FALSE,TRUE,0.076923077,3.516666667
Normal,9120,trace 9430,SATProof,0,FALSE,TRUE,0.076923077,19.35
Normal,9120,trace 9431,NPCCoping,0,FALSE,TRUE,0,34.85
Normal,9120,trace 9432,UnsolveableProblems1,0,FALSE,TRUE,0,139.4
Normal,9120,trace 9433,UnsolveableProblems2,0,FALSE,TRUE,0,111.65
Normal,9120,trace 9434,TwoMulExample,1,FALSE,TRUE,0,2.24
Normal,9120,trace 9435,NFAtoDFAFF,0,FALSE,TRUE,0,16.88571429
Normal,9120,trace 9436,RegularGrammarFF,0,FALSE,TRUE,0.142857143,8.562962963
Normal,9120,trace 9437,STA,0,FALSE,TRUE,0,4.4
Normal,9120,trace 9439,RegEXandRegLangFF,0,FALSE,FALSE,0,5.033333333
Normal,9120,trace 9440,PDAAcceptanceEquivalenceFF,0,FALSE,FALSE,0,2.7
Credit Seeking,9203,trace 9441,LanguagesFS,0,FALSE,TRUE,0.662068966,9.536111111
Normal,9203,trace 9442,GrammarIntroFS,0,FALSE,TRUE,0.212765957,1556.46087
Normal,9203,trace 9443,RelationsFS,0,FALSE,TRUE,0.210526316,11560.01111
Credit Seeking,9203,trace 9444,EquivFS,0,FALSE,FALSE,0.555555556,3.3875
Normal,9224,trace 9445,LanguagesFS,0,TRUE,TRUE,0.022727273,1151.004651
Credit Seeking,9224,trace 9446,GrammarIntroFS,0,FALSE,TRUE,0.365384615,3502.043137
Credit Seeking,9224,trace 9447,DFAintroFS,0,FALSE,FALSE,0.830985915,15.03
Normal,9224,trace 9448,DFAadvancedFS,0,FALSE,TRUE,0,46.70769231
Credit Seeking,9224,trace 9449,RelationsFS,0,FALSE,TRUE,0.481481481,22.81538462
Credit Seeking,9224,trace 9450,EquivFS,0,TRUE,TRUE,0.411764706,29.2
Normal,9224,trace 9451,DFAintroFS,1,FALSE,TRUE,0.117647059,13.7
Normal,9224,trace 9452,NFAFS,0,FALSE,FALSE,0,12.1375
Normal,9224,trace 9454,DFAMinFS,0,FALSE,TRUE,0,30238.85263
Normal,9224,trace 9455,DFAMinEx1FS,0,FALSE,FALSE,0,121.2277778
Normal,9224,trace 9456,DFAMinEx2FS,0,FALSE,FALSE,0.142857143,15.51666667
Normal,9224,trace 9457,DFAMinEx1FS,1,FALSE,TRUE,0,2.366666667
Normal,9224,trace 9458,DFAMinEx2FS,1,FALSE,TRUE,0.0625,30.71612903
Credit Seeking,9224,trace 9459,RegExFS,0,FALSE,TRUE,0.513888889,51.29859155
Normal,9224,trace 9460,RegEx2NFA1FS,0,FALSE,TRUE,0.083333333,20.2
Normal,9224,trace 9461,RegEx2NFAorFS,0,FALSE,TRUE,0,24.4
Normal,9224,trace 9462,RegEx2NFAcatFS,0,FALSE,TRUE,0.0625,6.013333333
Normal,9224,trace 9463,RegEx2NFAstarFS,0,FALSE,TRUE,0.090909091,13.12
Normal,9224,trace 9464,RegEXtoNFAExampleFF,0,FALSE,TRUE,0.238095238,14.11
Normal,9224,trace 9465,ConvertRLREFF,0,FALSE,TRUE,0.133333333,14.8
Normal,9224,trace 9466,RegularGrammarFF,0,FALSE,TRUE,0.266666667,39.04137931
Normal,9224,trace 9467,NFAToREFF,0,FALSE,TRUE,0,15.12941176
Normal,9224,trace 9468,RightLinearRGFF,0,FALSE,TRUE,0,37.22857143
Normal,9224,trace 9469,LeftLinearGrammarFF,0,FALSE,FALSE,0,7.42
Normal,9224,trace 9470,RegEXtoLeftRegGrammarFF,0,FALSE,FALSE,0.227272727,65.43333333
Normal,9224,trace 9471,ClosureConceptFF,0,FALSE,TRUE,0.076923077,5.85
Normal,9224,trace 9472,ClosureRegularLangFF,0,FALSE,TRUE,0.2,17.84166667
Normal,9224,trace 9473,RegularLangClosedInterFF,0,FALSE,TRUE,0,29.43076923
Normal,9224,trace 9474,RightQuotientFF,0,FALSE,FALSE,0,16.964
Normal,9224,trace 9476,RightQuotientFF,1,FALSE,TRUE,0,4.022222222
Normal,9224,trace 9477,ContextFreeLanguagesFF,0,FALSE,TRUE,0.256410256,58.16315789
Normal,9224,trace 9478,CFGDerivationsFF,0,FALSE,FALSE,0,10.19090909
Normal,9224,trace 9479,AmbiguityFF,0,FALSE,TRUE,0.034482759,32.54285714
Normal,9224,trace 9480,PDA,0,FALSE,TRUE,0,14.43333333
Normal,9224,trace 9481,PDATransitionsFF,0,FALSE,TRUE,0,20.24705882
Normal,9224,trace 9482,PDAAcceptanceFF,0,FALSE,TRUE,0.108695652,12.87111111
Normal,9224,trace 9483,PDAEmptyStackAcceptanceFF,0,FALSE,TRUE,0.024390244,36.605
Normal,9224,trace 9484,PDAAcceptanceEquivalenceFF,0,FALSE,TRUE,0,11.43157895
Normal,9224,trace 9485,DPDAFF,0,FALSE,TRUE,0.05,3180.852632
Normal,9224,trace 9486,NCFLProofFF,0,TRUE,TRUE,0,48.10909091
Normal,9224,trace 9487,NCFLversusDCFLFF,0,FALSE,TRUE,0,3.525
Normal,9224,trace 9488,GrammarsForDCFLFF,0,FALSE,TRUE,0,24.12
Normal,9224,trace 9489,CFLPumpingLemmaExample3FF,0,FALSE,TRUE,0,20.84
Normal,9224,trace 9490,CFLClosurePropertiesFF,0,FALSE,TRUE,0.037037037,50.23846154
Normal,9224,trace 9491,CFLPumpingLemmaFF,0,FALSE,TRUE,0,13.56666667
Normal,9224,trace 9492,CFLPumpingLemmaExample1FF,0,FALSE,FALSE,0.03030303,49.065625
Normal,9224,trace 9493,PDACFLFF,0,FALSE,FALSE,0.027777778,67.88857143
Normal,9224,trace 9494,CFLPumpingLemmaExample1FF,1,FALSE,TRUE,0.076923077,55.18333333
Credit Seeking,9224,trace 9495,CFGDerivationsFF,1,FALSE,FALSE,0.695652174,5.959090909
Normal,9224,trace 9496,TMGeneralModel,0,FALSE,TRUE,0.075757576,18.94153846
Normal,9224,trace 9497,TMInterpreting,0,FALSE,TRUE,0.041666667,28.22608696
Normal,9224,trace 9498,TMDecidableVSAcceptable,0,FALSE,TRUE,0,34.42
Normal,9224,trace 9499,TMComplicatedMachine3,0,FALSE,TRUE,0,15.848
Credit Seeking,9224,trace 9500,PairToSortCONPI,0,FALSE,TRUE,0.285714286,36.66
Normal,9224,trace 9501,LowerBound,0,FALSE,FALSE,0,20.05
Normal,9224,trace 9502,TravelSalesman,0,FALSE,FALSE,0,17.275
Credit Seeking,9241,trace 9503,ClosureConceptFF,0,FALSE,TRUE,0.380952381,5.31
Normal,9241,trace 9504,ClosureRegularLangFF,0,FALSE,FALSE,0,1.05
Normal,9241,trace 9505,PLExample3FF,0,FALSE,FALSE,0.076923077,4.758333333
Normal,9241,trace 9506,ClosurePropertiesExample3FF,0,FALSE,TRUE,0,7.525
Normal,9241,trace 9507,PDA,0,FALSE,TRUE,0.111111111,31.18823529
Normal,9241,trace 9508,PDATransitionsFF,0,TRUE,TRUE,0.0625,10.29677419
Credit Seeking,9241,trace 9509,GrammarsForDCFLFF,0,FALSE,TRUE,0.5,9.408
Credit Seeking,9241,trace 9510,RemoveUselessFF,0,FALSE,FALSE,0.672727273,310.0962963
Normal,9241,trace 9511,RemoveLambdaFF,0,FALSE,TRUE,0.052631579,24.67777778
Normal,9241,trace 9512,RemoveUnitFF,0,FALSE,FALSE,0,18.15
Normal,9241,trace 9513,RemoveUselessFF,1,FALSE,FALSE,0,169.8272727
Credit Seeking,9241,trace 9514,GreibachNormalFormFF,0,FALSE,FALSE,0.5,12.37894737
Normal,9241,trace 9515,TMGeneralModel,0,FALSE,FALSE,0,0.1
Normal,9241,trace 9517,RelationsFF,0,FALSE,TRUE,0.095238095,5.71
Credit Seeking,9241,trace 9518,PairToSortCONPI,0,FALSE,TRUE,0.411764706,3.066666667
Normal,9241,trace 9519,TransformGrammarsFF,0,FALSE,FALSE,0.04,2.754166667
Credit Seeking,9241,trace 9520,RemoveUnitFF,1,FALSE,TRUE,0.720930233,6.6421875
Normal,9241,trace 9521,ChomskyNormalFormFF,0,FALSE,TRUE,0,11.08
Normal,9241,trace 9522,GrammarIntroFF,0,FALSE,TRUE,0.191489362,8.395652174
Normal,9241,trace 9523,TravelSalesman,0,FALSE,TRUE,0.16,10.75833333
Normal,9241,trace 9524,SATProof,0,FALSE,TRUE,0,12.72
Normal,9241,trace 9525,NPCCoping,0,FALSE,TRUE,0.157894737,76.12222222
Credit Seeking,9241,trace 9526,LowerBound,0,FALSE,TRUE,0.56,3.091666667
Normal,9241,trace 9527,TwoMulExample,0,FALSE,TRUE,0.047619048,3.86
Credit Seeking,9241,trace 9528,KClique,0,FALSE,TRUE,0.333333333,5.129411765
Normal,9241,trace 9530,TMGeneralModel,1,FALSE,FALSE,0.222222222,13.06470588
Normal,9249,trace 9531,LanguagesFS,0,FALSE,FALSE,0,4.525
Normal,9249,trace 9532,SetDefFS,0,FALSE,FALSE,0,3.7
Normal,9249,trace 9533,NFAToREFF,0,FALSE,FALSE,0.2,4.233333333
Normal,9249,trace 9534,NPCCoping,0,FALSE,FALSE,0,30.36666667
Credit Seeking,9268,trace 9535,LanguagesFS,0,FALSE,TRUE,0.505494505,29.76888889
Normal,9268,trace 9536,GrammarIntroFS,0,FALSE,TRUE,0.090909091,32.475
Normal,9268,trace 9537,SetDefFS,0,FALSE,TRUE,0.1,21.02222222
Normal,9268,trace 9538,SetNotationFS,0,FALSE,TRUE,0.068965517,13.50714286
Normal,9268,trace 9539,RelationsFS,0,FALSE,TRUE,0.157894737,376.8444444
Normal,9268,trace 9540,EquivFS,0,TRUE,TRUE,0.238095238,77.71
Normal,9268,trace 9541,DFAintroFS,0,FALSE,TRUE,0.052631579,18.45555556
Normal,9268,trace 9542,DFAadvancedFS,0,FALSE,TRUE,0,321.44375
Credit Seeking,9268,trace 9543,NFAFS,0,FALSE,TRUE,0.589285714,1581.112727
Normal,9268,trace 9544,NFAequivFS,0,FALSE,TRUE,0,0.1
Normal,9268,trace 9545,NFA2DFAlargeExFS,0,FALSE,FALSE,0,9.38125
Normal,9268,trace 9547,DFAMinFS,0,FALSE,TRUE,0.095238095,11.76
Normal,9268,trace 9548,DFAMinEx1FS,0,FALSE,TRUE,0,5.509090909
Normal,9268,trace 9549,DFAMinEx2FS,0,FALSE,TRUE,0,1177.123077
Credit Seeking,9268,trace 9550,RegExFS,0,FALSE,TRUE,0.659574468,18.8516129
Normal,9268,trace 9551,RegEx2NFA1FS,0,FALSE,TRUE,0,21.10909091
Normal,9268,trace 9552,RegEx2NFAorFS,0,FALSE,TRUE,0,10.46666667
Normal,9268,trace 9553,RegEx2NFAcatFS,0,FALSE,TRUE,0.066666667,18.65714286
Normal,9268,trace 9554,RegEx2NFAstarFS,0,FALSE,TRUE,0,11.02222222
Normal,9268,trace 9555,RegEXtoNFAExampleFF,0,FALSE,TRUE,0.111111111,8.482352941
Normal,9268,trace 9556,ConvertRLREFF,0,FALSE,TRUE,0.047619048,11.46
Credit Seeking,9268,trace 9557,RegularGrammarFF,0,FALSE,TRUE,0.596491228,12.14642857
Normal,9268,trace 9558,NFAToREFF,0,FALSE,TRUE,0,13.54666667
Normal,9268,trace 9559,RightLinearRGFF,0,FALSE,TRUE,0,8.346666667
Normal,9268,trace 9560,LeftLinearGrammarFF,0,FALSE,FALSE,0,13.78888889
Normal,9268,trace 9561,RegExFS,1,TRUE,TRUE,0,0.1
Credit Seeking,9268,trace 9563,RegEXtoLeftRegGrammarFF,0,FALSE,FALSE,0.289473684,14.0027027
Normal,9268,trace 9564,STA,0,FALSE,TRUE,0,4.688888889
Normal,9268,trace 9565,ClosureConceptFF,0,FALSE,TRUE,0.133333333,4.157142857
Normal,9268,trace 9566,ClosureRegularLangFF,0,FALSE,TRUE,0.1,5.852631579
Credit Seeking,9268,trace 9567,RegularLangClosedInterFF,0,FALSE,FALSE,0.8,3.228571429
Normal,9268,trace 9568,PDAAcceptanceEquivalenceFF,0,TRUE,TRUE,0.03125,164.652381
Normal,9268,trace 9569,CFLPumpingLemmaExample1FF,0,FALSE,FALSE,0,55.36818182
Credit Seeking,9268,trace 9570,CFLPumpingLemmaExample5FF,0,FALSE,FALSE,0.294117647,13.48787879
Normal,9268,trace 9571,TwoMulExample,0,FALSE,TRUE,0.04,89.46666667
Normal,9306,trace 9572,LanguagesFS,0,FALSE,TRUE,0.133333333,22.05
Credit Seeking,9306,trace 9573,GrammarIntroFS,0,FALSE,TRUE,0.438596491,20.7
Credit Seeking,9306,trace 9574,RelationsFS,0,FALSE,TRUE,0.433333333,20119.93793
Normal,9306,trace 9575,EquivFS,0,FALSE,TRUE,0.111111111,51.275
Normal,9306,trace 9576,SetDefFS,0,FALSE,TRUE,0,8.15
Credit Seeking,9306,trace 9577,SetNotationFS,0,FALSE,FALSE,0.352941176,15.825
Credit Seeking,9306,trace 9578,DFAintroFS,0,FALSE,TRUE,0.4,23.44705882
Normal,9306,trace 9579,DFAadvancedFS,0,FALSE,TRUE,0,60.87142857
Normal,9306,trace 9580,NFAFS,0,FALSE,TRUE,0.136363636,15.72380952
Normal,9306,trace 9581,NFAequivFS,0,FALSE,TRUE,0,1.4
Credit Seeking,9306,trace 9582,RegExFS,0,FALSE,FALSE,0.333333333,7.535294118
Normal,9306,trace 9583,RegEx2NFAstarFS,0,FALSE,TRUE,0,8.8
Normal,9306,trace 9584,RegEx2NFA1FS,0,FALSE,TRUE,0,8.472727273
Credit Seeking,9306,trace 9585,RegExFS,1,FALSE,FALSE,0.769230769,3.433333333
Credit Seeking,9306,trace 9586,ContextFreeLanguagesFF,0,FALSE,FALSE,0.846153846,15.168
Normal,9306,trace 9587,CFGDerivationsFF,0,FALSE,FALSE,0.214285714,34.00769231
Normal,9306,trace 9588,TransformGrammarsFF,0,FALSE,TRUE,0,4.455
Normal,9306,trace 9589,RemoveUselessFF,0,FALSE,FALSE,0,2.42
Normal,9306,trace 9590,PDACFLFF,0,FALSE,FALSE,0,3.775
Normal,9306,trace 9591,RemoveUnitFF,0,FALSE,FALSE,0,5.516666667
Normal,9306,trace 9592,GreibachNormalFormFF,0,FALSE,FALSE,0.25,48.15714286
Credit Seeking,9306,trace 9594,PDA,0,FALSE,TRUE,0.578947368,7.32972973
Normal,9306,trace 9595,PDATransitionsFF,0,TRUE,TRUE,0.045454545,15.05714286
Normal,9306,trace 9596,PDAAcceptanceFF,0,FALSE,FALSE,0,6.775
Credit Seeking,9306,trace 9597,PDACFLFF,1,FALSE,FALSE,0.390243902,8.9275
Normal,9306,trace 9599,PDACFLFF,1,FALSE,FALSE,0,22.61
Credit Seeking,9306,trace 9600,GreibachNormalFormFF,1,FALSE,FALSE,0.6875,3.346666667
Normal,9306,trace 9601,ChomskyNormalFormFF,0,FALSE,FALSE,0,3.366666667
Credit Seeking,9306,trace 9602,GreibachNormalFormFF,1,FALSE,FALSE,0.9375,2.940425532
Normal,9306,trace 9604,RemoveUnitFF,1,FALSE,FALSE,0,14.3
Credit Seeking,9306,trace 9605,GreibachNormalFormFF,1,FALSE,FALSE,0.88,4.420833333
Credit Seeking,9306,trace 9606,RemoveUselessFF,1,FALSE,FALSE,0.625,5.34
Normal,9306,trace 9607,GreibachNormalFormFF,1,FALSE,FALSE,0,10.85
Normal,9306,trace 9608,PDACFLFF,1,FALSE,FALSE,0,7.55
Normal,9306,trace 9609,PDAAcceptanceEquivalenceFF,0,FALSE,TRUE,0,28.33636364
Normal,9306,trace 9610,NFAequivFS,1,TRUE,TRUE,0.2,0.8
Credit Seeking,9306,trace 9612,PairToSortCONPI,0,FALSE,TRUE,0.318181818,8.961904762
Credit Seeking,9306,trace 9613,LowerBound,0,TRUE,TRUE,0.458333333,2.87826087
Normal,9306,trace 9614,UnsolveableProblems1,0,TRUE,TRUE,0,77.02
Normal,9306,trace 9615,NFAequivFS,1,TRUE,TRUE,0,0.1
Normal,9306,trace 9616,NFA2DFAlargeExFS,0,FALSE,TRUE,0.214285714,32.37777778
Normal,9306,trace 9617,SetNotationFS,1,FALSE,TRUE,0.259259259,8.776923077
Credit Seeking,9306,trace 9618,RegExFS,1,FALSE,TRUE,0.531914894,13.15652174
Normal,9306,trace 9619,RegEx2NFAorFS,0,FALSE,TRUE,0.071428571,2.169230769
Normal,9306,trace 9620,RegEx2NFAcatFS,0,FALSE,TRUE,0.105263158,2.066666667
Credit Seeking,9306,trace 9621,RegEXtoNFAExampleFF,0,FALSE,TRUE,0.737704918,3.836666667
Normal,9306,trace 9622,ConvertRLREFF,0,FALSE,TRUE,0.153846154,2.848
Credit Seeking,9306,trace 9623,RegularGrammarFF,0,FALSE,TRUE,0.782608696,2.852631579
Normal,9306,trace 9624,NFAToREFF,0,FALSE,TRUE,0.227272727,4.438095238
Normal,9306,trace 9625,REtoFAExampleFF,0,FALSE,TRUE,0,3.836363636
Normal,9306,trace 9626,RightLinearRGFF,0,FALSE,TRUE,0.058823529,3.825
Normal,9306,trace 9627,NFAToReExampleFF,0,FALSE,TRUE,0,5.32
Normal,9306,trace 9628,LeftLinearGrammarFF,0,FALSE,TRUE,0.027027027,3.144444444
Normal,9306,trace 9629,RegEXtoRegGrammarFF,0,FALSE,TRUE,0.138888889,5.691428571
Credit Seeking,9306,trace 9630,RegEXtoLeftRegGrammarFF,0,FALSE,TRUE,0.317073171,5.005
Normal,9306,trace 9631,STA,0,FALSE,TRUE,0,3.018181818
Normal,9306,trace 9632,ClosureConceptFF,0,FALSE,TRUE,0.142857143,4.246153846
Credit Seeking,9306,trace 9633,ClosureRegularLangFF,0,FALSE,TRUE,0.296296296,2.892307692
Credit Seeking,9306,trace 9634,RegularLangClosedInterFF,0,FALSE,TRUE,0.397058824,3.152238806
Normal,9306,trace 9635,RightQuotientFF,0,TRUE,TRUE,0.111111111,5.822727273
Normal,9306,trace 9636,HomomorphismFF,0,FALSE,TRUE,0,5.02
Normal,9306,trace 9637,ClosurePropertiesExample3FF,0,FALSE,TRUE,0,2.15
Normal,9306,trace 9638,ClosurePropertiesExample2FF,0,FALSE,TRUE,0,1.688888889
Normal,9306,trace 9639,ClosurePropertiesExample1FF,0,FALSE,TRUE,0.142857143,1.784615385
Credit Seeking,9306,trace 9640,ClosurePropertiesFF,0,FALSE,TRUE,0.3,2.244444444
Normal,9306,trace 9641,PLExample6FF,0,FALSE,TRUE,0.222222222,2.645283019
Normal,9306,trace 9642,PLExample5FF,0,FALSE,TRUE,0.034482759,2.364285714
Normal,9306,trace 9643,PLExample4FF,0,FALSE,TRUE,0.12195122,1.93
Normal,9306,trace 9644,PLExample3FF,0,FALSE,TRUE,0.105263158,2.897297297
Normal,9306,trace 9645,PLExample2FF,0,FALSE,TRUE,0.11627907,2.861904762
Normal,9306,trace 9646,introToNonRegularFF,0,FALSE,TRUE,0,2.8
Normal,9306,trace 9647,introToPumpingFF,0,FALSE,TRUE,0.083333333,1.927272727
Normal,9306,trace 9648,PLExample1FF,0,FALSE,TRUE,0.078125,2.717460317
Credit Seeking,9306,trace 9649,ContextFreeLanguagesFF,1,FALSE,TRUE,0.817518248,5.641176471
Credit Seeking,9306,trace 9650,CFGDerivationsFF,1,FALSE,TRUE,0.393162393,2.993103448
Normal,9306,trace 9651,DerivationTreesFF,0,FALSE,TRUE,0.095238095,2.56
Credit Seeking,9306,trace 9652,MembershipProblemFF,0,FALSE,FALSE,0.769230769,5.742105263
Normal,9306,trace 9653,AmbiguityFF,0,FALSE,FALSE,0,2.1375
Normal,9306,trace 9656,TMGeneralModel,0,FALSE,FALSE,0.125,2.585714286
Normal,9306,trace 9657,TMInterpreting,0,FALSE,FALSE,0.083333333,6.009090909
Normal,9306,trace 9658,UnsolveableProblems2,0,FALSE,FALSE,0,12.05
Normal,9308,trace 9659,introToNonRegularFF,0,FALSE,TRUE,0.105263158,18.73333333
Normal,9308,trace 9660,SetDefFF,0,FALSE,TRUE,0,8.866666667
Normal,9308,trace 9661,SetCommonSymbolsFF,0,FALSE,TRUE,0,11.675
Normal,9308,trace 9662,introToPumpingFF,0,FALSE,TRUE,0,24.57777778
Normal,9308,trace 9663,PLExample1FF,0,FALSE,TRUE,0.105263158,37.12857143
Normal,9308,trace 9665,PLExample2FF,0,FALSE,FALSE,0,24.084
Normal,9308,trace 9666,PLExample3FF,0,FALSE,FALSE,0,29.80666667
Normal,9308,trace 9667,PLExample4FF,0,FALSE,FALSE,0,7.385714286
Normal,9308,trace 9668,PLExample5FF,0,FALSE,TRUE,0.038461538,24.448
Normal,9308,trace 9669,PLExample6FF,0,FALSE,FALSE,0.09375,33.71290323
Normal,9308,trace 9670,ClosurePropertiesFF,0,FALSE,TRUE,0,18.64
Normal,9308,trace 9671,ClosurePropertiesExample1FF,0,FALSE,TRUE,0,135.32
Normal,9308,trace 9672,ClosurePropertiesExample2FF,0,FALSE,TRUE,0.090909091,66.22
Credit Seeking,9308,trace 9673,ClosurePropertiesExample1FF,1,FALSE,FALSE,0.5,20.62
Normal,9308,trace 9674,ClosurePropertiesExample3FF,0,FALSE,FALSE,0,28.51666667
Normal,9308,trace 9675,PDACFLFF,0,FALSE,TRUE,0.132075472,52.67692308
Normal,9308,trace 9676,TransformGrammarsFF,0,FALSE,FALSE,0,56.61
Credit Seeking,9308,trace 9677,RemoveUselessFF,0,FALSE,FALSE,0.375,21.09565217
Normal,9308,trace 9678,RemoveLambdaFF,0,FALSE,TRUE,0,29.28888889
Normal,9308,trace 9679,RemoveUnitFF,0,FALSE,FALSE,0.136363636,17.14761905
Normal,9308,trace 9680,ChomskyNormalFormFF,0,FALSE,TRUE,0,44.575
Credit Seeking,9308,trace 9681,GreibachNormalFormFF,0,FALSE,TRUE,0.525641026,21.95064935
Credit Seeking,9308,trace 9682,PDA,0,FALSE,TRUE,0.482758621,18.25714286
Normal,9308,trace 9683,PDATransitionsFF,0,FALSE,TRUE,0.045454545,38.67619048
Normal,9308,trace 9684,PDAAcceptanceFF,0,FALSE,TRUE,0.046511628,18.74285714
Normal,9308,trace 9685,PDAEmptyStackAcceptanceFF,0,FALSE,TRUE,0,11.47894737
Normal,9308,trace 9686,PDAAcceptanceEquivalenceFF,0,FALSE,TRUE,0,9.383333333
Credit Seeking,9308,trace 9687,NFA,0,FALSE,FALSE,0.672727273,14.11481481
Normal,9308,trace 9689,ClosureConceptFF,0,FALSE,TRUE,0.125,8.28
Normal,9308,trace 9690,UnsolveableProblems1,0,FALSE,TRUE,0,372.65
Normal,9308,trace 9691,UnsolveableProblems2,0,FALSE,TRUE,0,261.15
Normal,9308,trace 9692,PairToSortCONPI,0,FALSE,TRUE,0.125,87.48
Normal,9308,trace 9693,LowerBound,0,FALSE,TRUE,0.111111111,635.025
Normal,9308,trace 9694,TwoMulExample,0,FALSE,TRUE,0,168.1571429
Normal,9308,trace 9695,TravelSalesman,0,FALSE,TRUE,0.259259259,67.81538462
Normal,9308,trace 9696,KClique,0,FALSE,TRUE,0.142857143,58.4
Normal,9929,trace 9698,NFAFS,0,FALSE,FALSE,0,6.21
Normal,9929,trace 9699,introToNonRegularFF,0,FALSE,TRUE,0,6.938461538
Normal,9929,trace 9700,ClosurePropertiesFF,0,FALSE,TRUE,0,3.04
Normal,9929,trace 9701,ClosurePropertiesExample2FF,0,FALSE,FALSE,0,3.033333333
Normal,9929,trace 9702,AmbiguityFF,0,FALSE,FALSE,0,4.05
Credit Seeking,11030,trace 9703,SetDefFF,0,FALSE,FALSE,0.5,7.233333333
Credit Seeking,11030,trace 9704,SetCommonSymbolsFF,0,FALSE,FALSE,0.333333333,6.15
Credit Seeking,11030,trace 9705,SetDefFF,1,FALSE,FALSE,0.666666667,9.62
Normal,11030,trace 9706,SetCommonSymbolsFF,1,FALSE,FALSE,0,3.033333333
Normal,11092,trace 9707,LanguagesFS,0,FALSE,FALSE,0,115.55
Credit Seeking,11092,trace 9708,GrammarIntroFS,0,FALSE,TRUE,0.464285714,12.58545455
Credit Seeking,11092,trace 9709,SetDefFS,0,FALSE,TRUE,0.466666667,10.58571429
Normal,11092,trace 9710,SetNotationFS,0,FALSE,TRUE,0.225,13.95384615
Credit Seeking,11092,trace 9711,RelationsFS,0,FALSE,TRUE,0.672727273,14.85555556
Credit Seeking,11092,trace 9712,EquivFS,0,FALSE,TRUE,0.761904762,2.882926829
Credit Seeking,11092,trace 9713,DFAintroFS,0,FALSE,TRUE,0.526315789,9.681081081
Normal,11092,trace 9714,DFAadvancedFS,0,FALSE,TRUE,0.111111111,25.71764706
Normal,11092,trace 9715,ClosureRegularLangFF,0,FALSE,FALSE,0,0.1
Normal,11092,trace 9716,PLExample1FF,0,FALSE,FALSE,0,3.55
Credit Seeking,11092,trace 9717,NFAFS,0,FALSE,FALSE,0.920634921,4.267021277
Normal,11092,trace 9718,NFAequivFS,0,FALSE,TRUE,0,0.1
Normal,11092,trace 9719,NFA2DFAlargeExFS,0,FALSE,FALSE,0.25,0.733333333
Credit Seeking,11092,trace 9720,NFAFS,1,FALSE,TRUE,0.734693878,11.2125
Normal,11092,trace 9721,RegEx2NFA1FS,0,FALSE,TRUE,0,15.52
Normal,11092,trace 9722,NFAequivFS,1,TRUE,TRUE,0,0.1
Credit Seeking,11092,trace 9723,NFA2DFAlargeExFS,1,FALSE,TRUE,0.603174603,18.66451613
Normal,11092,trace 9724,RegEx2NFAorFS,0,FALSE,TRUE,0,11.8
Normal,11092,trace 9726,RegEx2NFAcatFS,0,FALSE,TRUE,0.166666667,3.305882353
Credit Seeking,11092,trace 9727,RegExFS,0,FALSE,FALSE,0.793333333,4.236241611
Normal,11092,trace 9728,RegEx2NFA1FS,1,FALSE,FALSE,0,72.7625
Normal,11092,trace 9729,RegEx2NFAstarFS,0,FALSE,TRUE,0.1,8.577777778
Normal,11092,trace 9730,ClosureConceptFF,0,FALSE,TRUE,0.235294118,3.2
Credit Seeking,11092,trace 9731,ClosureRegularLangFF,1,FALSE,TRUE,0.32,5.3
Credit Seeking,11092,trace 9732,RegularLangClosedInterFF,0,FALSE,TRUE,0.383561644,2.572222222
Credit Seeking,11092,trace 9733,HomomorphismFF,0,FALSE,TRUE,0.433333333,2.489655172
Credit Seeking,11092,trace 9734,RightQuotientFF,0,TRUE,TRUE,0.566371681,3.001785714
Credit Seeking,11092,trace 9735,RegEXtoLeftRegGrammarFF,0,FALSE,TRUE,0.46031746,9.793548387
Normal,11092,trace 9736,introToPumpingFF,0,FALSE,TRUE,0.2,4.014285714
Normal,11092,trace 9737,PLExample1FF,1,FALSE,FALSE,0.076923077,4.341666667
Normal,11092,trace 9738,PLExample2FF,0,FALSE,FALSE,0,2.033333333
Normal,11092,trace 9739,PLExample3FF,0,FALSE,FALSE,0,4.02
Normal,11092,trace 9740,PDA,0,FALSE,TRUE,0.111111111,8.423529412
Normal,11092,trace 9741,PDAAcceptanceEquivalenceFF,0,FALSE,FALSE,0,3.62
Credit Seeking,11092,trace 9742,PDACFLFF,0,FALSE,TRUE,0.598591549,13.27092199
Normal,11092,trace 9744,NCFLProofFF,0,FALSE,FALSE,0,18464.55
Normal,11092,trace 9745,PDATransitionsFF,0,TRUE,TRUE,0,6.819047619
Normal,11092,trace 9746,PDAAcceptanceFF,0,FALSE,TRUE,0.022222222,9.731818182
Normal,11092,trace 9747,PDAEmptyStackAcceptanceFF,0,FALSE,FALSE,0.066666667,28.22142857
Normal,11092,trace 9748,PDAAcceptanceEquivalenceFF,1,FALSE,TRUE,0,29.33589744
Normal,11092,trace 9749,PDAEmptyStackAcceptanceFF,1,FALSE,TRUE,0.075,4.287179487
Credit Seeking,11092,trace 9750,CFLClosurePropertiesFF,0,FALSE,TRUE,0.341463415,2.63
Credit Seeking,11092,trace 9751,CFLPumpingLemmaFF,0,FALSE,TRUE,0.363636364,5.06875
Credit Seeking,11092,trace 9752,CFLPumpingLemmaExample1FF,0,FALSE,TRUE,0.301587302,27.58387097
Credit Seeking,11092,trace 9753,ContextFreeLanguagesFF,0,FALSE,TRUE,0.37037037,4.758490566
Credit Seeking,11092,trace 9754,CFGDerivationsFF,0,FALSE,TRUE,0.380165289,2.251666667
Credit Seeking,11092,trace 9755,DerivationTreesFF,0,FALSE,TRUE,0.485714286,2.182352941
Normal,11092,trace 9756,TMInterpreting,0,FALSE,FALSE,0.25,1.366666667
Credit Seeking,11092,trace 9757,TMGeneralModel,0,FALSE,TRUE,0.339449541,3.974074074
Credit Seeking,11092,trace 9758,TMInterpreting,1,FALSE,TRUE,0.5,9.381132075
Normal,11092,trace 9759,TMDecidableVSAcceptable,0,FALSE,TRUE,0.066666667,5.442857143
Normal,11092,trace 9760,TMComplicatedMachine3,0,FALSE,TRUE,0.184210526,5.383783784
Normal,11092,trace 9761,TMGeneralModel,1,FALSE,FALSE,0,6.55
Credit Seeking,11092,trace 9762,LowerBound,0,FALSE,FALSE,0.285714286,11807.7
Normal,11092,trace 9763,TwoMulExample,0,FALSE,TRUE,0,6.011764706
Normal,11092,trace 9764,PairToSortCONPI,0,FALSE,TRUE,0,165.4
Normal,11092,trace 9765,LowerBound,1,FALSE,TRUE,0.1,4840.244444
Normal,11092,trace 9766,TwoMulExample,1,TRUE,TRUE,0.055555556,67.65882353
Normal,11092,trace 9767,TravelSalesman,0,FALSE,TRUE,0,1884.46
Normal,11092,trace 9768,KClique,0,FALSE,TRUE,0.0625,152.1466667
Normal,11092,trace 9769,SATProof,0,FALSE,TRUE,0,333.8615385
Normal,11092,trace 9770,NPCCoping,0,FALSE,TRUE,0,34.29090909
Normal,11092,trace 9771,UnsolveableProblems1,0,FALSE,TRUE,0,28.10909091
Credit Seeking,11093,trace 9773,LanguagesFS,0,FALSE,TRUE,0.340909091,18.95632184
Credit Seeking,11093,trace 9774,GrammarIntroFS,0,FALSE,TRUE,0.514705882,17.8238806
Normal,11093,trace 9775,SetDefFS,0,FALSE,TRUE,0,7.275
Normal,11093,trace 9776,SetNotationFS,0,FALSE,TRUE,0,12.27692308
Credit Seeking,11093,trace 9777,RelationsFS,0,FALSE,TRUE,0.513513514,4.45
Credit Seeking,11093,trace 9778,EquivFS,0,FALSE,TRUE,0.578947368,3.288888889
Credit Seeking,11093,trace 9779,DFAintroFS,0,FALSE,FALSE,0.730769231,45.528
Normal,11093,trace 9780,DFAadvancedFS,0,FALSE,TRUE,0.230769231,24.648
Credit Seeking,11093,trace 9781,DFAintroFS,1,FALSE,FALSE,0.921052632,4.491891892
Normal,11093,trace 9782,ContextFreeLanguagesFF,0,FALSE,TRUE,0.181818182,2.748837209
Credit Seeking,11093,trace 9783,CFGDerivationsFF,0,FALSE,TRUE,0.368852459,2.704132231
Normal,11093,trace 9784,DerivationTreesFF,0,FALSE,FALSE,0.117647059,2.75625
Normal,11214,trace 9785,LanguagesFS,0,FALSE,TRUE,0.216666667,1369.969492
Credit Seeking,11214,trace 9786,GrammarIntroFS,0,FALSE,TRUE,0.32,37.24897959
Normal,11214,trace 9787,LanguagesFS,1,FALSE,FALSE,0,432.81
Normal,11214,trace 9788,SetDefFS,0,FALSE,TRUE,0,20.35555556
Normal,11214,trace 9789,SetNotationFS,0,FALSE,TRUE,0.264705882,25.64242424
Normal,11214,trace 9790,RelationsFS,0,FALSE,TRUE,0.214285714,26.97037037
Normal,11214,trace 9791,EquivFS,0,FALSE,TRUE,0.2,49.57777778
Credit Seeking,11214,trace 9792,DFAintroFS,0,FALSE,TRUE,0.435897436,16.53157895
Normal,11214,trace 9793,DFAadvancedFS,0,FALSE,TRUE,0,13.8
Credit Seeking,11214,trace 9794,NFAFS,0,FALSE,TRUE,0.565217391,15.33777778
Normal,11214,trace 9795,NFAequivFS,0,FALSE,TRUE,0.2,2.05
Normal,11214,trace 9796,NFA2DFAlargeExFS,0,FALSE,TRUE,0.192307692,18.928
Normal,11214,trace 9797,DFAMinFS,0,FALSE,TRUE,0,231.8352941
Normal,11214,trace 9798,DFAMinEx1FS,0,TRUE,TRUE,0,23.24117647
Normal,11214,trace 9799,LanguagesFS,1,FALSE,FALSE,0.142857143,12.7
Credit Seeking,11214,trace 9800,RegularGrammarFF,0,FALSE,FALSE,0.770833333,40.15319149
Credit Seeking,11214,trace 9801,PDA,0,FALSE,TRUE,0.644444444,5.459090909
Normal,11214,trace 9802,PDATransitionsFF,0,FALSE,FALSE,0,63.23846154
Credit Seeking,11214,trace 9803,ContextFreeLanguagesFF,0,FALSE,FALSE,0.846153846,3.204
Normal,11873,trace 9804,SetDefFF,0,FALSE,TRUE,0,8.033333333
Normal,11873,trace 9805,SetCommonSymbolsFF,0,FALSE,TRUE,0.038461538,12.328
Normal,11873,trace 9806,RelationsFF,0,FALSE,TRUE,0,12.3875
Normal,11873,trace 9807,MathProofFF,0,FALSE,TRUE,0,179.7913043
Normal,11873,trace 9808,ContinuedMathProofFF,0,FALSE,TRUE,0,14.22105263
Normal,11873,trace 9809,InductionProofExample1FF,0,FALSE,TRUE,0.24,8.925
Normal,11873,trace 9810,InductionProofExample2FF,0,FALSE,TRUE,0.133333333,7.014285714
Normal,11873,trace 9811,DFAFF,0,FALSE,TRUE,0.033333333,11.00689655
Credit Seeking,11873,trace 9812,FADefinitionsFF,0,FALSE,TRUE,0.333333333,9.76
Normal,11873,trace 9813,NFA,0,FALSE,TRUE,0.090909091,12.86666667
Normal,11873,trace 9814,NFA2DFAFrames,0,FALSE,TRUE,0.225806452,13.57333333
Normal,11873,trace 9815,NFAtoDFAFF,0,FALSE,TRUE,0,8.2
Normal,11873,trace 9816,NFA2DFAFrames,1,FALSE,FALSE,0,8.55
Normal,11873,trace 9817,DFAMinimizationFF,0,FALSE,TRUE,0.035714286,9.562962963
Normal,11873,trace 9818,MinimizationWithQuestionsFF,0,FALSE,TRUE,0,13.41818182
Normal,11873,trace 9819,MinimizationWithQuestions2FF,0,FALSE,TRUE,0,11.50833333
Normal,11873,trace 9820,RegularExpressionsFF,0,FALSE,TRUE,0.142857143,57.71176471
Normal,11873,trace 9821,RegEXandRegLangFF,0,FALSE,TRUE,0,22.2
Normal,11873,trace 9822,PDA,0,FALSE,TRUE,0,12.47272727
Normal,11873,trace 9824,PDACFLFF,0,FALSE,FALSE,0.107142857,16.5962963
Normal,11873,trace 9825,TMGeneralModel,0,FALSE,TRUE,0.081967213,18.88666667
Normal,11873,trace 9826,TMInterpreting,0,FALSE,TRUE,0.04,0.675
Normal,11873,trace 9827,introToNonRegularFF,0,FALSE,TRUE,0,14.47692308
Normal,11873,trace 9828,introToPumpingFF,0,FALSE,TRUE,0,5.65
Normal,11873,trace 9829,PLExample1FF,0,FALSE,TRUE,0.16,8.412244898
Normal,11873,trace 9830,PLExample2FF,0,FALSE,TRUE,0.034482759,5.971428571
Normal,11873,trace 9831,PLExample3FF,0,FALSE,TRUE,0,6.303703704
Normal,11873,trace 9832,PLExample4FF,0,FALSE,TRUE,0,7.292857143
Normal,11873,trace 9833,PLExample5FF,0,FALSE,TRUE,0,6.236363636
Normal,11873,trace 9834,PLExample6FF,0,FALSE,TRUE,0,4.1625
Normal,11873,trace 9835,ClosurePropertiesFF,0,FALSE,TRUE,0.142857143,3.033333333
Normal,11873,trace 9836,ClosurePropertiesExample1FF,0,FALSE,TRUE,0.1875,2.68
Normal,11873,trace 9837,ClosurePropertiesExample2FF,0,FALSE,TRUE,0,3.775
Normal,11873,trace 9838,ClosurePropertiesExample3FF,0,FALSE,TRUE,0,4.244444444
Credit Seeking,11873,trace 9839,ContextFreeLanguagesFF,0,FALSE,TRUE,0.579710145,5.708823529
Normal,11873,trace 9840,CFGDerivationsFF,0,FALSE,TRUE,0.068965517,5.371929825
Normal,11873,trace 9841,DerivationTreesFF,0,FALSE,FALSE,0,5.736363636
Normal,11873,trace 9842,MembershipProblemFF,0,FALSE,TRUE,0.21875,13.36129032
Normal,11873,trace 9843,AmbiguityFF,0,FALSE,TRUE,0,5.190909091
Normal,11873,trace 9844,TMDecidableVSAcceptable,0,FALSE,TRUE,0.071428571,6.4
Normal,11873,trace 9845,TMComplicatedMachine3,0,FALSE,TRUE,0.043478261,7.054545455
Normal,11873,trace 9846,PairToSortCONPI,0,FALSE,TRUE,0.0625,11.54666667
Normal,11873,trace 9847,LowerBound,0,TRUE,TRUE,0.166666667,25.6
Normal,11873,trace 9848,TravelSalesman,0,FALSE,TRUE,0,20.27368421
Credit Seeking,11873,trace 9849,KClique,0,FALSE,FALSE,0.4,2.775
Normal,11873,trace 9850,PDATransitionsFF,0,FALSE,TRUE,0,10.24705882
Normal,11873,trace 9851,PDAAcceptanceFF,0,FALSE,TRUE,0,14.88
Normal,11873,trace 9852,PDAEmptyStackAcceptanceFF,0,FALSE,TRUE,0,7.144444444
Normal,11873,trace 9853,PDAAcceptanceEquivalenceFF,0,FALSE,TRUE,0,5.81
Normal,11873,trace 9854,TwoMulExample,0,FALSE,TRUE,0,5.514285714
Normal,11873,trace 9855,KClique,1,FALSE,TRUE,0.142857143,5.784615385
Normal,11873,trace 9856,SATProof,0,FALSE,TRUE,0,6.82
Normal,11873,trace 9857,NPCCoping,0,FALSE,TRUE,0,8.472727273
Normal,11873,trace 9858,UnsolveableProblems1,0,FALSE,TRUE,0,61.02222222
Normal,11873,trace 9859,UnsolveableProblems2,0,FALSE,TRUE,0,70.86666667
Credit Seeking,12467,trace 9860,LanguagesFS,0,FALSE,TRUE,0.328358209,25.32121212
Credit Seeking,12467,trace 9861,GrammarIntroFS,0,FALSE,TRUE,0.358490566,23.02307692
Credit Seeking,12467,trace 9862,DFAintroFS,0,FALSE,TRUE,0.929411765,8.923893805
Credit Seeking,12467,trace 9863,RegExFS,0,FALSE,FALSE,0.875,13.00869565
Normal,12467,trace 9864,RelationsFS,0,FALSE,TRUE,0.1,58079.01053
Credit Seeking,12467,trace 9865,EquivFS,0,FALSE,TRUE,0.5,13.95294118
Normal,12467,trace 9866,DFAadvancedFS,0,FALSE,TRUE,0,14.37142857
Credit Seeking,12467,trace 9867,ContextFreeLanguagesFF,0,FALSE,TRUE,0.700854701,5.329310345
Normal,12467,trace 9868,CFGDerivationsFF,0,FALSE,TRUE,0.147058824,4.555223881
Normal,12467,trace 9869,DerivationTreesFF,0,FALSE,TRUE,0,4.3
Credit Seeking,12467,trace 9870,MembershipProblemFF,0,FALSE,TRUE,0.96223565,3.110741301
Credit Seeking,12467,trace 9871,AmbiguityFF,0,FALSE,TRUE,0.571428571,2.626086957
Credit Seeking,12467,trace 9872,PairToSortCONPI,0,FALSE,FALSE,0.333333333,2.836363636
Credit Seeking,12467,trace 9873,SetDefFS,0,FALSE,TRUE,0.375,3.946666667
Normal,12467,trace 9874,SetNotationFS,0,FALSE,TRUE,0.244444444,4.05
Normal,12467,trace 9875,NFAFS,0,FALSE,TRUE,0.25,4.72
Credit Seeking,12467,trace 9876,NFAequivFS,0,FALSE,TRUE,0.333333333,1.44
Credit Seeking,12467,trace 9877,NFA2DFAlargeExFS,0,FALSE,TRUE,0.746987952,5.197560976
Normal,12467,trace 9878,DFAMinFS,0,FALSE,TRUE,0.25,2.617391304
Normal,12467,trace 9879,DFAMinEx1FS,0,FALSE,TRUE,0.083333333,2.205714286
Normal,12467,trace 9880,DFAMinEx2FS,0,FALSE,TRUE,0.027027027,2.116666667
Credit Seeking,12467,trace 9881,RegExFS,1,FALSE,TRUE,0.803108808,4.334375
Normal,12467,trace 9882,RegEx2NFA1FS,0,FALSE,TRUE,0,1.933333333
Normal,12467,trace 9883,RegEx2NFAorFS,0,FALSE,TRUE,0,1.836363636
Normal,12467,trace 9884,RegEx2NFAcatFS,0,FALSE,TRUE,0.181818182,1.39047619
Normal,12467,trace 9885,RegEx2NFAstarFS,0,FALSE,TRUE,0,1.72
Credit Seeking,12467,trace 9886,RegEXtoNFAExampleFF,0,FALSE,TRUE,0.6,1.953846154
Normal,12467,trace 9887,ConvertRLREFF,0,FALSE,TRUE,0,2.063157895
Credit Seeking,12467,trace 9888,RegularGrammarFF,0,FALSE,TRUE,0.653333333,2.178378378
Normal,12467,trace 9889,REtoFAExampleFF,0,FALSE,TRUE,0.076923077,2.683333333
Credit Seeking,12467,trace 9890,NFAToREFF,0,FALSE,TRUE,0.803921569,2.457425743
Normal,12467,trace 9891,RightLinearRGFF,0,FALSE,TRUE,0.142857143,2.26
Normal,12467,trace 9892,NFAToReExampleFF,0,FALSE,TRUE,0.076923077,2.933333333
Normal,12467,trace 9893,LeftLinearGrammarFF,0,FALSE,TRUE,0.025,2.38974359
Credit Seeking,12467,trace 9894,RegEXtoRegGrammarFF,0,FALSE,TRUE,0.574712644,1.96744186
Credit Seeking,12467,trace 9895,RegEXtoLeftRegGrammarFF,0,FALSE,TRUE,0.577319588,2.075
Normal,12467,trace 9896,STA,0,FALSE,TRUE,0,2.12
Credit Seeking,12467,trace 9897,ClosureConceptFF,0,FALSE,TRUE,0.304347826,1.781818182
Normal,12492,trace 9898,LanguagesFS,0,FALSE,TRUE,0.025,21.6974359
Normal,12492,trace 9899,GrammarIntroFS,0,FALSE,TRUE,0.170731707,28.43
Normal,12492,trace 9900,SetDefFS,0,FALSE,TRUE,0,7.6
Normal,12492,trace 9901,SetNotationFS,0,FALSE,TRUE,0,8.509090909
Credit Seeking,12492,trace 9902,RelationsFS,0,FALSE,TRUE,0.318181818,29.05714286
Credit Seeking,12492,trace 9903,EquivFS,0,FALSE,TRUE,0.3,7.911111111
Normal,12492,trace 9904,DFAintroFS,0,FALSE,TRUE,0.227272727,18.58095238
Normal,12492,trace 9905,DFAadvancedFS,0,FALSE,TRUE,0.058823529,11.7
Normal,12492,trace 9906,NFAFS,0,FALSE,TRUE,0,7.622222222
Normal,12492,trace 9907,NFAequivFS,0,FALSE,TRUE,0,0.1
Normal,12492,trace 9908,NFA2DFAlargeExFS,0,FALSE,TRUE,0,6.169230769
Normal,12492,trace 9909,LanguagesFS,1,FALSE,FALSE,0,18.7625
Normal,12492,trace 9910,DFAMinFS,0,FALSE,TRUE,0.090909091,23.15238095
Normal,12492,trace 9911,DFAMinEx1FS,0,FALSE,TRUE,0.107142857,23.11851852
Normal,12492,trace 9912,DFAMinEx2FS,0,FALSE,TRUE,0,21.96666667
Normal,12492,trace 9913,LanguagesFS,1,FALSE,FALSE,0,2741.033333
Normal,12492,trace 9914,DFAMinFS,1,FALSE,FALSE,0,78.7625
Normal,12492,trace 9915,DFAMinEx1FS,1,FALSE,FALSE,0,13.78888889
Normal,12492,trace 9916,DFAMinFS,1,TRUE,TRUE,0,6.4
Normal,12492,trace 9917,RegExFS,0,FALSE,TRUE,0.058823529,119.7030303
Normal,12492,trace 9918,RegEx2NFA1FS,0,FALSE,TRUE,0,4.52
Normal,12492,trace 9919,RegEx2NFAorFS,0,FALSE,TRUE,0,1367.742857
Normal,12492,trace 9920,RegEx2NFAcatFS,0,FALSE,TRUE,0,5.688888889
Normal,12492,trace 9921,RegEx2NFAstarFS,0,FALSE,TRUE,0,4.742857143
Normal,12492,trace 9922,RegEXtoNFAExampleFF,0,FALSE,TRUE,0.066666667,11.01428571
Normal,12492,trace 9923,ConvertRLREFF,0,FALSE,TRUE,0,11.48235294
Normal,12492,trace 9924,RegularGrammarFF,0,FALSE,TRUE,0.137931034,5.9
Normal,12492,trace 9925,NFAToREFF,0,FALSE,TRUE,0.052631579,6.566666667
Normal,12492,trace 9926,RightLinearRGFF,0,FALSE,TRUE,0,6.553846154
Normal,12492,trace 9927,STA,0,FALSE,TRUE,0,4.12
Normal,12492,trace 9928,introToNonRegularFF,0,FALSE,TRUE,0,16.24615385
Normal,12492,trace 9929,PLExample4FF,0,FALSE,TRUE,0.03030303,9.35
Normal,12492,trace 9930,PLExample1FF,0,FALSE,FALSE,0,34.155
Normal,12492,trace 9931,PLExample3FF,0,FALSE,FALSE,0,27.72142857
Normal,12492,trace 9932,PLExample4FF,1,FALSE,FALSE,0,40.6375
Normal,12492,trace 9933,PLExample5FF,0,FALSE,FALSE,0,3.736363636
Normal,12492,trace 9934,ClosurePropertiesFF,0,FALSE,TRUE,0,204.04
Normal,12492,trace 9935,ClosurePropertiesExample2FF,0,FALSE,TRUE,0,5.314285714
Normal,12492,trace 9937,ClosurePropertiesExample1FF,0,FALSE,TRUE,0,7203.238462
Normal,12492,trace 9938,AmbiguityFF,0,FALSE,FALSE,0,5.585714286
Normal,12492,trace 9939,TransformGrammarsFF,0,FALSE,TRUE,0,9.420689655
Normal,12492,trace 9940,RemoveUselessFF,0,FALSE,FALSE,0.24,10.25833333
Normal,12492,trace 9941,AmbiguityFF,1,FALSE,FALSE,0,12.54615385
Normal,12492,trace 9942,MembershipProblemFF,0,FALSE,FALSE,0.125,7.728571429
Normal,12492,trace 9943,PDA,0,FALSE,FALSE,0,5.42
Normal,12492,trace 9944,PDATransitionsFF,0,FALSE,FALSE,0,2.05
Normal,12492,trace 9945,PDAAcceptanceEquivalenceFF,0,FALSE,FALSE,0,3.05
Normal,12492,trace 9946,PDAAcceptanceFF,0,FALSE,FALSE,0,52.66969697
Normal,12492,trace 9947,PDA,1,FALSE,TRUE,0,8.457142857
Normal,12492,trace 9948,PDATransitionsFF,1,TRUE,TRUE,0.090909091,8.914285714
Normal,12492,trace 9949,PDAAcceptanceFF,1,FALSE,TRUE,0,10.38181818
Normal,12492,trace 9950,PDAEmptyStackAcceptanceFF,0,FALSE,FALSE,0,10.79583333
Normal,12492,trace 9951,PDAAcceptanceEquivalenceFF,1,FALSE,FALSE,0,1524.2625
Normal,12492,trace 9952,RegEXtoRegGrammarFF,0,FALSE,TRUE,0.037037037,9.892307692
Normal,12492,trace 9953,RegEXtoLeftRegGrammarFF,0,FALSE,TRUE,0.225806452,7.54
Normal,12492,trace 9954,ClosureConceptFF,0,FALSE,TRUE,0,4.911111111
Normal,12492,trace 9955,ClosureRegularLangFF,0,FALSE,TRUE,0.052631579,5.9
Normal,12492,trace 9956,RegularLangClosedInterFF,0,FALSE,TRUE,0,8.081481481
Normal,12492,trace 9957,RightQuotientFF,0,FALSE,TRUE,0.03125,6.651612903
Normal,12492,trace 9958,HomomorphismFF,0,FALSE,TRUE,0,6.355555556
Normal,12492,trace 9959,introToNonRegularFF,1,TRUE,TRUE,0,4.861538462
Normal,12492,trace 9960,introToPumpingFF,0,FALSE,TRUE,0,19.4
Normal,12492,trace 9961,PLExample2FF,0,FALSE,TRUE,0.035714286,4.711111111
Normal,12492,trace 9962,PLExample3FF,1,FALSE,TRUE,0,4.433333333
Credit Seeking,12492,trace 9963,PLExample5FF,1,FALSE,FALSE,0.8,2.014285714
Normal,12492,trace 9964,ChomskyNormalFormFF,0,FALSE,TRUE,0,4.630769231
Normal,12492,trace 9965,GreibachNormalFormFF,0,FALSE,TRUE,0.272727273,5.772093023
Normal,12492,trace 9966,PDACFLFF,0,FALSE,TRUE,0,1570.2
Normal,12492,trace 9967,CFLPumpingLemmaExample2FF,0,FALSE,FALSE,0,30.32105263
Normal,12492,trace 9968,CFLPumpingLemmaExample1FF,0,FALSE,FALSE,0,26.05238095
Normal,12492,trace 9969,CFLPumpingLemmaFF,0,FALSE,TRUE,0,6.423529412
Normal,12492,trace 9970,CFLPumpingLemmaExample1FF,1,FALSE,FALSE,0,322.0333333
Normal,12492,trace 9972,CFLPumpingLemmaExample3FF,0,FALSE,FALSE,0,3.011111111
Normal,12492,trace 9973,CFLPumpingLemmaExample1FF,1,FALSE,FALSE,0,6.033333333
Normal,12492,trace 9974,CFLPumpingLemmaExample5FF,0,FALSE,FALSE,0,8.652941176
Normal,12492,trace 9975,PDAAcceptanceEquivalenceFF,1,TRUE,TRUE,0,78.91162791
Normal,12492,trace 9976,TMComplicatedMachine3,0,FALSE,FALSE,0,6.033333333
Normal,12492,trace 9977,TMGeneralModel,0,FALSE,FALSE,0,4.014285714
Normal,12492,trace 9978,PairToSortCONPI,0,FALSE,FALSE,0,1.05
Normal,12492,trace 9979,LowerBound,0,FALSE,FALSE,0,146.3666667
Normal,12492,trace 9980,PairToSortCONPI,1,FALSE,FALSE,0,9.55
Credit Seeking,12492,trace 9981,LowerBound,1,TRUE,TRUE,0.352941176,176.56875
Credit Seeking,12492,trace 9982,TravelSalesman,0,FALSE,FALSE,0.333333333,10.22
Normal,12492,trace 9983,PairToSortCONPI,1,FALSE,TRUE,0,12.26666667
Normal,12492,trace 9984,LowerBound,1,TRUE,TRUE,0,7.244444444
Normal,12492,trace 9985,TwoMulExample,0,FALSE,TRUE,0,207.5857143
Normal,12492,trace 9986,TravelSalesman,1,FALSE,TRUE,0,33.37894737
Normal,12492,trace 9987,KClique,0,FALSE,TRUE,0,15.47272727
Normal,12492,trace 9988,SATProof,0,FALSE,TRUE,0,7.52
Normal,12492,trace 9990,SATProof,1,FALSE,FALSE,0,3.55
Normal,12492,trace 9991,NPCCoping,0,FALSE,TRUE,0,9.683333333
Normal,12492,trace 9992,UnsolveableProblems1,0,FALSE,TRUE,0,12.15
Normal,12492,trace 9993,UnsolveableProblems2,0,FALSE,TRUE,0,102.8857143
Normal,12492,trace 9994,TMGeneralModel,1,FALSE,TRUE,0.076923077,9.298039216
Normal,12492,trace 9995,TMInterpreting,0,FALSE,TRUE,0,10.61
Normal,12492,trace 9996,TMDecidableVSAcceptable,0,FALSE,TRUE,0,14.12
Normal,12492,trace 9997,TMComplicatedMachine3,1,FALSE,TRUE,0,8.364705882
Normal,12517,trace 9998,GrammarIntroFS,0,FALSE,FALSE,0,12.05
Normal,12517,trace 9999,LanguagesFS,0,FALSE,TRUE,0.222222222,11127.64528
Normal,12517,trace 10000,GrammarIntroFS,1,TRUE,TRUE,0.048780488,59.88
Normal,12517,trace 10002,SetDefFS,0,FALSE,TRUE,0,11.31428571
Credit Seeking,12517,trace 10003,SetNotationFS,0,FALSE,FALSE,0.371428571,16.12058824
Credit Seeking,12517,trace 10004,DFAintroFS,0,FALSE,TRUE,0.637931034,16.24912281
Normal,12517,trace 10005,NFAFS,0,FALSE,FALSE,0,27.6375
Normal,12517,trace 10006,NFAequivFS,0,FALSE,TRUE,0,0.1
Normal,12517,trace 10007,NFA2DFAlargeExFS,0,FALSE,TRUE,0.107142857,22.08148148
Credit Seeking,12517,trace 10008,DFAMinFS,0,FALSE,TRUE,0.407407407,16.50769231
Normal,12517,trace 10009,DFAMinEx1FS,0,FALSE,TRUE,0.1,89.35172414
Normal,12517,trace 10010,DFAMinEx2FS,0,FALSE,FALSE,0.095238095,11.705
Credit Seeking,12517,trace 10011,RegExFS,0,FALSE,TRUE,0.918465228,24.91394231
Normal,12517,trace 10012,RegEx2NFA1FS,0,FALSE,TRUE,0,21.2
Normal,12517,trace 10013,RegEx2NFAorFS,0,FALSE,TRUE,0,16.35555556
Normal,12517,trace 10014,RegEx2NFAcatFS,0,FALSE,TRUE,0,8.563636364
Normal,12517,trace 10015,RegEx2NFAstarFS,0,FALSE,TRUE,0,5.65
Normal,12517,trace 10016,RegEXtoNFAExampleFF,0,FALSE,TRUE,0,15.92
Normal,12517,trace 10017,ConvertRLREFF,0,FALSE,TRUE,0.1,41.32631579
Normal,12517,trace 10018,RegularGrammarFF,0,FALSE,TRUE,0.185185185,14.31538462
Normal,12517,trace 10019,NFAToREFF,0,FALSE,TRUE,0.142857143,11.66
Normal,12517,trace 10020,RightLinearRGFF,0,TRUE,TRUE,0.052631579,17.73333333
Normal,12517,trace 10021,LeftLinearGrammarFF,0,FALSE,FALSE,0,4.7
Normal,12517,trace 10022,RegEXtoRegGrammarFF,0,FALSE,TRUE,0.194444444,15.86285714
Normal,12517,trace 10023,RegEXtoLeftRegGrammarFF,0,FALSE,TRUE,0.1875,10.10322581
Normal,12517,trace 10024,STA,0,FALSE,TRUE,0.066666667,4.014285714
Normal,12517,trace 10026,DFAadvancedFS,0,FALSE,FALSE,0,13.3875
Normal,12517,trace 10027,introToNonRegularFF,0,FALSE,TRUE,0,10.8
Normal,12517,trace 10028,introToPumpingFF,0,FALSE,TRUE,0.090909091,7.72
Normal,12517,trace 10029,PLExample1FF,0,FALSE,TRUE,0.044444444,11.41363636
Normal,12517,trace 10030,PLExample2FF,0,FALSE,TRUE,0.066666667,9.179310345
Normal,12517,trace 10031,PLExample3FF,0,FALSE,TRUE,0,7.208
Normal,12517,trace 10032,PLExample4FF,0,FALSE,FALSE,0,3.02
Normal,12517,trace 10033,PLExample5FF,0,FALSE,FALSE,0,133.7705882
Normal,12517,trace 10034,PLExample6FF,0,FALSE,FALSE,0,4.273333333
Normal,12517,trace 10035,ClosurePropertiesFF,0,FALSE,TRUE,0.111111111,16.9
Normal,12517,trace 10036,ClosurePropertiesExample1FF,0,FALSE,TRUE,0,8.109090909
Normal,12517,trace 10037,ClosurePropertiesExample2FF,0,FALSE,TRUE,0,21.45714286
Normal,12517,trace 10038,ClosurePropertiesExample1FF,1,FALSE,FALSE,0,71.025
Credit Seeking,12517,trace 10039,ContextFreeLanguagesFF,0,FALSE,FALSE,0.6,4.022222222
Normal,12517,trace 10040,DerivationTreesFF,0,TRUE,TRUE,0,9.344444444
Normal,12517,trace 10042,TransformGrammarsFF,0,FALSE,FALSE,0,1.05
Normal,12517,trace 10043,RemoveUselessFF,0,FALSE,FALSE,0,3.183333333
Credit Seeking,12517,trace 10044,ContextFreeLanguagesFF,1,FALSE,FALSE,0.967032967,1.702222222
Normal,12517,trace 10045,CFGDerivationsFF,0,FALSE,TRUE,0.131147541,6.02
Normal,12517,trace 10046,DerivationTreesFF,1,TRUE,FALSE,0,3.05
Credit Seeking,12517,trace 10047,AmbiguityFF,0,FALSE,TRUE,0.641025641,4.288311688
Credit Seeking,12517,trace 10048,ContextFreeLanguagesFF,1,FALSE,TRUE,0.910652921,6.166206897
Normal,12517,trace 10049,PDATransitionsFF,0,FALSE,FALSE,0,2.05
Normal,12517,trace 10050,PDAAcceptanceFF,0,FALSE,FALSE,0,2.05
Normal,12517,trace 10052,NFAequivFS,1,TRUE,TRUE,0.2,4.05
Normal,12517,trace 10053,DFAMinFS,1,FALSE,FALSE,0,8.025
Normal,12517,trace 10054,DFAMinEx2FS,1,FALSE,FALSE,0,13.22
Normal,12517,trace 10056,ContextFreeLanguagesFF,1,FALSE,FALSE,0,39.55
Normal,12517,trace 10057,PLExample6FF,1,FALSE,FALSE,0,10.275
Credit Seeking,12517,trace 10058,RemoveUselessFF,1,FALSE,FALSE,0.571428571,5.81
Credit Seeking,12517,trace 10059,PDA,0,FALSE,TRUE,0.847058824,11.60952381
Normal,12517,trace 10060,PDATransitionsFF,1,FALSE,TRUE,0.16,32.63333333
Normal,12517,trace 10061,PDAAcceptanceFF,1,FALSE,TRUE,0.063829787,20.54782609
Normal,12517,trace 10062,PDAEmptyStackAcceptanceFF,0,FALSE,TRUE,0.027027027,9.644444444
Normal,12517,trace 10063,PDAAcceptanceEquivalenceFF,0,FALSE,TRUE,0,10.67777778
Normal,12517,trace 10064,PDACFLFF,0,FALSE,TRUE,0.022222222,644.1636364
Normal,12517,trace 10065,TransformGrammarsFF,1,FALSE,TRUE,0,16.65
Normal,12517,trace 10066,RemoveLambdaFF,0,FALSE,TRUE,0,10.84444444
Normal,12517,trace 10067,PDACFLFF,1,FALSE,FALSE,0,35.9
Normal,12517,trace 10068,PDAAcceptanceEquivalenceFF,1,TRUE,TRUE,0,416.02
Normal,12517,trace 10069,CFLClosurePropertiesFF,0,FALSE,TRUE,0,15.34074074
Normal,12517,trace 10070,CFLPumpingLemmaFF,0,FALSE,TRUE,0,16.9
Credit Seeking,12517,trace 10071,CFLPumpingLemmaExample1FF,0,FALSE,TRUE,0.631067961,5.276470588
Normal,12517,trace 10072,CFLPumpingLemmaExample2FF,0,FALSE,FALSE,0,11.52068966
Normal,12517,trace 10073,CFLPumpingLemmaExample5FF,0,FALSE,FALSE,0.052631579,9.066666667
Normal,12517,trace 10074,CFLPumpingLemmaExample4FF,0,FALSE,FALSE,0,8.073333333
Normal,12517,trace 10075,CFLPumpingLemmaExample3FF,0,FALSE,FALSE,0,3.442857143
Normal,12517,trace 10076,PLExample6FF,1,FALSE,FALSE,0,8.016666667
Normal,12517,trace 10078,NCFLProofFF,0,FALSE,FALSE,0,5.775
Normal,12517,trace 10079,TMGeneralModel,0,FALSE,TRUE,0.076923077,15.190625
Normal,12517,trace 10080,TMInterpreting,0,FALSE,TRUE,0.045454545,23.48571429
Normal,12517,trace 10081,TMDecidableVSAcceptable,0,FALSE,TRUE,0,48.24444444
Normal,12517,trace 10082,TMComplicatedMachine3,0,FALSE,TRUE,0,10.81904762
Normal,12517,trace 10083,PairToSortCONPI,0,FALSE,FALSE,0,76.82
Normal,12517,trace 10085,PairToSortCONPI,1,FALSE,TRUE,0,19.82
Normal,12517,trace 10086,LowerBound,0,TRUE,TRUE,0,23.72
Normal,12517,trace 10089,EquivFS,0,FALSE,TRUE,0,12.36666667
Credit Seeking,12517,trace 10090,MembershipProblemFF,0,FALSE,TRUE,0.658227848,7.579487179
Normal,12517,trace 10091,DPDAFF,0,FALSE,TRUE,0.095238095,17.56
Normal,12517,trace 10092,NCFLProofFF,1,FALSE,TRUE,0,4.24
Normal,12517,trace 10093,NCFLversusDCFLFF,0,FALSE,TRUE,0,3.688888889
Normal,12517,trace 10094,GrammarsForDCFLFF,0,FALSE,TRUE,0,23.32
Normal,12517,trace 10096,DFAMinEx1FS,1,FALSE,FALSE,0,108.42
Normal,12517,trace 10097,DFAMinEx2FS,1,FALSE,TRUE,0,719.2
Credit Seeking,12517,trace 10100,RemoveUnitFF,0,FALSE,TRUE,0.525641026,7.236363636
Credit Seeking,12517,trace 10101,TravelSalesman,0,FALSE,TRUE,0.65,7.918644068
Normal,12517,trace 10102,KClique,0,FALSE,TRUE,0,25.92
Normal,12517,trace 10103,SATProof,0,FALSE,TRUE,0,107.35
Normal,12517,trace 10104,NPCCoping,0,FALSE,FALSE,0,0.05
Normal,12517,trace 10106,NPCCoping,1,FALSE,FALSE,0.25,9.009090909
Credit Seeking,12740,trace 10108,SetDefFF,0,FALSE,FALSE,0.588235294,2.44375
Credit Seeking,12740,trace 10109,SetCommonSymbolsFF,0,FALSE,FALSE,0.444444444,3.417647059
Normal,12765,trace 10110,SetDefFF,0,FALSE,FALSE,0,0.1
Credit Seeking,12765,trace 10112,SetDefFF,1,FALSE,FALSE,0.533333333,4.721428571
Credit Seeking,12765,trace 10113,MajorConceptsFF,0,FALSE,FALSE,0.5,3.04
Normal,12765,trace 10114,introToNonRegularFF,0,FALSE,FALSE,0,0.1
Credit Seeking,12765,trace 10115,introToPumpingFF,0,FALSE,FALSE,0.708333333,2.747826087
Credit Seeking,12765,trace 10116,ClosurePropertiesFF,0,FALSE,FALSE,0.5,2.04
Normal,12765,trace 10117,ClosurePropertiesExample2FF,0,FALSE,TRUE,0.111111111,3.275
Normal,12765,trace 10118,MajorConceptsFF,1,FALSE,TRUE,0.093023256,14.29047619
Normal,12765,trace 10119,GrammarIntroFF,0,FALSE,TRUE,0.139534884,10.24285714
Normal,12922,trace 10120,ClosurePropertiesExample3FF,0,FALSE,TRUE,0,2.836363636
Credit Seeking,12922,trace 10121,introToNonRegularFF,0,FALSE,FALSE,0.5,1.24
Credit Seeking,12922,trace 10122,introToPumpingFF,0,FALSE,FALSE,0.368421053,2.344444444
Credit Seeking,12922,trace 10123,introToNonRegularFF,1,FALSE,FALSE,0.727272727,2.22
Normal,12922,trace 10124,introToPumpingFF,1,FALSE,TRUE,0.25,2.168421053
Credit Seeking,12926,trace 10125,RegularExpressionsFF,0,FALSE,FALSE,0.571428571,15.505
Normal,13695,trace 10126,LanguagesFS,0,FALSE,TRUE,0.024390244,12990.88
Normal,13695,trace 10127,GrammarIntroFS,0,FALSE,FALSE,0.148148148,58.81153846
Normal,13695,trace 10129,GrammarIntroFS,1,FALSE,TRUE,0.133333333,157.5142857
Normal,13695,trace 10130,RelationsFS,0,FALSE,TRUE,0.260869565,4823.554545
Normal,13695,trace 10131,DFAintroFS,0,FALSE,TRUE,0.233333333,71.14482759
Normal,13695,trace 10132,DFAadvancedFS,0,FALSE,TRUE,0,99.50625
Normal,13695,trace 10133,EquivFS,0,FALSE,TRUE,0,62215.6
Credit Seeking,13695,trace 10134,NFAFS,0,FALSE,FALSE,0.580645161,16.57333333
Normal,13695,trace 10135,NFAequivFS,0,FALSE,TRUE,0,0.1
Credit Seeking,13695,trace 10136,NFAFS,1,FALSE,FALSE,0.5,12.01111111
Normal,13695,trace 10137,SetDefFS,0,FALSE,FALSE,0,8.525
Normal,13695,trace 10139,NFAFS,1,FALSE,TRUE,0,146.84
Normal,13695,trace 10140,NFAequivFS,1,TRUE,TRUE,0,0.1
Normal,13695,trace 10141,NFA2DFAlargeExFS,0,FALSE,TRUE,0.086956522,15.69090909
Normal,13695,trace 10142,DFAMinFS,0,FALSE,TRUE,0.153846154,74.408
Normal,13695,trace 10143,DFAMinEx1FS,0,FALSE,TRUE,0.057142857,40.12352941
Normal,13695,trace 10144,DFAMinEx2FS,0,FALSE,TRUE,0.024390244,37.43
Normal,13695,trace 10145,RegExFS,0,FALSE,TRUE,0.25,39.21025641
Normal,13695,trace 10146,RegEx2NFA1FS,0,FALSE,TRUE,0,7.745454545
Normal,13695,trace 10147,RegEx2NFAorFS,0,FALSE,TRUE,0,5.025
Normal,13695,trace 10148,RegEx2NFAcatFS,0,FALSE,TRUE,0,4.553846154
Normal,13695,trace 10149,RegEx2NFAstarFS,0,FALSE,TRUE,0,6.025
Credit Seeking,13695,trace 10150,RegEXtoNFAExampleFF,0,FALSE,FALSE,0.583333333,21.78695652
Normal,13695,trace 10151,PDA,0,FALSE,TRUE,0,29.6
Normal,13695,trace 10152,PDATransitionsFF,0,TRUE,TRUE,0,19.74782609
Normal,13695,trace 10153,PDAAcceptanceFF,0,FALSE,FALSE,0,2.55
Credit Seeking,13695,trace 10154,ContextFreeLanguagesFF,0,FALSE,FALSE,0.789473684,8.727777778
Normal,15336,trace 10155,LanguagesFS,0,FALSE,TRUE,0.052631579,15.76216216
Normal,15336,trace 10156,GrammarIntroFS,0,FALSE,TRUE,0,26.22962963
Normal,15336,trace 10157,SetDefFS,0,FALSE,TRUE,0,10.03333333
Normal,15336,trace 10158,SetNotationFS,0,FALSE,TRUE,0,9.139130435
Credit Seeking,15336,trace 10159,RelationsFS,0,FALSE,TRUE,0.3,12.74736842
Normal,15336,trace 10160,EquivFS,0,FALSE,TRUE,0,15.64
Normal,15336,trace 10161,DFAintroFS,0,FALSE,TRUE,0.230769231,19.488
Normal,15336,trace 10162,DFAadvancedFS,0,FALSE,TRUE,0,19.72857143
Normal,15336,trace 10163,NFAFS,0,FALSE,TRUE,0.208333333,23.26956522
Normal,15336,trace 10164,NFAequivFS,0,FALSE,TRUE,0.2,9.05
Normal,15336,trace 10165,NFA2DFAlargeExFS,0,FALSE,FALSE,0,22.35
Normal,15336,trace 10166,DFAMinFS,0,FALSE,TRUE,0,20.42352941
Normal,15336,trace 10167,DFAMinEx1FS,0,FALSE,TRUE,0.071428571,11.56296296
Normal,15336,trace 10168,DFAMinEx2FS,0,FALSE,TRUE,0,14.39230769
Credit Seeking,15336,trace 10169,RegExFS,0,FALSE,TRUE,0.514705882,142.6149254
Normal,15336,trace 10170,RegEx2NFA1FS,0,FALSE,TRUE,0,10.91111111
Normal,15336,trace 10171,RegEx2NFAorFS,0,FALSE,TRUE,0,9.244444444
Normal,15336,trace 10172,RegEx2NFA1FS,1,TRUE,TRUE,0,5.8875
Normal,15336,trace 10173,RegEx2NFAorFS,1,TRUE,TRUE,0,12.88571429
Normal,15336,trace 10174,RegEx2NFAcatFS,0,FALSE,TRUE,0,9.466666667
Normal,15336,trace 10175,RegEx2NFAstarFS,0,FALSE,TRUE,0,6.688888889
Normal,15336,trace 10176,RegEXtoNFAExampleFF,0,FALSE,TRUE,0.19047619,7.21
Normal,15336,trace 10177,ConvertRLREFF,0,FALSE,TRUE,0,7.835294118
Normal,15336,trace 10178,RegularGrammarFF,0,FALSE,TRUE,0.130434783,8.963636364
Normal,15336,trace 10179,NFAToREFF,0,FALSE,TRUE,0,7.2
Normal,15336,trace 10180,RightLinearRGFF,0,TRUE,TRUE,0,4.305882353
Normal,15336,trace 10182,RegEXtoRegGrammarFF,0,FALSE,TRUE,0.064516129,2622.173333
Normal,15336,trace 10183,RegEXtoLeftRegGrammarFF,0,FALSE,FALSE,0.090909091,11.24285714
Normal,15336,trace 10184,STA,0,FALSE,TRUE,0,3.022222222
Normal,15336,trace 10185,ClosureConceptFF,0,FALSE,TRUE,0,4.022222222
Normal,15336,trace 10186,ClosureRegularLangFF,0,FALSE,TRUE,0.052631579,5.844444444
Normal,15336,trace 10187,RegularLangClosedInterFF,0,FALSE,FALSE,0,14.45555556
Normal,15336,trace 10188,RightQuotientFF,0,FALSE,TRUE,0,7.824242424
Normal,15336,trace 10189,HomomorphismFF,0,FALSE,TRUE,0,10.02222222
Normal,15336,trace 10190,introToNonRegularFF,0,FALSE,TRUE,0,4.746666667
Normal,15336,trace 10191,introToPumpingFF,0,FALSE,TRUE,0,5.775
Normal,15336,trace 10192,PLExample1FF,0,FALSE,TRUE,0.058823529,38.284
Normal,15336,trace 10193,PLExample2FF,0,FALSE,TRUE,0.066666667,5.248275862
Normal,15336,trace 10194,PLExample3FF,0,FALSE,TRUE,0,5.637037037
Normal,15336,trace 10195,PLExample4FF,0,FALSE,TRUE,0.037037037,14.23846154
Normal,15336,trace 10196,PLExample5FF,0,FALSE,TRUE,0,5.716666667
Normal,15336,trace 10197,PLExample6FF,0,FALSE,TRUE,0,3.888235294
Normal,15336,trace 10198,ClosurePropertiesFF,0,FALSE,TRUE,0,4.3
Normal,15336,trace 10199,ClosurePropertiesExample1FF,0,FALSE,TRUE,0,4.12
Normal,15336,trace 10200,ClosurePropertiesExample2FF,0,FALSE,TRUE,0.1,2.355555556
Normal,15336,trace 10201,ClosurePropertiesExample3FF,0,FALSE,TRUE,0,2.911111111
Normal,15336,trace 10202,ContextFreeLanguagesFF,0,FALSE,FALSE,0,2.55
Normal,15336,trace 10203,introToNonRegularFF,1,TRUE,TRUE,0,4.466666667
Credit Seeking,15336,trace 10204,ContextFreeLanguagesFF,1,FALSE,FALSE,0.5,1.22
Normal,15336,trace 10205,TMGeneralModel,0,FALSE,TRUE,0.121212121,8.387692308
Normal,15336,trace 10206,TMInterpreting,0,FALSE,TRUE,0.1,8.04137931
Normal,15336,trace 10207,TMDecidableVSAcceptable,0,FALSE,TRUE,0.125,5.146666667
Normal,15336,trace 10208,TMComplicatedMachine3,0,FALSE,TRUE,0,6.281818182
Normal,15336,trace 10209,PairToSortCONPI,0,FALSE,TRUE,0.105263158,9.233333333
Credit Seeking,15336,trace 10210,LowerBound,0,FALSE,TRUE,0.473684211,9.344444444
Normal,15336,trace 10211,TwoMulExample,0,FALSE,FALSE,0,1.05
Normal,15336,trace 10212,TravelSalesman,0,FALSE,FALSE,0,39.22
Normal,15336,trace 10213,PDACFLFF,0,FALSE,FALSE,0.272727273,1.72
Normal,15336,trace 10214,TMComplicatedMachine3,1,TRUE,TRUE,0,15.84444444
Normal,15478,trace 10215,ContextFreeLanguagesFF,0,FALSE,TRUE,0.222222222,23.00571429
Normal,15478,trace 10216,CFGDerivationsFF,0,FALSE,TRUE,0.052631579,7.735714286
Normal,15478,trace 10217,DerivationTreesFF,0,FALSE,TRUE,0,3.546666667
Normal,15478,trace 10218,MembershipProblemFF,0,FALSE,TRUE,0.193548387,7.473333333
Credit Seeking,15478,trace 10219,AmbiguityFF,0,FALSE,TRUE,0.382978723,6.547826087
Normal,15478,trace 10220,RegularGrammarFF,0,FALSE,TRUE,0,133.4555556
Normal,15478,trace 10221,NFAToREFF,0,FALSE,TRUE,0,11.72857143
Normal,15478,trace 10222,RightLinearRGFF,0,TRUE,TRUE,0,4.825
Normal,15479,trace 10223,TransformGrammarsFF,0,FALSE,TRUE,0.025,6.953846154
Credit Seeking,15479,trace 10224,RemoveUselessFF,0,FALSE,TRUE,0.325,31.29367089
Credit Seeking,15479,trace 10225,RemoveLambdaFF,0,FALSE,TRUE,0.35483871,10.30666667
Credit Seeking,15479,trace 10226,RemoveUnitFF,0,FALSE,TRUE,0.450980392,9.081188119
Normal,15479,trace 10227,ChomskyNormalFormFF,0,FALSE,TRUE,0,7.013333333
Normal,15479,trace 10228,GreibachNormalFormFF,0,FALSE,TRUE,0.162790698,4.957142857
Credit Seeking,15479,trace 10229,PDA,0,FALSE,TRUE,0.423076923,8.168
Normal,15479,trace 10230,PDATransitionsFF,0,TRUE,TRUE,0.074074074,2.392307692
Normal,15479,trace 10231,PDAAcceptanceFF,0,FALSE,TRUE,0.074626866,1032.563636
Normal,15479,trace 10232,PDAEmptyStackAcceptanceFF,0,FALSE,TRUE,0,6.561111111
Normal,15479,trace 10233,PDAAcceptanceEquivalenceFF,0,FALSE,TRUE,0,4.914285714
Credit Seeking,15479,trace 10234,PDACFLFF,0,FALSE,TRUE,0.414141414,3.512244898
Normal,15479,trace 10235,DPDAFF,0,FALSE,TRUE,0,6.844444444
Normal,15479,trace 10236,NCFLProofFF,0,FALSE,TRUE,0,4.32
Normal,15479,trace 10237,NCFLversusDCFLFF,0,FALSE,TRUE,0,2.4
Normal,15479,trace 10238,GrammarsForDCFLFF,0,FALSE,TRUE,0,5.933333333
Normal,15479,trace 10239,CFLClosurePropertiesFF,0,FALSE,TRUE,0.033333333,3.213793103
Normal,15479,trace 10240,CFLPumpingLemmaFF,0,FALSE,TRUE,0,3.844444444
Normal,15479,trace 10241,CFLPumpingLemmaExample1FF,0,FALSE,TRUE,0.048780488,4.005
Normal,15479,trace 10242,CFLPumpingLemmaExample2FF,0,FALSE,FALSE,0.028571429,6.267647059
Normal,15479,trace 10243,CFLPumpingLemmaExample3FF,0,FALSE,FALSE,0.090909091,3.31
Normal,15479,trace 10244,ContextFreeLanguagesFF,0,FALSE,TRUE,0,8.248
Normal,15479,trace 10245,CFGDerivationsFF,0,FALSE,FALSE,0.176470588,4.88125
Normal,15479,trace 10246,PDA,1,TRUE,TRUE,0.25,5.546666667
Normal,15479,trace 10247,PDATransitionsFF,1,TRUE,TRUE,0,8.736363636
Normal,15479,trace 10248,TravelSalesman,0,FALSE,TRUE,0,25.10909091
Normal,15479,trace 10249,KClique,0,FALSE,TRUE,0,11.56363636
Normal,15479,trace 10250,SATProof,0,FALSE,TRUE,0,11.42
